#
# A fatal error has been detected by the Java Runtime Environment:
#
#  EXCEPTION_IN_PAGE_ERROR (0xc0000006) at pc=0x00007ff8d5c712e4, pid=16868, tid=13092
#
# JRE version: OpenJDK Runtime Environment Temurin-21.0.11+10 (21.0.11+10) (build 21.0.11+10-LTS)
# Java VM: OpenJDK 64-Bit Server VM Temurin-21.0.11+10 (21.0.11+10-LTS, mixed mode, sharing, tiered, compressed oops, compressed class ptrs, g1 gc, windows-amd64)
# Problematic frame:
# C  [jimage.dll+0x12e4]
#
# No core dump will be written. Minidumps are not enabled by default on client versions of Windows
#
# If you would like to submit a bug report, please visit:
#   https://github.com/adoptium/adoptium-support/issues
#

---------------  S U M M A R Y ------------

Command Line: --add-opens=java.base/java.lang=ALL-UNNAMED --add-opens=java.base/java.lang.invoke=ALL-UNNAMED --add-opens=java.base/java.util=ALL-UNNAMED --add-opens=java.prefs/java.util.prefs=ALL-UNNAMED --add-exports=jdk.compiler/com.sun.tools.javac.api=ALL-UNNAMED --add-exports=jdk.compiler/com.sun.tools.javac.util=ALL-UNNAMED --add-opens=java.base/java.util=ALL-UNNAMED --add-opens=java.prefs/java.util.prefs=ALL-UNNAMED --add-opens=java.base/java.nio.charset=ALL-UNNAMED --add-opens=java.base/java.net=ALL-UNNAMED --add-opens=java.base/java.util.concurrent.atomic=ALL-UNNAMED --add-opens=java.xml/javax.xml.namespace=ALL-UNNAMED -Xmx6144m -Dfile.encoding=UTF-8 -Duser.country=IN -Duser.language=en -Duser.variant -javaagent:C:\Users\siddi\.gradle\wrapper\dists\gradle-8.12-all\ejduaidbjup3bmmkhw3rie4zb\gradle-8.12\lib\agents\gradle-instrumentation-agent-8.12.jar org.gradle.launcher.daemon.bootstrap.GradleDaemon 8.12

Host: 12th Gen Intel(R) Core(TM) i5-1235U, 12 cores, 7G,  Windows 11 , 64 bit Build 26100 (10.0.26100.6725)
Time: Thu Jul  2 21:45:07 2026 India Standard Time elapsed time: 5.483537 seconds (0d 0h 0m 5s)

---------------  T H R E A D  ---------------

Current thread (0x000001ff1378ee40):  JavaThread "Daemon worker"        [_thread_in_vm, id=13092, stack(0x000000357b400000,0x000000357b500000) (1024K)]

Stack: [0x000000357b400000,0x000000357b500000],  sp=0x000000357b4f4130,  free space=976k
Native frames: (J=compiled Java code, j=interpreted, Vv=VM code, C=native code)
C  [jimage.dll+0x12e4]
C  [jimage.dll+0x1e13]
C  [jimage.dll+0x1eaa]
C  [jimage.dll+0x25d2]
V  [jvm.dll+0x2228c3]
V  [jvm.dll+0x221776]
V  [jvm.dll+0x82e69d]
V  [jvm.dll+0x82f6cb]
V  [jvm.dll+0x82fc94]
V  [jvm.dll+0x47fd4b]
C  [java.dll+0x1a2d]

Java frames: (J=compiled Java code, j=interpreted, Vv=VM code)
J 719  java.lang.ClassLoader.findBootstrapClass(Ljava/lang/String;)Ljava/lang/Class; java.base@21.0.11 (0 bytes) @ 0x000001febaaa962a [0x000001febaaa95c0+0x000000000000006a]
J 2631 c2 java.lang.ClassLoader.loadClass(Ljava/lang/String;Z)Ljava/lang/Class; java.base@21.0.11 (121 bytes) @ 0x000001febaba7128 [0x000001febaba5de0+0x0000000000001348]
J 3449 c2 java.lang.ClassLoader.loadClass(Ljava/lang/String;)Ljava/lang/Class; java.base@21.0.11 (7 bytes) @ 0x000001febac4f7ec [0x000001febac4f7a0+0x000000000000004c]
v  ~StubRoutines::call_stub 0x000001feba4c100d
J 2545  java.lang.Class.getDeclaredMethods0(Z)[Ljava/lang/reflect/Method; java.base@21.0.11 (0 bytes) @ 0x000001febab8af93 [0x000001febab8af40+0x0000000000000053]
J 2879 c1 java.lang.Class.privateGetDeclaredMethods(Z)[Ljava/lang/reflect/Method; java.base@21.0.11 (64 bytes) @ 0x000001feb35257c4 [0x000001feb3525640+0x0000000000000184]
J 3554 c1 java.lang.Class.getDeclaredMethods()[Ljava/lang/reflect/Method; java.base@21.0.11 (27 bytes) @ 0x000001feb3678414 [0x000001feb36782e0+0x0000000000000134]
j  org.codehaus.groovy.reflection.CachedClass$3.lambda$initValue$4()[Lorg/codehaus/groovy/reflection/CachedMethod;+7
j  org.codehaus.groovy.reflection.CachedClass$3$$Lambda+0x000001fece495d58.run()Ljava/lang/Object;+4
J 2249 c1 java.security.AccessController.doPrivileged(Ljava/security/PrivilegedAction;)Ljava/lang/Object; java.base@21.0.11 (9 bytes) @ 0x000001feb33c4054 [0x000001feb33c3ee0+0x0000000000000174]
j  org.codehaus.groovy.reflection.CachedClass$3.initValue()[Lorg/codehaus/groovy/reflection/CachedMethod;+8
j  org.codehaus.groovy.reflection.CachedClass$3.initValue()Ljava/lang/Object;+1
J 3551 c1 org.codehaus.groovy.util.LazyReference.getLocked(Z)Ljava/lang/Object; (85 bytes) @ 0x000001feb3678c2c [0x000001feb3678960+0x00000000000002cc]
J 3471 c1 org.codehaus.groovy.util.LazyReference.get()Ljava/lang/Object; (44 bytes) @ 0x000001feb36539a4 [0x000001feb3653700+0x00000000000002a4]
j  org.codehaus.groovy.reflection.CachedClass.getMethods()[Lorg/codehaus/groovy/reflection/CachedMethod;+4
j  org.codehaus.groovy.runtime.m12n.SimpleExtensionModule.createMetaMethods(Ljava/lang/Class;Ljava/util/List;Z)V+6
j  org.codehaus.groovy.runtime.m12n.SimpleExtensionModule.getMetaMethods()Ljava/util/List;+44
j  org.codehaus.groovy.runtime.metaclass.MetaClassRegistryImpl$DefaultModuleListener.onModule(Lorg/codehaus/groovy/runtime/m12n/ExtensionModule;)V+113
j  org.codehaus.groovy.runtime.m12n.ExtensionModuleScanner.scanExtensionModuleFromProperties(Ljava/util/Properties;)V+23
j  org.codehaus.groovy.runtime.m12n.ExtensionModuleScanner.scanExtensionModuleFromMetaInf(Ljava/net/URL;)V+52
j  org.codehaus.groovy.runtime.m12n.ExtensionModuleScanner.scanClasspathModulesFrom(Ljava/lang/String;)V+30
j  org.codehaus.groovy.runtime.m12n.ExtensionModuleScanner.scanClasspathModules()V+3
j  org.codehaus.groovy.runtime.metaclass.MetaClassRegistryImpl.<init>(IZ)V+279
j  org.codehaus.groovy.runtime.metaclass.MetaClassRegistryImpl.<init>()V+3
j  groovy.lang.GroovySystem.<clinit>()V+8
v  ~StubRoutines::call_stub 0x000001feba4c100d
j  org.codehaus.groovy.runtime.InvokerHelper.<clinit>()V+20
v  ~StubRoutines::call_stub 0x000001feba4c100d
j  groovy.lang.GroovyObjectSupport.getDefaultMetaClass()Lgroovy/lang/MetaClass;+4
j  groovy.lang.GroovyObjectSupport.<init>()V+6
j  org.gradle.internal.extensibility.DefaultExtraPropertiesExtension.<init>()V+1
j  org.gradle.internal.extensibility.DefaultConvention.<init>(Lorg/gradle/internal/instantiation/InstanceGenerator;)V+33
j  org.gradle.internal.extensibility.ExtensibleDynamicObject.<init>(Ljava/lang/Object;Lorg/gradle/internal/metaobject/AbstractDynamicObject;Lorg/gradle/internal/instantiation/InstanceGenerator;)V+8
j  org.gradle.internal.instantiation.generator.MixInExtensibleDynamicObject.<init>(Ljava/lang/Object;Ljava/lang/Class;Lorg/gradle/internal/metaobject/DynamicObject;Lorg/gradle/internal/service/ServiceLookup;)V+13
j  org.gradle.initialization.DefaultSettings_Decorated.getAsDynamicObject()Lorg/gradle/internal/metaobject/DynamicObject;+26
j  org.gradle.initialization.SettingsFactory.createSettings(Lorg/gradle/api/internal/GradleInternal;Ljava/io/File;Lorg/gradle/groovy/scripts/ScriptSource;Lorg/gradle/api/internal/properties/GradleProperties;Lorg/gradle/StartParameter;Lorg/gradle/api/internal/initialization/ClassLoaderScope;)Lorg/gradle/initialization/SettingsState;+138
j  org.gradle.initialization.ScriptEvaluatingSettingsProcessor.process(Lorg/gradle/api/internal/GradleInternal;Lorg/gradle/initialization/SettingsLocation;Lorg/gradle/api/internal/initialization/ClassLoaderScope;Lorg/gradle/StartParameter;)Lorg/gradle/initialization/SettingsState;+47
j  org.gradle.initialization.SettingsEvaluatedCallbackFiringSettingsProcessor.process(Lorg/gradle/api/internal/GradleInternal;Lorg/gradle/initialization/SettingsLocation;Lorg/gradle/api/internal/initialization/ClassLoaderScope;Lorg/gradle/StartParameter;)Lorg/gradle/initialization/SettingsState;+9
j  org.gradle.initialization.RootBuildCacheControllerSettingsProcessor.process(Lorg/gradle/api/internal/GradleInternal;Lorg/gradle/initialization/SettingsLocation;Lorg/gradle/api/internal/initialization/ClassLoaderScope;Lorg/gradle/StartParameter;)Lorg/gradle/initialization/SettingsState;+9
j  org.gradle.initialization.BuildOperationSettingsProcessor$2.call(Lorg/gradle/internal/operations/BuildOperationContext;)Lorg/gradle/initialization/SettingsState;+23
j  org.gradle.initialization.BuildOperationSettingsProcessor$2.call(Lorg/gradle/internal/operations/BuildOperationContext;)Ljava/lang/Object;+2
j  org.gradle.internal.operations.DefaultBuildOperationRunner$CallableBuildOperationWorker.execute(Lorg/gradle/internal/operations/CallableBuildOperation;Lorg/gradle/internal/operations/BuildOperationContext;)V+3
j  org.gradle.internal.operations.DefaultBuildOperationRunner$CallableBuildOperationWorker.execute(Lorg/gradle/internal/operations/BuildOperation;Lorg/gradle/internal/operations/BuildOperationContext;)V+6
j  org.gradle.internal.operations.DefaultBuildOperationRunner$2.execute(Lorg/gradle/internal/operations/BuildOperationDescriptor;Lorg/gradle/internal/operations/BuildOperationState;Lorg/gradle/internal/operations/BuildOperationState;Lorg/gradle/internal/operations/DefaultBuildOperationRunner$ReadableBuildOperationContext;Lorg/gradle/internal/operations/DefaultBuildOperationRunner$BuildOperationExecutionListener;)Lorg/gradle/internal/operations/BuildOperation;+22
j  org.gradle.internal.operations.DefaultBuildOperationRunner$2.execute(Lorg/gradle/internal/operations/BuildOperationDescriptor;Lorg/gradle/internal/operations/BuildOperationState;Lorg/gradle/internal/operations/BuildOperationState;Lorg/gradle/internal/operations/DefaultBuildOperationRunner$ReadableBuildOperationContext;Lorg/gradle/internal/operations/DefaultBuildOperationRunner$BuildOperationExecutionListener;)Ljava/lang/Object;+8
j  org.gradle.internal.operations.DefaultBuildOperationRunner.execute(Lorg/gradle/internal/operations/BuildOperationDescriptor$Builder;Lorg/gradle/internal/operations/BuildOperationState;Lorg/gradle/internal/operations/DefaultBuildOperationRunner$BuildOperationExecution;)Ljava/lang/Object;+141
j  org.gradle.internal.operations.DefaultBuildOperationRunner.execute(Lorg/gradle/internal/operations/BuildOperation;Lorg/gradle/internal/operations/BuildOperationWorker;Lorg/gradle/internal/operations/BuildOperationState;)V+18
j  org.gradle.internal.operations.DefaultBuildOperationRunner.call(Lorg/gradle/internal/operations/CallableBuildOperation;)Ljava/lang/Object;+16
j  org.gradle.initialization.BuildOperationSettingsProcessor.process(Lorg/gradle/api/internal/GradleInternal;Lorg/gradle/initialization/SettingsLocation;Lorg/gradle/api/internal/initialization/ClassLoaderScope;Lorg/gradle/StartParameter;)Lorg/gradle/initialization/SettingsState;+17
j  org.gradle.initialization.DefaultSettingsLoader.findSettingsAndLoadIfAppropriate(Lorg/gradle/api/internal/GradleInternal;Lorg/gradle/StartParameter;Lorg/gradle/initialization/SettingsLocation;Lorg/gradle/api/internal/initialization/ClassLoaderScope;)Lorg/gradle/initialization/SettingsState;+9
j  org.gradle.initialization.DefaultSettingsLoader.findAndLoadSettings(Lorg/gradle/api/internal/GradleInternal;)Lorg/gradle/initialization/SettingsState;+103
j  org.gradle.initialization.SettingsAttachingSettingsLoader.findAndLoadSettings(Lorg/gradle/api/internal/GradleInternal;)Lorg/gradle/initialization/SettingsState;+5
j  org.gradle.internal.composite.CommandLineIncludedBuildSettingsLoader.findAndLoadSettings(Lorg/gradle/api/internal/GradleInternal;)Lorg/gradle/initialization/SettingsState;+5
j  org.gradle.internal.composite.ChildBuildRegisteringSettingsLoader.findAndLoadSettings(Lorg/gradle/api/internal/GradleInternal;)Lorg/gradle/initialization/SettingsState;+5
j  org.gradle.internal.composite.CompositeBuildSettingsLoader.findAndLoadSettings(Lorg/gradle/api/internal/GradleInternal;)Lorg/gradle/initialization/SettingsState;+5
j  org.gradle.initialization.InitScriptHandlingSettingsLoader.findAndLoadSettings(Lorg/gradle/api/internal/GradleInternal;)Lorg/gradle/initialization/SettingsState;+13
j  org.gradle.api.internal.initialization.CacheConfigurationsHandlingSettingsLoader.findAndLoadSettings(Lorg/gradle/api/internal/GradleInternal;)Lorg/gradle/initialization/SettingsState;+15
j  org.gradle.initialization.GradlePropertiesHandlingSettingsLoader.findAndLoadSettings(Lorg/gradle/api/internal/GradleInternal;)Lorg/gradle/initialization/SettingsState;+40
j  org.gradle.initialization.DefaultSettingsPreparer.prepareSettings(Lorg/gradle/api/internal/GradleInternal;)V+33
j  org.gradle.initialization.BuildOperationFiringSettingsPreparer$LoadBuild.doLoadBuild()V+11
j  org.gradle.initialization.BuildOperationFiringSettingsPreparer$LoadBuild.run(Lorg/gradle/internal/operations/BuildOperationContext;)V+1
j  org.gradle.internal.operations.DefaultBuildOperationRunner$1.execute(Lorg/gradle/internal/operations/RunnableBuildOperation;Lorg/gradle/internal/operations/BuildOperationContext;)V+2
j  org.gradle.internal.operations.DefaultBuildOperationRunner$1.execute(Lorg/gradle/internal/operations/BuildOperation;Lorg/gradle/internal/operations/BuildOperationContext;)V+6
j  org.gradle.internal.operations.DefaultBuildOperationRunner$2.execute(Lorg/gradle/internal/operations/BuildOperationDescriptor;Lorg/gradle/internal/operations/BuildOperationState;Lorg/gradle/internal/operations/BuildOperationState;Lorg/gradle/internal/operations/DefaultBuildOperationRunner$ReadableBuildOperationContext;Lorg/gradle/internal/operations/DefaultBuildOperationRunner$BuildOperationExecutionListener;)Lorg/gradle/internal/operations/BuildOperation;+22
j  org.gradle.internal.operations.DefaultBuildOperationRunner$2.execute(Lorg/gradle/internal/operations/BuildOperationDescriptor;Lorg/gradle/internal/operations/BuildOperationState;Lorg/gradle/internal/operations/BuildOperationState;Lorg/gradle/internal/operations/DefaultBuildOperationRunner$ReadableBuildOperationContext;Lorg/gradle/internal/operations/DefaultBuildOperationRunner$BuildOperationExecutionListener;)Ljava/lang/Object;+8
j  org.gradle.internal.operations.DefaultBuildOperationRunner.execute(Lorg/gradle/internal/operations/BuildOperationDescriptor$Builder;Lorg/gradle/internal/operations/BuildOperationState;Lorg/gradle/internal/operations/DefaultBuildOperationRunner$BuildOperationExecution;)Ljava/lang/Object;+141
j  org.gradle.internal.operations.DefaultBuildOperationRunner.execute(Lorg/gradle/internal/operations/BuildOperation;Lorg/gradle/internal/operations/BuildOperationWorker;Lorg/gradle/internal/operations/BuildOperationState;)V+18
j  org.gradle.internal.operations.DefaultBuildOperationRunner.run(Lorg/gradle/internal/operations/RunnableBuildOperation;)V+9
j  org.gradle.initialization.BuildOperationFiringSettingsPreparer.prepareSettings(Lorg/gradle/api/internal/GradleInternal;)V+31
j  org.gradle.initialization.VintageBuildModelController.lambda$prepareSettings$1()V+8
j  org.gradle.initialization.VintageBuildModelController$$Lambda+0x000001fece3eec10.run()V+4
j  org.gradle.internal.model.StateTransitionController.lambda$doTransition$14(Ljava/lang/Runnable;)Lorg/gradle/internal/build/ExecutionResult;+1
j  org.gradle.internal.model.StateTransitionController$$Lambda+0x000001fece3ef060.get()Ljava/lang/Object;+4
j  org.gradle.internal.model.StateTransitionController.doTransition(Lorg/gradle/internal/model/StateTransitionController$State;Lorg/gradle/internal/model/StateTransitionController$State;Ljava/util/function/Supplier;)Lorg/gradle/internal/build/ExecutionResult;+24
j  org.gradle.internal.model.StateTransitionController.doTransition(Lorg/gradle/internal/model/StateTransitionController$State;Lorg/gradle/internal/model/StateTransitionController$State;Ljava/lang/Runnable;)V+9
j  org.gradle.internal.model.StateTransitionController.lambda$transitionIfNotPreviously$11(Lorg/gradle/internal/model/StateTransitionController$State;Lorg/gradle/internal/model/StateTransitionController$State;Ljava/lang/Runnable;)V+16
j  org.gradle.internal.model.StateTransitionController$$Lambda+0x000001fece3eee38.run()V+16
j  org.gradle.internal.work.DefaultSynchronizer.withLock(Ljava/lang/Runnable;)V+6
j  org.gradle.internal.model.StateTransitionController.transitionIfNotPreviously(Lorg/gradle/internal/model/StateTransitionController$State;Lorg/gradle/internal/model/StateTransitionController$State;Ljava/lang/Runnable;)V+13
j  org.gradle.initialization.VintageBuildModelController.prepareSettings()V+16
j  org.gradle.initialization.VintageBuildModelController.getConfiguredModel()Lorg/gradle/api/internal/GradleInternal;+1
j  org.gradle.internal.build.DefaultBuildLifecycleController.lambda$withProjectsConfigured$1(Ljava/util/function/Function;)Ljava/lang/Object;+5
j  org.gradle.internal.build.DefaultBuildLifecycleController$$Lambda+0x000001fece3ee7c0.get()Ljava/lang/Object;+8
j  org.gradle.internal.model.StateTransitionController.lambda$notInState$3(Lorg/gradle/internal/model/StateTransitionController$State;Ljava/util/function/Supplier;)Ljava/lang/Object;+11
j  org.gradle.internal.model.StateTransitionController$$Lambda+0x000001fece3ee9e8.create()Ljava/lang/Object;+12
j  org.gradle.internal.work.DefaultSynchronizer.withLock(Lorg/gradle/internal/Factory;)Ljava/lang/Object;+6
j  org.gradle.internal.model.StateTransitionController.notInState(Lorg/gradle/internal/model/StateTransitionController$State;Ljava/util/function/Supplier;)Ljava/lang/Object;+12
j  org.gradle.internal.build.DefaultBuildLifecycleController.withProjectsConfigured(Ljava/util/function/Function;)Ljava/lang/Object;+14
j  org.gradle.internal.build.DefaultBuildToolingModelController.locateBuilderForTarget(Ljava/lang/String;Z)Lorg/gradle/tooling/provider/model/internal/ToolingModelScope;+38
j  org.gradle.internal.buildtree.DefaultBuildTreeModelCreator$DefaultBuildTreeModelController.lambda$locateBuilderForTarget$0(Ljava/lang/String;ZLorg/gradle/internal/build/BuildToolingModelController;)Lorg/gradle/tooling/provider/model/internal/ToolingModelScope;+3
j  org.gradle.internal.buildtree.DefaultBuildTreeModelCreator$DefaultBuildTreeModelController$$Lambda+0x000001fece3c9400.apply(Ljava/lang/Object;)Ljava/lang/Object;+12
j  org.gradle.internal.build.DefaultBuildLifecycleController.withToolingModels(Ljava/util/function/Function;)Ljava/lang/Object;+15
j  org.gradle.internal.build.AbstractBuildState.withToolingModels(Ljava/util/function/Function;)Ljava/lang/Object;+5
j  org.gradle.internal.buildtree.DefaultBuildTreeModelCreator$DefaultBuildTreeModelController.locateBuilderForTarget(Lorg/gradle/internal/build/BuildState;Ljava/lang/String;Z)Lorg/gradle/tooling/provider/model/internal/ToolingModelScope;+8
j  org.gradle.internal.buildtree.DefaultBuildTreeModelCreator$DefaultBuildTreeModelController.locateBuilderForDefaultTarget(Ljava/lang/String;Z)Lorg/gradle/tooling/provider/model/internal/ToolingModelScope;+10
j  org.gradle.tooling.internal.provider.runner.BuildModelActionRunner$ModelCreateAction.fromBuildModel(Lorg/gradle/internal/buildtree/BuildTreeModelController;)Ljava/lang/Object;+11
j  org.gradle.internal.buildtree.DefaultBuildTreeModelCreator.fromBuildModel(Lorg/gradle/internal/buildtree/BuildTreeModelAction;)Ljava/lang/Object;+10
j  org.gradle.internal.buildtree.DefaultBuildTreeLifecycleController.lambda$fromBuildModel$2(Lorg/gradle/internal/buildtree/BuildTreeModelAction;Z)Lorg/gradle/internal/build/ExecutionResult;+57
j  org.gradle.internal.buildtree.DefaultBuildTreeLifecycleController$$Lambda+0x000001fece3cb428.get()Ljava/lang/Object;+12
j  org.gradle.internal.buildtree.DefaultBuildTreeLifecycleController.lambda$runBuild$4(Ljava/util/function/Supplier;)Ljava/lang/Object;+1
j  org.gradle.internal.buildtree.DefaultBuildTreeLifecycleController$$Lambda+0x000001fece3cb650.get()Ljava/lang/Object;+8
j  org.gradle.internal.model.StateTransitionController.lambda$transition$6(Ljava/util/function/Supplier;)Lorg/gradle/internal/build/ExecutionResult;+1
j  org.gradle.internal.model.StateTransitionController$$Lambda+0x000001fece3cbaa0.get()Ljava/lang/Object;+4
j  org.gradle.internal.model.StateTransitionController.doTransition(Lorg/gradle/internal/model/StateTransitionController$State;Lorg/gradle/internal/model/StateTransitionController$State;Ljava/util/function/Supplier;)Lorg/gradle/internal/build/ExecutionResult;+24
j  org.gradle.internal.model.StateTransitionController.lambda$transition$7(Lorg/gradle/internal/model/StateTransitionController$State;Lorg/gradle/internal/model/StateTransitionController$State;Ljava/util/function/Supplier;)Ljava/lang/Object;+9
j  org.gradle.internal.model.StateTransitionController$$Lambda+0x000001fece3cb878.create()Ljava/lang/Object;+16
j  org.gradle.internal.work.DefaultSynchronizer.withLock(Lorg/gradle/internal/Factory;)Ljava/lang/Object;+6
j  org.gradle.internal.model.StateTransitionController.transition(Lorg/gradle/internal/model/StateTransitionController$State;Lorg/gradle/internal/model/StateTransitionController$State;Ljava/util/function/Supplier;)Ljava/lang/Object;+13
j  org.gradle.internal.buildtree.DefaultBuildTreeLifecycleController.runBuild(Ljava/util/function/Supplier;)Ljava/lang/Object;+17
j  org.gradle.internal.buildtree.DefaultBuildTreeLifecycleController.fromBuildModel(ZLorg/gradle/internal/buildtree/BuildTreeModelAction;)Ljava/lang/Object;+9
j  org.gradle.tooling.internal.provider.runner.BuildModelActionRunner.run(Lorg/gradle/internal/invocation/BuildAction;Lorg/gradle/internal/buildtree/BuildTreeLifecycleController;)Lorg/gradle/internal/buildtree/BuildActionRunner$Result;+40
j  org.gradle.launcher.exec.ChainingBuildActionRunner.run(Lorg/gradle/internal/invocation/BuildAction;Lorg/gradle/internal/buildtree/BuildTreeLifecycleController;)Lorg/gradle/internal/buildtree/BuildActionRunner$Result;+34
j  org.gradle.internal.buildtree.ProblemReportingBuildActionRunner.run(Lorg/gradle/internal/invocation/BuildAction;Lorg/gradle/internal/buildtree/BuildTreeLifecycleController;)Lorg/gradle/internal/buildtree/BuildActionRunner$Result;+12
j  org.gradle.launcher.exec.BuildOutcomeReportingBuildActionRunner.run(Lorg/gradle/internal/invocation/BuildAction;Lorg/gradle/internal/buildtree/BuildTreeLifecycleController;)Lorg/gradle/internal/buildtree/BuildActionRunner$Result;+69
j  org.gradle.tooling.internal.provider.FileSystemWatchingBuildActionRunner.run(Lorg/gradle/internal/invocation/BuildAction;Lorg/gradle/internal/buildtree/BuildTreeLifecycleController;)Lorg/gradle/internal/buildtree/BuildActionRunner$Result;+317
j  org.gradle.launcher.exec.BuildCompletionNotifyingBuildActionRunner.run(Lorg/gradle/internal/invocation/BuildAction;Lorg/gradle/internal/buildtree/BuildTreeLifecycleController;)Lorg/gradle/internal/buildtree/BuildActionRunner$Result;+6
j  org.gradle.launcher.exec.RootBuildLifecycleBuildActionExecutor.lambda$execute$0(Lorg/gradle/internal/invocation/BuildAction;Lorg/gradle/internal/buildtree/BuildTreeLifecycleController;)Lorg/gradle/internal/buildtree/BuildActionRunner$Result;+6
j  org.gradle.launcher.exec.RootBuildLifecycleBuildActionExecutor$$Lambda+0x000001fece3b2a08.apply(Ljava/lang/Object;)Ljava/lang/Object;+12
j  org.gradle.composite.internal.DefaultRootBuildState.run(Ljava/util/function/Function;)Ljava/lang/Object;+87
j  org.gradle.launcher.exec.RootBuildLifecycleBuildActionExecutor.execute(Lorg/gradle/internal/invocation/BuildAction;Lorg/gradle/internal/buildtree/BuildTreeContext;)Lorg/gradle/internal/buildtree/BuildActionRunner$Result;+75
j  org.gradle.internal.buildtree.InitDeprecationLoggingActionExecutor.execute(Lorg/gradle/internal/invocation/BuildAction;Lorg/gradle/internal/buildtree/BuildTreeContext;)Lorg/gradle/internal/buildtree/BuildActionRunner$Result;+83
j  org.gradle.internal.buildtree.InitProblems.execute(Lorg/gradle/internal/invocation/BuildAction;Lorg/gradle/internal/buildtree/BuildTreeContext;)Lorg/gradle/internal/buildtree/BuildActionRunner$Result;+13
j  org.gradle.internal.buildtree.DefaultBuildTreeContext.execute(Lorg/gradle/internal/invocation/BuildAction;)Lorg/gradle/internal/buildtree/BuildActionRunner$Result;+64
j  org.gradle.launcher.exec.BuildTreeLifecycleBuildActionExecutor.lambda$execute$0(Lorg/gradle/internal/invocation/BuildAction;Lorg/gradle/internal/buildtree/BuildTreeContext;)Lorg/gradle/internal/buildtree/BuildActionRunner$Result;+2
j  org.gradle.launcher.exec.BuildTreeLifecycleBuildActionExecutor$$Lambda+0x000001fece2b3a78.apply(Ljava/lang/Object;)Ljava/lang/Object;+8
j  org.gradle.internal.buildtree.BuildTreeState.run(Ljava/util/function/Function;)Ljava/lang/Object;+47
j  org.gradle.launcher.exec.BuildTreeLifecycleBuildActionExecutor.execute(Lorg/gradle/internal/invocation/BuildAction;Lorg/gradle/internal/session/BuildSessionContext;)Lorg/gradle/internal/buildtree/BuildActionRunner$Result;+74
j  org.gradle.launcher.exec.RunAsBuildOperationBuildActionExecutor$2.call(Lorg/gradle/internal/operations/BuildOperationContext;)Lorg/gradle/internal/buildtree/BuildActionRunner$Result;+25
j  org.gradle.launcher.exec.RunAsBuildOperationBuildActionExecutor$2.call(Lorg/gradle/internal/operations/BuildOperationContext;)Ljava/lang/Object;+2
j  org.gradle.internal.operations.DefaultBuildOperationRunner$CallableBuildOperationWorker.execute(Lorg/gradle/internal/operations/CallableBuildOperation;Lorg/gradle/internal/operations/BuildOperationContext;)V+3
j  org.gradle.internal.operations.DefaultBuildOperationRunner$CallableBuildOperationWorker.execute(Lorg/gradle/internal/operations/BuildOperation;Lorg/gradle/internal/operations/BuildOperationContext;)V+6
j  org.gradle.internal.operations.DefaultBuildOperationRunner$2.execute(Lorg/gradle/internal/operations/BuildOperationDescriptor;Lorg/gradle/internal/operations/BuildOperationState;Lorg/gradle/internal/operations/BuildOperationState;Lorg/gradle/internal/operations/DefaultBuildOperationRunner$ReadableBuildOperationContext;Lorg/gradle/internal/operations/DefaultBuildOperationRunner$BuildOperationExecutionListener;)Lorg/gradle/internal/operations/BuildOperation;+22
j  org.gradle.internal.operations.DefaultBuildOperationRunner$2.execute(Lorg/gradle/internal/operations/BuildOperationDescriptor;Lorg/gradle/internal/operations/BuildOperationState;Lorg/gradle/internal/operations/BuildOperationState;Lorg/gradle/internal/operations/DefaultBuildOperationRunner$ReadableBuildOperationContext;Lorg/gradle/internal/operations/DefaultBuildOperationRunner$BuildOperationExecutionListener;)Ljava/lang/Object;+8
j  org.gradle.internal.operations.DefaultBuildOperationRunner.execute(Lorg/gradle/internal/operations/BuildOperationDescriptor$Builder;Lorg/gradle/internal/operations/BuildOperationState;Lorg/gradle/internal/operations/DefaultBuildOperationRunner$BuildOperationExecution;)Ljava/lang/Object;+141
j  org.gradle.internal.operations.DefaultBuildOperationRunner.execute(Lorg/gradle/internal/operations/BuildOperation;Lorg/gradle/internal/operations/BuildOperationWorker;Lorg/gradle/internal/operations/BuildOperationState;)V+18
j  org.gradle.internal.operations.DefaultBuildOperationRunner.call(Lorg/gradle/internal/operations/CallableBuildOperation;)Ljava/lang/Object;+16
j  org.gradle.launcher.exec.RunAsBuildOperationBuildActionExecutor.execute(Lorg/gradle/internal/invocation/BuildAction;Lorg/gradle/internal/session/BuildSessionContext;)Lorg/gradle/internal/buildtree/BuildActionRunner$Result;+23
j  org.gradle.launcher.exec.RunAsWorkerThreadBuildActionExecutor.lambda$execute$0(Lorg/gradle/internal/invocation/BuildAction;Lorg/gradle/internal/session/BuildSessionContext;)Lorg/gradle/internal/buildtree/BuildActionRunner$Result;+6
j  org.gradle.launcher.exec.RunAsWorkerThreadBuildActionExecutor$$Lambda+0x000001fece287008.create()Ljava/lang/Object;+12
j  org.gradle.internal.work.DefaultWorkerLeaseService.withLocks(Ljava/util/Collection;Lorg/gradle/internal/Factory;)Ljava/lang/Object;+28
j  org.gradle.internal.work.DefaultWorkerLeaseService.runAsWorkerThread(Lorg/gradle/internal/Factory;)Ljava/lang/Object;+33
j  org.gradle.launcher.exec.RunAsWorkerThreadBuildActionExecutor.execute(Lorg/gradle/internal/invocation/BuildAction;Lorg/gradle/internal/session/BuildSessionContext;)Lorg/gradle/internal/buildtree/BuildActionRunner$Result;+12
j  org.gradle.tooling.internal.provider.continuous.ContinuousBuildActionExecutor.execute(Lorg/gradle/internal/invocation/BuildAction;Lorg/gradle/internal/session/BuildSessionContext;)Lorg/gradle/internal/buildtree/BuildActionRunner$Result;+58
j  org.gradle.tooling.internal.provider.SubscribableBuildActionExecutor.execute(Lorg/gradle/internal/invocation/BuildAction;Lorg/gradle/internal/session/BuildSessionContext;)Lorg/gradle/internal/buildtree/BuildActionRunner$Result;+30
j  org.gradle.internal.session.DefaultBuildSessionContext.execute(Lorg/gradle/internal/invocation/BuildAction;)Lorg/gradle/internal/buildtree/BuildActionRunner$Result;+64
j  org.gradle.internal.buildprocess.execution.BuildSessionLifecycleBuildActionExecutor$ActionImpl.apply(Lorg/gradle/internal/session/BuildSessionContext;)Lorg/gradle/launcher/exec/BuildActionResult;+6
j  org.gradle.internal.buildprocess.execution.BuildSessionLifecycleBuildActionExecutor$ActionImpl.apply(Ljava/lang/Object;)Ljava/lang/Object;+5
j  org.gradle.internal.session.BuildSessionState.run(Ljava/util/function/Function;)Ljava/lang/Object;+5
j  org.gradle.internal.buildprocess.execution.BuildSessionLifecycleBuildActionExecutor.execute(Lorg/gradle/internal/invocation/BuildAction;Lorg/gradle/launcher/exec/BuildActionParameters;Lorg/gradle/initialization/BuildRequestContext;)Lorg/gradle/launcher/exec/BuildActionResult;+95
j  org.gradle.internal.buildprocess.execution.BuildSessionLifecycleBuildActionExecutor.execute(Lorg/gradle/internal/invocation/BuildAction;Ljava/lang/Object;Ljava/lang/Object;)Lorg/gradle/launcher/exec/BuildActionResult;+10
j  org.gradle.internal.buildprocess.execution.StartParamsValidatingActionExecutor.execute(Lorg/gradle/internal/invocation/BuildAction;Lorg/gradle/launcher/exec/BuildActionParameters;Lorg/gradle/initialization/BuildRequestContext;)Lorg/gradle/launcher/exec/BuildActionResult;+203
j  org.gradle.internal.buildprocess.execution.StartParamsValidatingActionExecutor.execute(Lorg/gradle/internal/invocation/BuildAction;Ljava/lang/Object;Ljava/lang/Object;)Lorg/gradle/launcher/exec/BuildActionResult;+10
j  org.gradle.internal.buildprocess.execution.SessionFailureReportingActionExecutor.execute(Lorg/gradle/internal/invocation/BuildAction;Lorg/gradle/launcher/exec/BuildActionParameters;Lorg/gradle/initialization/BuildRequestContext;)Lorg/gradle/launcher/exec/BuildActionResult;+7
j  org.gradle.internal.buildprocess.execution.SessionFailureReportingActionExecutor.execute(Lorg/gradle/internal/invocation/BuildAction;Ljava/lang/Object;Ljava/lang/Object;)Lorg/gradle/launcher/exec/BuildActionResult;+10
j  org.gradle.internal.buildprocess.execution.SetupLoggingActionExecutor.execute(Lorg/gradle/internal/invocation/BuildAction;Lorg/gradle/launcher/exec/BuildActionParameters;Lorg/gradle/initialization/BuildRequestContext;)Lorg/gradle/launcher/exec/BuildActionResult;+50
j  org.gradle.internal.buildprocess.execution.SetupLoggingActionExecutor.execute(Lorg/gradle/internal/invocation/BuildAction;Ljava/lang/Object;Ljava/lang/Object;)Lorg/gradle/launcher/exec/BuildActionResult;+10
j  org.gradle.launcher.daemon.server.exec.ExecuteBuild.doBuild(Lorg/gradle/launcher/daemon/server/api/DaemonCommandExecution;Lorg/gradle/launcher/daemon/protocol/Build;)V+147
j  org.gradle.launcher.daemon.server.exec.BuildCommandOnly.execute(Lorg/gradle/launcher/daemon/server/api/DaemonCommandExecution;)V+49
j  org.gradle.launcher.daemon.server.api.DaemonCommandExecution.proceed()Z+23
j  org.gradle.launcher.daemon.server.exec.WatchForDisconnection.execute(Lorg/gradle/launcher/daemon/server/api/DaemonCommandExecution;)V+19
j  org.gradle.launcher.daemon.server.api.DaemonCommandExecution.proceed()Z+23
j  org.gradle.launcher.daemon.server.exec.ResetDeprecationLogger.execute(Lorg/gradle/launcher/daemon/server/api/DaemonCommandExecution;)V+7
j  org.gradle.launcher.daemon.server.api.DaemonCommandExecution.proceed()Z+23
j  org.gradle.launcher.daemon.server.exec.RequestStopIfSingleUsedDaemon.execute(Lorg/gradle/launcher/daemon/server/api/DaemonCommandExecution;)V+33
j  org.gradle.launcher.daemon.server.api.DaemonCommandExecution.proceed()Z+23
j  org.gradle.launcher.daemon.server.exec.ForwardClientInput.lambda$execute$0(Lorg/gradle/launcher/daemon/server/api/DaemonCommandExecution;Lorg/gradle/internal/daemon/clientinput/StdinHandler;)Ljava/lang/Object;+11
j  org.gradle.launcher.daemon.server.exec.ForwardClientInput$$Lambda+0x000001fece18edb0.apply(Ljava/lang/Object;)Ljava/lang/Object;+8
j  org.gradle.internal.daemon.clientinput.ClientInputForwarder.forwardInput(Ljava/util/function/Function;)Ljava/lang/Object;+46
j  org.gradle.launcher.daemon.server.exec.ForwardClientInput.execute(Lorg/gradle/launcher/daemon/server/api/DaemonCommandExecution;)V+10
j  org.gradle.launcher.daemon.server.api.DaemonCommandExecution.proceed()Z+23
j  org.gradle.launcher.daemon.server.exec.LogAndCheckHealth.execute(Lorg/gradle/launcher/daemon/server/api/DaemonCommandExecution;)V+51
j  org.gradle.launcher.daemon.server.api.DaemonCommandExecution.proceed()Z+23
j  org.gradle.launcher.daemon.server.exec.LogToClient.doBuild(Lorg/gradle/launcher/daemon/server/api/DaemonCommandExecution;Lorg/gradle/launcher/daemon/protocol/Build;)V+87
j  org.gradle.launcher.daemon.server.exec.BuildCommandOnly.execute(Lorg/gradle/launcher/daemon/server/api/DaemonCommandExecution;)V+49
j  org.gradle.launcher.daemon.server.api.DaemonCommandExecution.proceed()Z+23
j  org.gradle.launcher.daemon.server.exec.EstablishBuildEnvironment.doBuild(Lorg/gradle/launcher/daemon/server/api/DaemonCommandExecution;Lorg/gradle/launcher/daemon/protocol/Build;)V+356
j  org.gradle.launcher.daemon.server.exec.BuildCommandOnly.execute(Lorg/gradle/launcher/daemon/server/api/DaemonCommandExecution;)V+49
j  org.gradle.launcher.daemon.server.api.DaemonCommandExecution.proceed()Z+23
j  org.gradle.launcher.daemon.server.exec.StartBuildOrRespondWithBusy$1.run()V+44
j  org.gradle.launcher.daemon.server.DaemonStateCoordinator.lambda$runCommand$0(Ljava/lang/Runnable;)V+1
j  org.gradle.launcher.daemon.server.DaemonStateCoordinator$$Lambda+0x000001fece18b610.run()V+8
j  org.gradle.internal.concurrent.ExecutorPolicy$CatchAndRecordFailures.onExecute(Ljava/lang/Runnable;)V+1
j  org.gradle.internal.concurrent.AbstractManagedExecutor$1.run()V+25
j  java.util.concurrent.ThreadPoolExecutor.runWorker(Ljava/util/concurrent/ThreadPoolExecutor$Worker;)V+92 java.base@21.0.11
j  java.util.concurrent.ThreadPoolExecutor$Worker.run()V+5 java.base@21.0.11
j  java.lang.Thread.runWith(Ljava/lang/Object;Ljava/lang/Runnable;)V+5 java.base@21.0.11
j  java.lang.Thread.run()V+19 java.base@21.0.11
v  ~StubRoutines::call_stub 0x000001feba4c100d

siginfo: EXCEPTION_IN_PAGE_ERROR (0xc0000006), reading address 0x000001feb1050fea


Registers:
RAX=0x000069b1cdab05b7, RBX=0x000001feb1050fe8, RCX=0x000001feb1050fe8, RDX=0x000001ff124b4480
RSP=0x000000357b4f4130, RBP=0x000000357b4f4200, RSI=0x000001feb1050fe8, RDI=0x000001feb1050fe8
R8 =0x0000000000000180, R9 =0x000000357b4f4200, R10=0x000001feaff1007b, R11=0x0000000000000000
R12=0x0000000000000180, R13=0x000001ff124b4480, R14=0x000001ff124b4480, R15=0x000001ff124b4480
RIP=0x00007ff8d5c712e4, EFLAGS=0x0000000000010206

XMM[0]=0x0000000000000000 0x0000000000000000
XMM[1]=0x656572742f676e69 0x77732f786176616a
XMM[2]=0x65646f4e65657254 0x656c626174754d2f
XMM[3]=0xee830681e1ddc99f 0x59db6a41e191dddf
XMM[4]=0x000e178101b4d89f 0x34e63b4167e12cdf
XMM[5]=0x626174754d2f6565 0x72742f676e697773
XMM[6]=0x437c1d2e1fce15f9 0xe14fd9ee5ca39977
XMM[7]=0x135ef2743a5d25ab 0x06fef58d8835de12
XMM[8]=0x058f45e5ac5976bb 0x8e8662f215e2b92c
XMM[9]=0x54c8871854c88718 0x54c887189e7941fe
XMM[10]=0x0000000000000000 0x0000000049b0bae6
XMM[11]=0x5676fae05676fae0 0x5676fae0f4f03cde
XMM[12]=0x0000000000000000 0x000000009e7941fe
XMM[13]=0x0000000000000000 0x0000000000000000
XMM[14]=0x0000000000000000 0x0000000000000000
XMM[15]=0x0000000000000000 0x0000000000000000
  MXCSR=0x00001fa0


Register to memory mapping:

RAX=0x000069b1cdab05b7 is an unknown value
RBX=0x000001feb1050fe8 points into unknown readable memory: 0x000000dfcafefafa | fa fa fe ca df 00 00 00
RCX=0x000001feb1050fe8 points into unknown readable memory: 0x000000dfcafefafa | fa fa fe ca df 00 00 00
RDX=0x000001ff124b4480 points into unknown readable memory: 0x7365642e6176616a | 6a 61 76 61 2e 64 65 73
RSP=0x000000357b4f4130 is pointing into the stack for thread: 0x000001ff1378ee40
RBP=0x000000357b4f4200 is pointing into the stack for thread: 0x000001ff1378ee40
RSI=0x000001feb1050fe8 points into unknown readable memory: 0x000000dfcafefafa | fa fa fe ca df 00 00 00
RDI=0x000001feb1050fe8 points into unknown readable memory: 0x000000dfcafefafa | fa fa fe ca df 00 00 00
R8 =0x0000000000000180 is an unknown value
R9 =0x000000357b4f4200 is pointing into the stack for thread: 0x000001ff1378ee40
R10=0x000001feaff1007b points into unknown readable memory: 00 08 0b 11 4c
R11=0x0 is null
R12=0x0000000000000180 is an unknown value
R13=0x000001ff124b4480 points into unknown readable memory: 0x7365642e6176616a | 6a 61 76 61 2e 64 65 73
R14=0x000001ff124b4480 points into unknown readable memory: 0x7365642e6176616a | 6a 61 76 61 2e 64 65 73
R15=0x000001ff124b4480 points into unknown readable memory: 0x7365642e6176616a | 6a 61 76 61 2e 64 65 73

Top of Stack: (sp=0x000000357b4f4130)
0x000000357b4f4130:   000001fecc5918f0 000001fead9c0000   ..Y.............
0x000000357b4f4140:   000000357b4f4340 00007ff8f455cca4   @CO{5.....U.....
0x000000357b4f4150:   0000003500000002 0000000000000000   ....5...........
0x000000357b4f4160:   000001fecc5918f0 0000000000000020   ..Y..... .......
0x000000357b4f4170:   000000357b4f41e0 00007ff8869de8bc   .AO{5...........
0x000000357b4f4180:   0000000000000000 000069b1cdab05b7   .............i..
0x000000357b4f4190:   0000000000000180 000001ff124b4480   .........DK.....
0x000000357b4f41a0:   000001ff124b31c0 000001fead9cce30   .1K.....0.......
0x000000357b4f41b0:   00000000010776f4 00000000000000fc   .v..............
0x000000357b4f41c0:   000001feb1050fe8 00007ff8d5c71e13   ................
0x000000357b4f41d0:   0000000000000000 00007ff886e3342c   ........,4......
0x000000357b4f41e0:   0000000000000026 000001ff1378ee40   &.......@.x.....
0x000000357b4f41f0:   00007ff8d5c76000 000001ff13782f38   .`......8/x.....
0x000000357b4f4200:   000001feaff35ee9 000001ff000a3a0b   .^.......:......
0x000000357b4f4210:   000001feadabb6a0 000001ff1453b098   ..........S.....
0x000000357b4f4220:   000001fead9cce30 00007ff8d5c71eaa   0...............
0x000000357b4f4230:   000001feaff10065 000001ff124b4458   e.......XDK.....
0x000000357b4f4240:   000001ff124b4480 000001ff124bb1a8   .DK.......K.....
0x000000357b4f4250:   0000000000000000 0000000000000055   ........U.......
0x000000357b4f4260:   0000000000045b0e 0000000000045e01   .[.......^......
0x000000357b4f4270:   0000000000000001 00000000010776f4   .........v......
0x000000357b4f4280:   00000000000000fc 0000000000000180   ................
0x000000357b4f4290:   000069b1cdab06b7 000001fecca82330   .....i..0#......
0x000000357b4f42a0:   000001ff124b4480 000001ff1381f160   .DK.....`.......
0x000000357b4f42b0:   0000000000000180 00007ff8d5c725d2   .........%......
0x000000357b4f42c0:   000001feadabb6a0 000001ff1453b098   ..........S.....
0x000000357b4f42d0:   000001fecca78b78 000001ff1381f160   x.......`.......
0x000000357b4f42e0:   0000000000084e41 00007ff8868328c3   AN.......(......
0x000000357b4f42f0:   0000000000084e41 000001ff1381f160   AN......`.......
0x000000357b4f4300:   000001fead9cce30 437c1d2e1fce15f9   0.............|C
0x000000357b4f4310:   000000357b4f4370 0000000000000000   pCO{5...........
0x000000357b4f4320:   000001ff124b4480 00000000000083b0   .DK.............

Instructions: (pc=0x00007ff8d5c712e4)
0x00007ff8d5c711e4:   84 c9 48 8d 15 13 4e 00 00 48 8d 05 14 4e 00 00
0x00007ff8d5c711f4:   48 0f 44 c2 c3 cc cc cc 0f b6 01 0f b6 49 01 66
0x00007ff8d5c71204:   c1 e0 08 66 0b c1 c3 cc 0f b7 c2 88 51 01 66 c1
0x00007ff8d5c71214:   e8 08 88 01 c3 cc cc cc 48 89 5c 24 08 4c 8b 09
0x00007ff8d5c71224:   4c 8b d9 41 b8 04 00 00 00 41 0f b6 01 84 c0 79
0x00007ff8d5c71234:   4e 44 0f be c0 24 1f 41 c1 f8 05 41 83 e0 03 0f
0x00007ff8d5c71244:   b6 d0 41 83 f8 01 74 57 42 8d 0c c5 f8 ff ff ff
0x00007ff8d5c71254:   41 8b d8 d3 e2 48 83 fb 01 76 44 41 ba 01 00 00
0x00007ff8d5c71264:   00 42 8d 0c c5 f0 ff ff ff 43 0f b6 04 11 49 ff
0x00007ff8d5c71274:   c2 d3 e0 83 e9 08 0b d0 4c 3b d3 7c ec eb 20 41
0x00007ff8d5c71284:   0f b6 49 02 8b d0 41 0f b6 41 01 c1 e2 08 0b d0
0x00007ff8d5c71294:   c1 e2 08 0b d1 41 0f b6 49 03 c1 e2 08 0b d1 48
0x00007ff8d5c712a4:   8b 5c 24 08 8b c2 41 8b c8 49 03 c9 49 89 0b c3
0x00007ff8d5c712b4:   40 53 55 56 57 41 54 41 56 41 57 48 83 ec 60 48
0x00007ff8d5c712c4:   8b 05 76 4d 00 00 48 33 c4 48 89 44 24 58 49 8b
0x00007ff8d5c712d4:   e9 4d 8b e0 4c 8b fa 48 8b f1 48 8b d9 48 8b f9
0x00007ff8d5c712e4:   0f b6 47 02 44 0f b6 47 03 41 c1 e0 08 44 0b c0
0x00007ff8d5c712f4:   0f b6 47 01 41 c1 e0 08 44 0b c0 0f b6 07 41 c1
0x00007ff8d5c71304:   e0 08 44 0b c0 44 89 44 24 30 0f b6 47 0a 0f b6
0x00007ff8d5c71314:   57 0b 0f b6 4f 07 48 c1 e2 08 48 0b d0 c1 e1 08
0x00007ff8d5c71324:   0f b6 47 09 48 c1 e2 08 48 0b d0 0f b6 47 08 48
0x00007ff8d5c71334:   c1 e2 08 48 0b d0 0f b6 47 06 0b c8 48 c1 e2 20
0x00007ff8d5c71344:   0f b6 47 05 c1 e1 08 0b c1 c1 e0 08 48 98 48 0b
0x00007ff8d5c71354:   d0 0f b6 47 04 48 0b d0 48 89 54 24 38 0f b6 47
0x00007ff8d5c71364:   12 44 0f b6 4f 13 0f b6 4f 0f c1 e1 08 49 c1 e1
0x00007ff8d5c71374:   08 4c 0b c8 0f b6 47 11 49 c1 e1 08 4c 0b c8 0f
0x00007ff8d5c71384:   b6 47 10 49 c1 e1 08 4c 0b c8 0f b6 47 0e 0b c8
0x00007ff8d5c71394:   49 c1 e1 20 0f b6 47 0d c1 e1 08 0b c1 c1 e0 08
0x00007ff8d5c713a4:   48 98 4c 0b c8 0f b6 47 0c 4c 0b c8 4c 89 4c 24
0x00007ff8d5c713b4:   40 0f b6 47 16 0f b6 4f 17 c1 e1 08 0b c8 0f b6
0x00007ff8d5c713c4:   47 15 c1 e1 08 0b c8 0f b6 47 14 c1 e1 08 0b c8
0x00007ff8d5c713d4:   89 4c 24 48 0f b6 47 1a 0f b6 57 1b c1 e2 08 0b


Stack slot to memory mapping:

stack at sp + 0 slots: 0x000001fecc5918f0 points into unknown readable memory: 0x0000000000000000 | 00 00 00 00 00 00 00 00
stack at sp + 1 slots: 0x000001fead9c0000 points into unknown readable memory: 0x0000000000000000 | 00 00 00 00 00 00 00 00
stack at sp + 2 slots: 0x000000357b4f4340 is pointing into the stack for thread: 0x000001ff1378ee40
stack at sp + 3 slots: 0x00007ff8f455cca4 ntdll.dll
stack at sp + 4 slots: 0x0000003500000002 is an unknown value
stack at sp + 5 slots: 0x0 is null
stack at sp + 6 slots: 0x000001fecc5918f0 points into unknown readable memory: 0x0000000000000000 | 00 00 00 00 00 00 00 00
stack at sp + 7 slots: 0x0000000000000020 is an unknown value


Compiled method (n/a) 5530  719     n 0       java.lang.ClassLoader::findBootstrapClass (native)
 total in heap  [0x000001febaaa9410,0x000001febaaa9938] = 1320
 relocation     [0x000001febaaa9570,0x000001febaaa95a8] = 56
 main code      [0x000001febaaa95c0,0x000001febaaa9936] = 886
 stub code      [0x000001febaaa9936,0x000001febaaa9938] = 2

[Constant Pool (empty)]

[MachCode]
[Entry Point]
  # {method} {0x000001fecd4348c8} 'findBootstrapClass' '(Ljava/lang/String;)Ljava/lang/Class;' in 'java/lang/ClassLoader'
  # parm0:    rdx:rdx   = 'java/lang/String'
  #           [sp+0x70]  (sp of caller)
  0x000001febaaa95c0: 448b 5208 | 49bb 0000 | 00cd fe01 | 0000 4d03 | d349 3bc2 | 0f84 0600 

  0x000001febaaa95d8: ;   {runtime_call ic_miss_stub}
  0x000001febaaa95d8: 0000 e9a1 | 51a6 ff90 
[Verified Entry Point]
  0x000001febaaa95e0: 8984 2400 | 80ff ff55 | 488b ec48 | 83ec 6090 | 4181 7f20 | 0300 0000 

  0x000001febaaa95f8: ;   {runtime_call StubRoutines (final stubs)}
  0x000001febaaa95f8: 7405 e8e1 | cea4 ff48 | 8954 2420 | 4883 fa00 | 4c8d 4424 | 204c 0f44 

  0x000001febaaa9610: ;   {oop(a 'java/lang/Class'{0x0000000680a40cb8} = 'java/lang/ClassLoader')}
  0x000001febaaa9610: 4424 2049 | beb8 0ca4 | 8006 0000 | 004c 8974 | 2450 4c8d | 7424 5049 | 8bd6 c5f8 

  0x000001febaaa962c: ;   {internal_word}
  0x000001febaaa962c: 7749 ba2a | 96aa bafe | 0100 004d | 8997 a803 | 0000 4989 | a7a0 0300 

  0x000001febaaa9644: ;   {external_word}
  0x000001febaaa9644: 0049 bac6 | 6c2b 87f8 | 7f00 0041 | 803a 000f | 844a 0000 | 0052 4150 

  0x000001febaaa965c: ;   {metadata({method} {0x000001fecd4348c8} 'findBootstrapClass' '(Ljava/lang/String;)Ljava/lang/Class;' in 'java/lang/ClassLoader')}
  0x000001febaaa965c: 48ba c048 | 43cd fe01 | 0000 498b | cf48 83ec | 2040 f6c4 | 0f0f 8419 | 0000 0048 

  0x000001febaaa9678: ;   {runtime_call}
  0x000001febaaa9678: 83ec 0848 | b820 e5d4 | 86f8 7f00 | 00ff d048 | 83c4 08e9 | 0c00 0000 

  0x000001febaaa9690: ;   {runtime_call}
  0x000001febaaa9690: 48b8 20e5 | d486 f87f | 0000 ffd0 | 4883 c420 | 4158 5a49 | 8d8f c003 | 0000 41c7 | 874c 0400 
  0x000001febaaa96b0: 0004 0000 

  0x000001febaaa96b4: ;   {runtime_call}
  0x000001febaaa96b4: 0048 b8c0 | 19ec c7f8 | 7f00 00ff | d0c5 f877 | 41c7 874c | 0400 0005 | 0000 00f0 | 8344 24c0 
  0x000001febaaa96d4: 0049 3baf | 5004 0000 | 0f87 0e00 | 0000 4183 | bf48 0400 | 0000 0f84 | 2b00 0000 | c5f8 7748 
  0x000001febaaa96f4: 8945 f849 | 8bcf 4c8b | e448 83ec | 2048 83e4 

  0x000001febaaa9704: ;   {runtime_call}
  0x000001febaaa9704: f048 b8e0 | 53a0 86f8 | 7f00 00ff | d049 8be4 | 4d33 e448 | 8b45 f841 | c787 4c04 | 0000 0800 
  0x000001febaaa9724: 0000 4183 | bfc8 0400 | 0002 0f84 | d501 0000 

  0x000001febaaa9734: ;   {external_word}
  0x000001febaaa9734: 49ba c66c | 2b87 f87f | 0000 4180 | 3a00 0f84 | 4c00 0000 | 4889 45f8 

  0x000001febaaa974c: ;   {metadata({method} {0x000001fecd4348c8} 'findBootstrapClass' '(Ljava/lang/String;)Ljava/lang/Class;' in 'java/lang/ClassLoader')}
  0x000001febaaa974c: 48ba c048 | 43cd fe01 | 0000 498b | cf48 83ec | 2040 f6c4 | 0f0f 8419 | 0000 0048 

  0x000001febaaa9768: ;   {runtime_call}
  0x000001febaaa9768: 83ec 0848 | b820 e5d4 | 86f8 7f00 | 00ff d048 | 83c4 08e9 | 0c00 0000 

  0x000001febaaa9780: ;   {runtime_call}
  0x000001febaaa9780: 48b8 20e5 | d486 f87f | 0000 ffd0 | 4883 c420 | 488b 45f8 | 49c7 87a0 | 0300 0000 | 0000 0049 
  0x000001febaaa97a0: c787 a803 | 0000 0000 | 0000 c5f8 | 7748 85c0 | 0f84 3001 | 0000 a803 | 0f85 0800 | 0000 488b 
  0x000001febaaa97c0: 00e9 2001 | 0000 a801 | 0f85 0900 | 0000 488b | 40fe e90f | 0100 0048 | 8b40 ff41 | 807f 4000 
  0x000001febaaa97e0: 0f84 0001 | 0000 4883 | f800 0f84 | f600 0000 | 498b 4f28 | 4883 f900 | 0f84 1400 | 0000 4883 
  0x000001febaaa9800: e908 4989 | 4f28 4903 | 4f38 4889 | 01e9 d400 | 0000 4883 | ec70 4889 | 0424 4889 | 4c24 0848 
  0x000001febaaa9820: 8954 2410 | 4c89 4424 | 184c 894c | 2420 4c89 | 5424 284c | 895c 2430 | c5fb 1144 | 2440 c5fb 
  0x000001febaaa9840: 114c 2448 | c5fb 1154 | 2450 c5fb | 115c 2458 | c5fb 1164 | 2460 c5fb | 116c 2468 | 498b d748 
  0x000001febaaa9860: 8bc8 4883 | ec20 40f6 | c40f 0f84 | 1900 0000 | 4883 ec08 

  0x000001febaaa9874: ;   {runtime_call}
  0x000001febaaa9874: 48b8 60a3 | 9386 f87f | 0000 ffd0 | 4883 c408 | e90c 0000 

  0x000001febaaa9888: ;   {runtime_call}
  0x000001febaaa9888: 0048 b860 | a393 86f8 | 7f00 00ff | d048 83c4 | 20c5 fb10 | 6c24 68c5 | fb10 6424 | 60c5 fb10 
  0x000001febaaa98a8: 5c24 58c5 | fb10 5424 | 50c5 fb10 | 4c24 48c5 | fb10 4424 | 404c 8b5c | 2430 4c8b | 5424 284c 
  0x000001febaaa98c8: 8b4c 2420 | 4c8b 4424 | 1848 8b54 | 2410 488b | 4c24 0848 | 8b04 2448 | 83c4 70c5 | f877 498b 
  0x000001febaaa98e8: 8f30 0400 | 00c7 8100 | 0100 0000 | 0000 00c9 | 4983 7f08 | 000f 8501 | 0000 00c3 

  0x000001febaaa9904: ;   {runtime_call StubRoutines (initial stubs)}
  0x000001febaaa9904: e9f7 75a1 | ffc5 f877 | 4889 45f8 | 4c8b e448 | 83ec 2048 

  0x000001febaaa9918: ;   {runtime_call}
  0x000001febaaa9918: 83e4 f048 | b870 1cd5 | 86f8 7f00 | 00ff d049 | 8be4 4d33 | e448 8b45 | f8e9 fefd | ffff f4f4 
[/MachCode]


Compiled method (c2) 5533 2631   !   4       java.lang.ClassLoader::loadClass (121 bytes)
 total in heap  [0x000001febaba5310,0x000001febabb8238] = 77608
 relocation     [0x000001febaba5470,0x000001febaba5da8] = 2360
 constants      [0x000001febaba5dc0,0x000001febaba5de0] = 32
 main code      [0x000001febaba5de0,0x000001febabb0ea0] = 45248
 stub code      [0x000001febabb0ea0,0x000001febabb1188] = 744
 oops           [0x000001febabb1188,0x000001febabb11d0] = 72
 metadata       [0x000001febabb11d0,0x000001febabb1620] = 1104
 scopes data    [0x000001febabb1620,0x000001febabb63a8] = 19848
 scopes pcs     [0x000001febabb63a8,0x000001febabb75d8] = 4656
 dependencies   [0x000001febabb75d8,0x000001febabb7680] = 168
 handler table  [0x000001febabb7680,0x000001febabb8148] = 2760
 nul chk table  [0x000001febabb8148,0x000001febabb8238] = 240


[Constant Pool]
             Address          hex4                    hex8      
  0x000001febaba5dc0:   0x3f400000      0xf4f4f4f43f400000      
  0x000001febaba5dc4:   0xf4f4f4f4                              
  0x000001febaba5dc8:   0xf4f4f4f4      0xf4f4f4f4f4f4f4f4      
  0x000001febaba5dcc:   0xf4f4f4f4                              
  0x000001febaba5dd0:   0xf4f4f4f4      0xf4f4f4f4f4f4f4f4      
  0x000001febaba5dd4:   0xf4f4f4f4                              
  0x000001febaba5dd8:   0xf4f4f4f4      0xf4f4f4f4f4f4f4f4      
  0x000001febaba5ddc:   0xf4f4f4f4                              

[MachCode]
[Entry Point]
  # {method} {0x000001fecd014398} 'loadClass' '(Ljava/lang/String;Z)Ljava/lang/Class;' in 'java/lang/ClassLoader'
  # this:     rdx:rdx   = 'java/lang/ClassLoader'
  # parm0:    r8:r8     = 'java/lang/String'
  # parm1:    r9        = boolean
  #           [sp+0x160]  (sp of caller)
  0x000001febaba5de0: ;   {no_reloc}
  0x000001febaba5de0: 448b 5208 | 49bb 0000 | 00cd fe01 | 0000 4d03 | d349 3bc2 

  0x000001febaba5df4: ;   {runtime_call ic_miss_stub}
  0x000001febaba5df4: 0f85 8689 | 96ff 6690 | 0f1f 4000 
[Verified Entry Point]
  0x000001febaba5e00: 8984 2400 | 80ff ff55 | 4881 ec50 | 0100 0090 | 4181 7f20 | 0300 0000 | 0f85 77b0 | 0000 4489 
  0x000001febaba5e20: 4c24 304c | 8984 24b0 | 0000 0048 | 8954 2448 | 448b 5a28 | 4585 db0f | 84ab 5f00 | 0049 8b87 
  0x000001febaba5e40: b801 0000 | 4c8b d049 | 83c2 104d | 3b97 c801 | 0000 0f83 | 8d4c 0000 | 4d89 97b8 | 0100 0041 
  0x000001febaba5e60: 0f0d 8ac0 | 0000 0048 | c700 0100 

  0x000001febaba5e6c: ;   {metadata('java/lang/Object')}
  0x000001febaba5e6c: 0000 c740 | 0890 0e00 | 0044 8960 | 0c44 895c | 242c 488b | e844 8b5c | 242c 4b8d | 14dc 4c8b 
  0x000001febaba5e8c: 8424 b000 | 0000 4c8b | cdbf 0100 | 0000 6690 

  0x000001febaba5e9c: ;   {optimized virtual_call}
  0x000001febaba5e9c: c5f8 77e8 

  0x000001febaba5ea0: ; ImmutableOopMap {rbp=Oop [72]=Oop [176]=Oop }
                      ;*invokevirtual putVal {reexecute=0 rethrow=0 return_oop=1}
                      ; - java.util.concurrent.ConcurrentHashMap::putIfAbsent@4
                      ; - java.lang.ClassLoader::getClassLoadingLock@23
                      ; - java.lang.ClassLoader::loadClass@2
  0x000001febaba5ea0: fc59 feff 

  0x000001febaba5ea4: ;   {other}
  0x000001febaba5ea4: 0f1f 8400 | 940b 0000 | 4885 c00f | 8535 4500 | 0048 896c | 2450 488d | 9c24 3001 | 0000 4c8b 
  0x000001febaba5ec4: 5c24 5049 | 8b03 a802 | 0f85 2300 | 0000 4883 | c801 4889 | 03f0 490f | b11b 0f84 | 3700 0000 
  0x000001febaba5ee4: 482b c448 | 2507 f0ff | ff48 8903 | e924 0000 | 004c 8bd0 | 4833 c0f0 | 4d0f b17a | 3e48 c703 
  0x000001febaba5f04: 0300 0000 | 7411 4c3b | f875 1549 | ff82 8600 | 0000 4833 | c075 0949 | ff87 5005 | 0000 33c0 
  0x000001febaba5f24: 0f85 875c | 0000 4c8b | 9424 b000 | 0000 458b | 5214 478b | 4cd4 0c45 | 85c9 0f86 | 955c 0000 
  0x000001febaba5f44: 4c8b 9c24 | b000 0000 | 450f be5b | 1045 85db | 0f85 1e5e | 0000 c4c2 | 22f7 d141 | 3bd1 410f 
  0x000001febaba5f64: 4fd1 4f8d | 1cd4 4f8d | 5cd4 1085 | d20f 8ecd | 0000 0044 | 3bca 0f82 | 8c5c 0000 | 498b fbb8 
  0x000001febaba5f84: 2f00 0000 | 488b df83 | fa10 0f8c | 7900 0000 | 83fa 200f | 8c36 0000 | 00c5 f96e 

  0x000001febaba5fa0: ;   {no_reloc}
  0x000001febaba5fa0: c0c4 e27d | 78c0 c5ed | efd2 8bca | 83e1 e083 | e21f c5fe | 6f0b c5f5 | 74c8 c4e2 | 7d17 d10f 
  0x000001febaba5fc0: 8369 0000 | 0048 83c3 | 2083 e920 | 75e4 e90d | 0000 00c5 | f96e c0c5 | e9ef d2c4 | e279 00c2 
  0x000001febaba5fe0: 83fa 100f | 8c24 0000 | 008b ca83 | e1f0 83e2 | 0fc5 fa6f | 0bc5 f174 | c8c4 e279 | 17d1 0f83 
  0x000001febaba6000: 2a00 0000 | 4883 c310 | 83e9 1075 | e485 d20f | 8412 0000 | 000f b60b | 3bc1 741c | 4883 c301 
  0x000001febaba6020: 83ea 0174 | 02eb eebb | ffff ffff | eb0d c5fd | d7c9 0fbc | c148 03d8 | 482b df83 | fbff 0f85 
  0x000001febaba6040: 6c5d 0000 | 450f b61b | 4183 fb5b | 0f84 ba5d | 0000 488b | 5424 484c | 8b84 24b0 | 0000 0090 
  0x000001febaba6060: ;   {optimized virtual_call}
  0x000001febaba6060: c5f8 77e8 

  0x000001febaba6064: ; ImmutableOopMap {[72]=Oop [80]=Oop [176]=Oop }
                      ;*invokevirtual findLoadedClass0 {reexecute=0 rethrow=0 return_oop=1}
                      ; - java.lang.ClassLoader::findLoadedClass@11
                      ; - java.lang.ClassLoader::loadClass@10
  0x000001febaba6064: 783f edff 

  0x000001febaba6068: ;   {other}
  0x000001febaba6068: 0f1f 8400 | 580d 0001 | 488b d848 | 85c0 0f85 | 7932 0000 | c5f8 7749 | ba00 2bce | 86f8 7f00 
  0x000001febaba6088: 0041 ffd2 

  0x000001febaba608c: ;   {other}
  0x000001febaba608c: 0f1f 8400 | 0000 0000 | 4889 4424 | 404c 8b54 | 2448 458b | 4218 478b | 4cc4 084f 

  0x000001febaba60a8: ;   {metadata('org/gradle/internal/classloader/VisitableURLClassLoader')}
  0x000001febaba60a8: 8d14 c441 | 81f9 083a | 0001 0f84 | ad03 0000 

  0x000001febaba60b8: ;   {metadata('jdk/internal/loader/ClassLoaders$PlatformClassLoader')}
  0x000001febaba60b8: 4181 f9f8 | 8206 000f | 85d3 5d00 | 0041 8b6a | 2885 ed0f | 841f 6a00 | 0049 8b87 | b801 0000 
  0x000001febaba60d8: 4c8b d849 | 83c3 104d | 3b9f c801 | 0000 0f83 | ad4a 0000 | 4d89 9fb8 | 0100 0041 | 0f0d 8bc0 
  0x000001febaba60f8: 0000 0048 | c700 0100 

  0x000001febaba6100: ;   {metadata('java/lang/Object')}
  0x000001febaba6100: 0000 c740 | 0890 0e00 | 0044 8960 | 0c4c 8954 | 2478 4889 | 4424 2049 | 8d14 ec4c | 8b84 24b0 
  0x000001febaba6120: 0000 004c | 8bc8 bf01 | 0000 0049 | 8be8 6690 

  0x000001febaba6130: ;   {optimized virtual_call}
  0x000001febaba6130: c5f8 77e8 

  0x000001febaba6134: ; ImmutableOopMap {rbp=Oop [32]=Oop [72]=Oop [80]=Oop [120]=Oop [176]=Oop }
                      ;*invokevirtual putVal {reexecute=0 rethrow=0 return_oop=1}
                      ; - java.util.concurrent.ConcurrentHashMap::putIfAbsent@4
                      ; - java.lang.ClassLoader::getClassLoadingLock@23
                      ; - jdk.internal.loader.BuiltinClassLoader::loadClassOrNull@2
                      ; - jdk.internal.loader.BuiltinClassLoader::loadClass@3
                      ; - java.lang.ClassLoader::loadClass@38
  0x000001febaba6134: 6857 feff 

  0x000001febaba6138: ;   {other}
  0x000001febaba6138: 0f1f 8400 | 280e 0002 | 4885 c00f | 8540 4300 | 004c 8b54 | 2420 488d | 9c24 3801 | 0000 498b 
  0x000001febaba6158: 02a8 020f | 8523 0000 | 0048 83c8 | 0148 8903 | f049 0fb1 | 1a0f 8437 | 0000 0048 | 2bc4 4825 
  0x000001febaba6178: 07f0 ffff | 4889 03e9 | 2400 0000 | 4c8b d848 | 33c0 f04d | 0fb1 7b3e | 48c7 0303 | 0000 0074 
  0x000001febaba6198: 114c 3bf8 | 7515 49ff | 8386 0000 | 0048 33c0 | 7509 49ff | 8750 0500 | 0033 c00f | 851b 5d00 
  0x000001febaba61b8: 004c 8b9c | 24b0 0000 | 0045 8b43 | 1447 8b4c | c40c 4585 | c90f 8639 | 5d00 0041 | 0fbe 4b10 
  0x000001febaba61d8: 85c9 0f85 | 9866 0000 | c4c2 72f7 | d141 3bd1 | 410f 4fd1 | 4b8d 0cc4 | 4b8d 74c4 | 1085 d20f 
  0x000001febaba61f8: 8ecd 0000 | 0044 3bca | 0f82 da5d | 0000 488b | feb8 2f00 | 0000 488b | df83 fa10 | 0f8c 7900 
  0x000001febaba6218: 0000 83fa | 200f 8c36 | 0000 00c5 | f96e d0c4 | e27d 78d2 | c5fd efc0 | 8bca 83e1 

  0x000001febaba6234: ;   {no_reloc}
  0x000001febaba6234: e083 e21f | c5fe 6f0b | c5f5 74ca | c4e2 7d17 | c10f 8369 | 0000 0048 | 83c3 2083 | e920 75e4 
  0x000001febaba6254: e90d 0000 | 00c5 f96e | d0c5 f9ef | c0c4 e269 | 00d0 83fa | 100f 8c24 | 0000 008b | ca83 e1f0 
  0x000001febaba6274: 83e2 0fc5 | fa6f 0bc5 | f174 cac4 | e279 17c1 | 0f83 2a00 | 0000 4883 | c310 83e9 | 1075 e485 
  0x000001febaba6294: d20f 8412 | 0000 000f | b60b 3bc1 | 741c 4883 | c301 83ea | 0174 02eb | eebb ffff | ffff eb0d 
  0x000001febaba62b4: c5fd d7c9 | 0fbc c148 | 03d8 482b | df83 fbff | 0f85 3e66 | 0000 440f | b60e 4183 | f95b 0f84 
  0x000001febaba62d4: 5468 0000 | 4c89 5424 | 6848 8b54 | 2478 4d8b | c34c 8944 | 2420 4c89 | 4424 2848 | 8b6c 2468 
  0x000001febaba62f4: ;   {optimized virtual_call}
  0x000001febaba62f4: c5f8 77e8 

  0x000001febaba62f8: ; ImmutableOopMap {rbp=Oop [32]=Oop [40]=Oop [72]=Oop [80]=Oop [104]=Oop [120]=Oop [176]=Oop }
                      ;*invokevirtual findLoadedClass0 {reexecute=0 rethrow=0 return_oop=1}
                      ; - java.lang.ClassLoader::findLoadedClass@11
                      ; - jdk.internal.loader.BuiltinClassLoader::loadClassOrNull@10
                      ; - jdk.internal.loader.BuiltinClassLoader::loadClass@3
                      ; - java.lang.ClassLoader::loadClass@38
  0x000001febaba62f8: e43c edff 

  0x000001febaba62fc: ;   {other}
  0x000001febaba62fc: 0f1f 8400 | ec0f 0003 | 488b d848 | 85c0 0f85 | 152e 0000 | 4c8b 4c24 | 2045 8b51 | 1447 8b44 
  0x000001febaba631c: d40c 4489 | 5424 2c45 | 0fbe 5910 | 4489 4424 | 20c4 4222 | f7d0 458d | 4aff 4585 | db0f 8579 
  0x000001febaba633c: 6500 0044 | 8b5c 242c | 4b8d 2cdc | 458d 58ff | 453b d945 | 0f4f d945 | 85db 0f8c | ae42 0000 
  0x000001febaba635c: 4585 c00f | 86df 5a00 | 0045 3bd8 | 0f83 d65a | 0000 4585 | db0f 8e14 | 5c00 0045 | 8d43 ff49 
  0x000001febaba637c: b900 00cf | bffe 0100 | 0042 0fbe | 4c1d 1083 | f92e 0f84 | f233 0000 | 41ff cb45 | 3bd8 7fe9 
  0x000001febaba639c: 4183 fb02 | 0f8e 9000 | 0000 418d | 4bfe 4533 | c041 83fb | 0241 0f4c | c881 f9a0 | 0f00 0041 
  0x000001febaba63bc: b8a0 0f00 | 0041 0f47 | c841 8bd3 | 2bd1 660f | 1f44 0000 | 4d63 c342 | 0fbe 5c05 | 1083 fb2e 
  0x000001febaba63dc: 0f84 3225 | 0000 460f | be44 050f | 4183 f82e | 0f84 2725 | 0000 458d | 43fe 420f 

  0x000001febaba63f8: ;   {no_reloc}
  0x000001febaba63f8: be4c 0510 | 83f9 2e0f | 841d 2500 | 0041 8d5b | fd44 0fbe | 441d 1041 | 83f8 2e0f | 8406 2500 
  0x000001febaba6418: 0041 83c3 | fc44 3bda | 7fae 4d8b | 8758 0400 

  0x000001febaba6428: ; ImmutableOopMap {rbp=Oop [44]=NarrowOop [72]=Oop [80]=Oop [104]=Oop [120]=Oop [176]=Oop }
                      ;*goto {reexecute=1 rethrow=0 return_oop=0}
                      ; - (reexecute) java.lang.StringLatin1::lastIndexOf@35
                      ; - java.lang.String::lastIndexOf@13
                      ; - java.lang.String::lastIndexOf@8
                      ; - jdk.internal.loader.BuiltinClassLoader::findLoadedModule@3
                      ; - jdk.internal.loader.BuiltinClassLoader::loadClassOrNull@22
                      ; - jdk.internal.loader.BuiltinClassLoader::loadClass@3
                      ; - java.lang.ClassLoader::loadClass@38
                      ;   {poll}
  0x000001febaba6428: 0041 8500 | 4183 fb02 | 0f8f 70ff | ffff 4183 | fbff 7e21 | 460f be44 | 1d10 4183 | f82e 0f84 
  0x000001febaba6448: c46e 0000 | 41ff cb41 | 83fb ff7f | e749 8bc9 | e9b7 4100 | 0049 8bc9 | e9af 4100 | 0041 8b6a 
  0x000001febaba6468: 2885 ed0f | 84bb 6000 | 0049 8b87 | b801 0000 | 4c8b d849 | 83c3 104d | 3b9f c801 | 0000 0f83 
  0x000001febaba6488: b346 0000 | 4d89 9fb8 | 0100 0041 | 0f0d 8bc0 | 0000 0048 | c700 0100 

  0x000001febaba64a0: ;   {metadata('java/lang/Object')}
  0x000001febaba64a0: 0000 c740 | 0890 0e00 | 0044 8960 | 0c44 8944 | 2428 4c89 | 9424 b800 | 0000 4889 | 4424 2049 
  0x000001febaba64c0: 8d14 ec4c | 8b84 24b0 | 0000 004c | 8bc8 bf01 | 0000 0049 | 8be8 6690 

  0x000001febaba64d8: ;   {optimized virtual_call}
  0x000001febaba64d8: c5f8 77e8 

  0x000001febaba64dc: ; ImmutableOopMap {rbp=Oop [32]=Oop [40]=NarrowOop [72]=Oop [80]=Oop [176]=Oop [184]=Oop }
                      ;*invokevirtual putVal {reexecute=0 rethrow=0 return_oop=1}
                      ; - java.util.concurrent.ConcurrentHashMap::putIfAbsent@4
                      ; - java.lang.ClassLoader::getClassLoadingLock@23
                      ; - java.lang.ClassLoader::loadClass@2
                      ; - java.lang.ClassLoader::loadClass@38
  0x000001febaba64dc: c053 feff 

  0x000001febaba64e0: ;   {other}
  0x000001febaba64e0: 0f1f 8400 | d011 0005 | 4885 c00f | 8584 3f00 | 004c 8b44 | 2420 488d | 9c24 3801 | 0000 498b 
  0x000001febaba6500: 00a8 020f | 8523 0000 | 0048 83c8 | 0148 8903 | f049 0fb1 | 180f 8437 | 0000 0048 | 2bc4 4825 
  0x000001febaba6520: 07f0 ffff | 4889 03e9 | 2400 0000 | 4c8b d048 | 33c0 f04d | 0fb1 7a3e | 48c7 0303 | 0000 0074 
  0x000001febaba6540: 114c 3bf8 | 7515 49ff | 8286 0000 | 0048 33c0 | 7509 49ff | 8750 0500 | 0033 c00f | 853d 5700 
  0x000001febaba6560: 004c 8b8c | 24b0 0000 | 0045 8b51 | 1447 8b5c | d40c 4585 | db0f 865d | 5700 0041 | 0fbe 5910 
  0x000001febaba6580: 85db 0f85 | a05e 0000 | 4c89 4424 | 78c4 c262 | f7d3 413b | d341 0f4f | d34f 8d04 | d44f 8d44 
  0x000001febaba65a0: d410 85d2 | 0f8e cd00 | 0000 443b | da0f 826d | 5700 0049 | 8bf8 b82f | 0000 0048 | 8bdf 83fa 
  0x000001febaba65c0: 100f 8c79 | 0000 0083 | fa20 0f8c | 3600 0000 | c5f9 6ed0 | c4e2 7d78 | d2c5 f5ef 

  0x000001febaba65dc: ;   {no_reloc}
  0x000001febaba65dc: c98b ca83 | e1e0 83e2 | 1fc5 fe6f | 03c5 fd74 | c2c4 e27d | 17c8 0f83 | 6900 0000 | 4883 c320 
  0x000001febaba65fc: 83e9 2075 | e4e9 0d00 | 0000 c5f9 | 6ed0 c5f1 | efc9 c4e2 | 6900 d183 | fa10 0f8c | 2400 0000 
  0x000001febaba661c: 8bca 83e1 | f083 e20f | c5fa 6f03 | c5f9 74c2 | c4e2 7917 | c80f 832a | 0000 0048 | 83c3 1083 
  0x000001febaba663c: e910 75e4 | 85d2 0f84 | 1200 0000 | 0fb6 0b3b | c174 1c48 | 83c3 0183 | ea01 7402 | ebee bbff 
  0x000001febaba665c: ffff ffeb | 0dc5 fdd7 | c80f bcc1 | 4803 d848 | 2bdf 83fb | ff0f 85f1 | 5d00 0045 | 0fb6 1041 
  0x000001febaba667c: 83fa 5b0f | 84e3 5e00 | 0048 8b94 | 24b8 0000 | 004d 8bc1 | 4c89 4424 | 2048 8b6c | 2478 6690 
  0x000001febaba669c: ;   {optimized virtual_call}
  0x000001febaba669c: c5f8 77e8 

  0x000001febaba66a0: ; ImmutableOopMap {rbp=Oop [32]=Oop [40]=NarrowOop [72]=Oop [80]=Oop [120]=Oop [176]=Oop [184]=Oop }
                      ;*invokevirtual findLoadedClass0 {reexecute=0 rethrow=0 return_oop=1}
                      ; - java.lang.ClassLoader::findLoadedClass@11
                      ; - java.lang.ClassLoader::loadClass@10
                      ; - java.lang.ClassLoader::loadClass@38
  0x000001febaba66a0: 3c39 edff 

  0x000001febaba66a4: ;   {other}
  0x000001febaba66a4: 0f1f 8400 | 9413 0006 | 488b d848 | 85c0 0f85 | 1d17 0000 | c5f8 7749 | ba00 2bce | 86f8 7f00 
  0x000001febaba66c4: 0041 ffd2 

  0x000001febaba66c8: ;   {other}
  0x000001febaba66c8: 0f1f 8400 | 0000 0000 | 4889 4424 | 684c 8b94 | 24b8 0000 | 0045 8b5a | 1847 8b44 | dc08 4b8d 
  0x000001febaba66e8: ;   {metadata('org/gradle/internal/classloader/VisitableURLClassLoader')}
  0x000001febaba66e8: 14dc 4181 | f808 3a00 | 010f 84e7 

  0x000001febaba66f4: ;   {metadata('jdk/internal/loader/ClassLoaders$PlatformClassLoader')}
  0x000001febaba66f4: 0300 0041 | 81f8 f882 | 0600 0f85 | 945f 0000 | 4c8b da41 | 8b6b 2885 | ed0f 84c5 | 7100 0049 
  0x000001febaba6714: 8b87 b801 | 0000 4c8b | d049 83c2 | 104d 3b97 | c801 0000 | 0f83 9f47 | 0000 4d89 | 97b8 0100 
  0x000001febaba6734: 0041 0f0d | 8ac0 0000 | 0048 c700 | 0100 0000 

  0x000001febaba6744: ;   {metadata('java/lang/Object')}
  0x000001febaba6744: c740 0890 | 0e00 0044 | 8960 0c4c | 899c 24a0 | 0000 0048 | 8944 2420 | 498d 14ec | 4c8b 8424 
  0x000001febaba6764: b000 0000 | 4c8b c8bf | 0100 0000 | 4c8b 5424 | 784c 8954 | 2458 498b | e866 6690 

  0x000001febaba6780: ;   {optimized virtual_call}
  0x000001febaba6780: c5f8 77e8 

  0x000001febaba6784: ; ImmutableOopMap {rbp=Oop [32]=Oop [40]=NarrowOop [72]=Oop [80]=Oop [88]=Oop [120]=Oop [160]=Oop [176]=Oop [184]=Oop }
                      ;*invokevirtual putVal {reexecute=0 rethrow=0 return_oop=1}
                      ; - java.util.concurrent.ConcurrentHashMap::putIfAbsent@4
                      ; - java.lang.ClassLoader::getClassLoadingLock@23
                      ; - jdk.internal.loader.BuiltinClassLoader::loadClassOrNull@2
                      ; - jdk.internal.loader.BuiltinClassLoader::loadClass@3
                      ; - java.lang.ClassLoader::loadClass@38
                      ; - java.lang.ClassLoader::loadClass@38
  0x000001febaba6784: 1851 feff 

  0x000001febaba6788: ;   {other}
  0x000001febaba6788: 0f1f 8400 | 7814 0007 | 4885 c00f | 853b 3e00 | 004c 8b44 | 2420 488d | 9c24 4001 | 0000 498b 
  0x000001febaba67a8: 00a8 020f | 8523 0000 | 0048 83c8 | 0148 8903 | f049 0fb1 | 180f 8437 | 0000 0048 | 2bc4 4825 
  0x000001febaba67c8: 07f0 ffff | 4889 03e9 | 2400 0000 | 4c8b d048 | 33c0 f04d | 0fb1 7a3e | 48c7 0303 | 0000 0074 
  0x000001febaba67e8: 114c 3bf8 | 7515 49ff | 8286 0000 | 0048 33c0 | 7509 49ff | 8750 0500 | 0033 c00f | 85db 5e00 
  0x000001febaba6808: 004c 8b8c | 24b0 0000 | 0041 8b69 | 1445 8b5c | ec0c 4585 | db0f 86f9 | 5e00 0045 | 0fbe 5110 
  0x000001febaba6828: 4585 d20f | 8537 6e00 | 00c4 422a | f7d3 453b | d345 0f4f | d349 8d0c | ec49 8d74 | ec10 4585 
  0x000001febaba6848: d20f 8ed0 | 0000 0045 | 3bda 0f82 | d45f 0000 | 488b fe41 | 8bd2 b82f | 0000 0048 | 8bdf 83fa 
  0x000001febaba6868: 100f 8c79 | 0000 0083 | fa20 0f8c | 3600 0000 | c5f9 6ec0 | c4e2 7d78 | c0c5 edef 

  0x000001febaba6884: ;   {no_reloc}
  0x000001febaba6884: d28b ca83 | e1e0 83e2 | 1fc5 fe6f | 0bc5 f574 | c8c4 e27d | 17d1 0f83 | 6900 0000 | 4883 c320 
  0x000001febaba68a4: 83e9 2075 | e4e9 0d00 | 0000 c5f9 | 6ec0 c5e9 | efd2 c4e2 | 7900 c283 | fa10 0f8c | 2400 0000 
  0x000001febaba68c4: 8bca 83e1 | f083 e20f | c5fa 6f0b | c5f1 74c8 | c4e2 7917 | d10f 832a | 0000 0048 | 83c3 1083 
  0x000001febaba68e4: e910 75e4 | 85d2 0f84 | 1200 0000 | 0fb6 0b3b | c174 1c48 | 83c3 0183 | ea01 7402 | ebee bbff 
  0x000001febaba6904: ffff ffeb | 0dc5 fdd7 | c90f bcc1 | 4803 d848 | 2bdf 83fb | ff0f 857d | 6e00 000f | b62e 83fd 
  0x000001febaba6924: 5b0f 84f5 | 6f00 004c | 8984 24a8 | 0000 0048 | 8b94 24a0 | 0000 004d | 8bc1 4c89 | 4424 204c 
  0x000001febaba6944: 8b54 2478 | 4c89 5424 | 384c 8944 | 2458 488b | ac24 a800 | 0000 6690 

  0x000001febaba695c: ;   {optimized virtual_call}
  0x000001febaba695c: c5f8 77e8 

  0x000001febaba6960: ; ImmutableOopMap {rbp=Oop [32]=Oop [40]=NarrowOop [56]=Oop [72]=Oop [80]=Oop [88]=Oop [120]=Oop [160]=Oop [168]=Oop [176]=Oop [184]=Oop }
                      ;*invokevirtual findLoadedClass0 {reexecute=0 rethrow=0 return_oop=1}
                      ; - java.lang.ClassLoader::findLoadedClass@11
                      ; - jdk.internal.loader.BuiltinClassLoader::loadClassOrNull@10
                      ; - jdk.internal.loader.BuiltinClassLoader::loadClass@3
                      ; - java.lang.ClassLoader::loadClass@38
                      ; - java.lang.ClassLoader::loadClass@38
  0x000001febaba6960: 7c36 edff 

  0x000001febaba6964: ;   {other}
  0x000001febaba6964: 0f1f 8400 | 5416 0008 | 488b d848 | 85c0 0f85 | 753c 0000 | 4c8b 5424 | 2045 8b42 | 1447 8b5c 
  0x000001febaba6984: c40c 4489 | 5c24 2044 | 8984 248c | 0000 0045 | 0fbe 5a10 | c462 22f7 | 4c24 2045 | 8d51 ff45 
  0x000001febaba69a4: 85db 0f85 | 946d 0000 | 4b8d 2cc4 | 448b 5c24 | 2041 ffcb | 453b da45 | 0f4f da45 | 85db 0f8c 
  0x000001febaba69c4: e83c 0000 | 448b 4424 | 2045 85c0 | 0f86 425c | 0000 453b | d80f 8339 | 5c00 0045 | 85db 0f8e 
  0x000001febaba69e4: c55d 0000 | 458d 53ff | 49b8 0000 | cfbf fe01 | 0000 4c89 | 8424 d800 | 0000 460f | be44 1d10 
  0x000001febaba6a04: 4183 f82e | 0f84 523a | 0000 41ff | cb45 3bda | 7fe8 4183 | fb02 0f8e | 9600 0000 | 458d 43fe 
  0x000001febaba6a24: 4533 d241 | 83fb 0245 | 0f4c c241 | 81f8 a00f | 0000 41ba | a00f 0000 | 450f 47c2 | 418b fb41 
  0x000001febaba6a44: 2bf8 6666 | 0f1f 8400 | 0000 0000 | 4d63 d342 | 0fbe 4c15 | 1083 f92e | 0f84 b900 

  0x000001febaba6a60: ;   {no_reloc}
  0x000001febaba6a60: 0000 460f | be54 150f | 4183 fa2e | 0f84 ae00 | 0000 458d | 43fe 420f | be4c 0510 | 83f9 2e0f 
  0x000001febaba6a80: 849f 0000 | 0045 8d43 | fd46 0fbe | 5405 1041 | 83fa 2e0f | 848b 0000 | 0041 83c3 | fc44 3bdf 
  0x000001febaba6aa0: 7fae 4d8b | 8758 0400 

  0x000001febaba6aa8: ; ImmutableOopMap {rbp=Oop [40]=NarrowOop [72]=Oop [80]=Oop [120]=Oop [140]=NarrowOop [160]=Oop [168]=Oop [176]=Oop [184]=Oop }
                      ;*goto {reexecute=1 rethrow=0 return_oop=0}
                      ; - (reexecute) java.lang.StringLatin1::lastIndexOf@35
                      ; - java.lang.String::lastIndexOf@13
                      ; - java.lang.String::lastIndexOf@8
                      ; - jdk.internal.loader.BuiltinClassLoader::findLoadedModule@3
                      ; - jdk.internal.loader.BuiltinClassLoader::loadClassOrNull@22
                      ; - jdk.internal.loader.BuiltinClassLoader::loadClass@3
                      ; - java.lang.ClassLoader::loadClass@38
                      ; - java.lang.ClassLoader::loadClass@38
                      ;   {poll}
  0x000001febaba6aa8: 0041 8500 | 4183 fb02 | 0f8f 6aff | ffff 4183 | fbff 0f8e | 023c 0000 | 460f be54 | 1d10 4183 
  0x000001febaba6ac8: fa2e 0f84 | 4476 0000 | 41ff cb41 | 83fb ff7f | e7e9 e43b | 0000 4c8b | 4424 2045 | 33c9 6690 
  0x000001febaba6ae8: ;   {optimized virtual_call}
  0x000001febaba6ae8: c5f8 77e8 

  0x000001febaba6aec: ; ImmutableOopMap {rbp=Oop [32]=Oop [40]=NarrowOop [72]=Oop [80]=Oop [120]=Oop [176]=Oop [184]=Oop }
                      ;*invokevirtual loadClass {reexecute=0 rethrow=0 return_oop=1}
                      ; - java.lang.ClassLoader::loadClass@38
                      ; - java.lang.ClassLoader::loadClass@38
  0x000001febaba6aec: 10f3 ffff 

  0x000001febaba6af0: ;   {other}
  0x000001febaba6af0: 0f1f 8400 | e017 000a | 488b d848 | 85c0 0f85 | d112 0000 | 49ba 0000 | cfbf fe01 | 0000 4c89 
  0x000001febaba6b10: 9424 2001 | 0000 e9aa | 0900 0045 | 8bc3 eb04 | 458d 43ff | 4585 c00f | 8cab 6e00 | 0045 3bc1 
  0x000001febaba6b30: 0f8f 126f | 0000 453b | c10f 84f6 | 2b00 0045 | 85c0 0f84 | a541 0000 | 4489 4424 | 244d 8b9f 
  0x000001febaba6b50: b801 0000 | 4d8b d349 | 83c2 184d | 3b97 c801 | 0000 0f83 | f943 0000 | 4d89 97b8 | 0100 0041 
  0x000001febaba6b70: 0f0d 8ac0 | 0000 0049 | c703 0100 

  0x000001febaba6b7c: ;   {metadata('java/lang/String')}
  0x000001febaba6b7c: 0000 41c7 | 4308 78e8 | 0000 4589 | 630c 4d89 | 6310 448b | 9424 8c00 | 0000 4f8d | 4cd4 1044 
  0x000001febaba6b9c: 8b44 2424 | 443b 4424 | 200f 85d0 | 0000 004c | 894c 2438 | 4c89 9c24 | 8800 0000 | 4489 5424 
  0x000001febaba6bbc: 2c4c 6354 | 2420 4c89 | 5424 5844 | 8b5c 2420 | 4181 fb00 | 0010 000f | 87ef 4c00 | 004d 8b97 
  0x000001febaba6bdc: b801 0000 | 4c8b 5c24 | 5849 83c3 | 1749 83e3 | f84d 8bc2 | 4d03 c34d | 3b87 c801 | 0000 0f83 
  0x000001febaba6bfc: c84c 0000 | 4d89 87b8 | 0100 0041 | 0f0d 88c0 | 0000 0049 | c702 0100 | 0000 410f | 0d88 0001 
  0x000001febaba6c1c: ;   {metadata({type array byte})}
  0x000001febaba6c1c: 0000 41c7 | 4208 1823 | 0000 448b | 5c24 2045 | 895a 0c41 | 0f0d 8840 | 0100 0041 | 0f0d 8880 
  0x000001febaba6c3c: 0100 0049 | 8bd2 4883 | c210 498b | da4c 8b54 | 2458 4983 | c207 49c1 | ea03 488b | 4c24 384d 
  0x000001febaba6c5c: 8bc2 c5f8 | 7749 ba60 | 4b4f bafe | 0100 0041 

  0x000001febaba6c6c: ;   {other}
  0x000001febaba6c6c: ffd2 0f1f | 8400 0000 | 0000 e91e | 0100 0041 | 81f8 0000 | 1000 0f87 | 9c68 0000 | 4c89 4c24 
  0x000001febaba6c8c: 384c 899c | 2488 0000 | 0044 8944 | 242c 458b | c24c 635c | 2424 448b | 4c24 2044 | 3b4c 242c 
  0x000001febaba6cac: 8b4c 242c | 458b d144 | 0f4f d144 | 8954 2434 | 443b 4c24 | 340f 82eb | 6800 003b | 4c24 340f 
  0x000001febaba6ccc: 82e1 6800 | 0049 83c3 | 174c 895c | 2420 4d8b | d349 83e2 | f84c 8954 | 2458 81f9 | 0000 1000 
  0x000001febaba6cec: 0f87 7e4b | 0000 498b | 9fb8 0100 | 004c 8bd3 | 4c8b 5c24 | 584d 03d3 | 4d3b 97c8 | 0100 000f 
  0x000001febaba6d0c: 835f 4b00 | 004d 8997 | b801 0000 | 410f 0d8a | c000 0000 | 48c7 0301 | 0000 0041 | 0f0d 8a00 
  0x000001febaba6d2c: ;   {metadata({type array byte})}
  0x000001febaba6d2c: 0100 00c7 | 4308 1823 | 0000 894b | 0c41 0f0d | 8a40 0100 | 0041 0f0d | 8a80 0100 | 0048 8bd3 
  0x000001febaba6d4c: 4883 c210 | 4c8b 5424 | 2049 c1ea | 038b 6c24 | 3485 ed0f | 84e1 6700 | 003b 6c24 | 2c0f 8ce6 
  0x000001febaba6d6c: 3b00 004c | 8b44 2458 | 4983 c0f0 | 49c1 e803 | 488b 4c24 | 38c5 f877 | 49ba 604b | 4fba fe01 
  0x000001febaba6d8c: 0000 41ff 

  0x000001febaba6d90: ;   {other}
  0x000001febaba6d90: d20f 1f84 | 0000 0000 | 0041 807f | 4000 0f85 | 383a 0000 | 4c8b 8424 | 8800 0000 | 4d8b d04c 
  0x000001febaba6db0: 8bdb 49c1 | eb03 4589 | 5814 4c8b | db4d 33da | 49c1 eb16 | 4d85 db74 | 1a49 c1ea | 0948 b900 
  0x000001febaba6dd0: 00cf bffe | 0100 0049 | 03ca 8039 | 020f 8543 | 3a00 0045 | 8860 1041 | 8b40 0c85 | c00f 847f 
  0x000001febaba6df0: ;   {oop(a 'java/util/concurrent/ConcurrentHashMap'{0x0000000680a79788})}
  0x000001febaba6df0: 2800 0049 | ba88 97a7 | 8006 0000 | 0041 8b4a | 2885 c90f | 84ee 0300 | 0045 8b4c | cc0c 4585 
  0x000001febaba6e10: c90f 8651 | 6b00 0044 | 8bd8 41c1 | eb10 4433 | d84d 8d14 | cc41 81e3 | ffff ff7f | 41ff c945 
  0x000001febaba6e30: 23cb 4d63 | c947 8b4c | 8a10 4585 | c90f 84b4 | 0300 0043 | 8b6c cc0c | 413b eb0f | 85ef 0200 
  0x000001febaba6e50: 0043 8b6c | cc10 4c8b | d549 c1e2 | 034d 3bd0 | 0f84 2801 | 0000 458b | 54ec 0845 | 8bf1 458b 
  0x000001febaba6e70: cb4d 8bd8 | 498d 0cec | 4c3b c10f | 8419 3600 

  0x000001febaba6e80: ;   {metadata('java/lang/String')}
  0x000001febaba6e80: 0041 81fa | 78e8 0000 | 0f85 de82 | 0000 450f | be40 100f | be69 1044 | 3bc5 0f85 | 5077 0000 
  0x000001febaba6ea0: 448b 5114 | 418b 5b14 | 478b 44d4 | 0c41 8b4c | dc0c 413b | c80f 85e2 | 7200 004f | 8d04 d44b 
  0x000001febaba6ec0: 8d74 d410 | 4d8d 14dc | 498d 7cdc | 1085 c90f | 849d 0000 | 008b c183 | e01f 83e1 | e00f 844b 
  0x000001febaba6ee0: 0000 0048 | 8d3c 0f48 | 8d34 0e48 | f7d9 c5fe | 6f0c 0fc5 | fe6f 040e | c5f5 efc8 | c4e2 7d17 
  0x000001febaba6f00: c90f 8572 | 0000 0048 | 83c1 2075 | e185 c00f | 845d 0000 | 00c5 fe6f | 4c07 e0c5 | fe6f 4406 
  0x000001febaba6f20: e0c5 f5ef | c8c4 e27d | 17c9 754d | eb44 8bc8 | 83e1 fc74 | 1948 8d3c | 0f48 8d34 | 0e48 f7d9 
  0x000001febaba6f40: 8b1c 0f3b | 1c0e 7531 | 4883 c104 | 75f2 a802 | 7412 0fb7 | 1f0f b70e | 3bd9 751d | 488d 7f02 
  0x000001febaba6f60: 488d 7602 | a801 740a | 0fb6 1f0f | b60e 3bd9 | 7507 b801 | 0000 00eb | 0233 c0c5 | f5ef c9c5 
  0x000001febaba6f80: ;   {no_reloc}
  0x000001febaba6f80: fdef c085 | c00f 8416 | 7200 0045 | 8bce 438b | 6ccc 1485 | ed0f 845c | 0200 0045 | 8b5c ec08 
  0x000001febaba6fa0: ;   {metadata('jdk/internal/loader/BuiltinClassLoader$LoadedModule')}
  0x000001febaba6fa0: 4181 fb20 | dd16 000f | 8537 8100 | 004d 8d14 | ec41 8b6a | 0c4c 8bdd | 49c1 e303 | 4c8b 8424 
  0x000001febaba6fc0: a000 0000 | 4d3b d80f | 84d5 3400 | 0045 8b54 

  0x000001febaba6fd0: ;   {metadata('jdk/internal/loader/ClassLoaders$BootClassLoader')}
  0x000001febaba6fd0: ec08 4181 | fa88 4b17 | 000f 8539 | 6300 004c | 8b8c 24b0 | 0000 0041 | 8b69 1445 | 8b5c ec0c 
  0x000001febaba6ff0: 4585 db0f | 866f 6300 | 0045 0fbe | 5110 4585 | d20f 8511 | 7200 00c4 | 422a f7d3 | 453b d345 
  0x000001febaba7010: 0f4f d349 | 8d0c ec49 | 8d74 ec10 | 4585 d20f | 8ed0 0000 | 0045 3bda | 0f82 fa63 | 0000 488b 
  0x000001febaba7030: fe41 8bd2 | b82f 0000 | 0048 8bdf | 83fa 100f | 8c79 0000 | 0083 fa20 | 0f8c 3600 | 0000 c5f9 
  0x000001febaba7050: 6ec0 c4e2 | 7d78 c0c5 | edef d28b | ca83 e1e0 | 83e2 1fc5 | fe6f 0bc5 | f574 c8c4 | e27d 17d1 
  0x000001febaba7070: 0f83 6900 | 0000 4883 | c320 83e9 | 2075 e4e9 | 0d00 0000 | c5f9 6ec0 | c5e9 efd2 | c4e2 7900 
  0x000001febaba7090: c283 fa10 | 0f8c 2400 | 0000 8bca | 83e1 f083 | e20f c5fa | 6f0b c5f1 | 74c8 c4e2 | 7917 d10f 
  0x000001febaba70b0: 832a 0000 | 0048 83c3 | 1083 e910 | 75e4 85d2 | 0f84 1200 | 0000 0fb6 | 0b3b c174 | 1c48 83c3 
  0x000001febaba70d0: ;   {no_reloc}
  0x000001febaba70d0: 0183 ea01 | 7402 ebee | bbff ffff | ffeb 0dc5 | fdd7 c90f | bcc1 4803 | d848 2bdf | 83fb ff0f 
  0x000001febaba70f0: 85d7 7100 | 000f b62e | 83fd 5b0f | 8437 7200 | 0049 8bd1 | 4c89 4c24 | 584c 8b54 | 2478 4c89 
  0x000001febaba7110: 5424 604c | 894c 2470 | 488b ac24 | a800 0000 

  0x000001febaba7120: ;   {static_call}
  0x000001febaba7120: c5f8 77e8 

  0x000001febaba7124: ; ImmutableOopMap {rbp=Oop [40]=NarrowOop [72]=Oop [80]=Oop [88]=Oop [96]=Oop [112]=Oop [120]=Oop [160]=Oop [168]=Oop [176]=Oop [184]=Oop }
                      ;*invokestatic findBootstrapClass {reexecute=0 rethrow=0 return_oop=1}
                      ; - java.lang.ClassLoader::findBootstrapClassOrNull@10
                      ; - java.lang.System$2::findBootstrapClassOrNull@1
                      ; - jdk.internal.loader.ClassLoaders$BootClassLoader::loadClassOrNull@4
                      ; - jdk.internal.loader.BuiltinClassLoader::loadClassOrNull@3
                      ; - jdk.internal.loader.BuiltinClassLoader::loadClassOrNull@66
                      ; - jdk.internal.loader.BuiltinClassLoader::loadClass@3
                      ; - java.lang.ClassLoader::loadClass@38
                      ; - java.lang.ClassLoader::loadClass@38
  0x000001febaba7124: b824 f0ff 

  0x000001febaba7128: ;   {other}
  0x000001febaba7128: 0f1f 8400 | 181e 000b | 488b d84c | 8b84 24d8 | 0000 00e9 | 5402 0000 | 85ed 0f8c | 2875 0000 
  0x000001febaba7148: 4f8d 14cc | 458b 4a18 | 4585 c90f | 849e 0000 | 0049 c1e1 | 0341 8b49 | 0c49 8bbf 

  0x000001febaba7164: ; ImmutableOopMap {r8=Oop r9=Oop [40]=NarrowOop [72]=Oop [80]=Oop [120]=Oop [160]=Oop [168]=Oop [176]=Oop [184]=Oop }
                      ;*if_icmpne {reexecute=1 rethrow=0 return_oop=0}
                      ; - (reexecute) java.util.concurrent.ConcurrentHashMap::get@127
                      ; - jdk.internal.loader.BuiltinClassLoader::findLoadedModule@24
                      ; - jdk.internal.loader.BuiltinClassLoader::loadClassOrNull@22
                      ; - jdk.internal.loader.BuiltinClassLoader::loadClass@3
                      ; - java.lang.ClassLoader::loadClass@38
                      ; - java.lang.ClassLoader::loadClass@38
  0x000001febaba7164: 5804 0000 

  0x000001febaba7168: ;   {poll}
  0x000001febaba7168: 8507 413b | cb74 1345 | 8b49 1845 | 85c9 0f84 | 7b00 0000 | 49c1 e103 | ebdb 418b | 6910 4c8b 
  0x000001febaba7188: d549 c1e2 | 034d 3bd0 | 7459 85ed | 0f84 ae79 | 0000 4c89 | 4c24 3844 | 895c 242c | 4c89 4424 
  0x000001febaba71a8: 204d 8d04 | ec48 8b54 | 2420 488b | 6c24 484c | 8b94 24b0 | 0000 004c | 8954 2458 

  0x000001febaba71c4: ;   {optimized virtual_call}
  0x000001febaba71c4: c5f8 77e8 

  0x000001febaba71c8: ; ImmutableOopMap {rbp=Oop [32]=Oop [40]=NarrowOop [56]=Oop [72]=Oop [80]=Oop [88]=Oop [120]=Oop [160]=Oop [168]=Oop [176]=Oop [184]=Oop }
                      ;*invokevirtual equals {reexecute=0 rethrow=0 return_oop=0}
                      ; - java.util.concurrent.ConcurrentHashMap::get@149
                      ; - jdk.internal.loader.BuiltinClassLoader::findLoadedModule@24
                      ; - jdk.internal.loader.BuiltinClassLoader::loadClassOrNull@22
                      ; - jdk.internal.loader.BuiltinClassLoader::loadClass@3
                      ; - java.lang.ClassLoader::loadClass@38
                      ; - java.lang.ClassLoader::loadClass@38
  0x000001febaba71c8: 7457 ecff 

  0x000001febaba71cc: ;   {other}
  0x000001febaba71cc: 0f1f 8400 | bc1e 000d | 4d8b 9758 

  0x000001febaba71d8: ; ImmutableOopMap {rbp=Oop [32]=Oop [40]=NarrowOop [56]=Oop [72]=Oop [80]=Oop [88]=Oop [120]=Oop [160]=Oop [168]=Oop [176]=Oop [184]=Oop }
                      ;*ifeq {reexecute=1 rethrow=0 return_oop=0}
                      ; - (reexecute) java.util.concurrent.ConcurrentHashMap::get@152
                      ; - jdk.internal.loader.BuiltinClassLoader::findLoadedModule@24
                      ; - jdk.internal.loader.BuiltinClassLoader::loadClassOrNull@22
                      ; - jdk.internal.loader.BuiltinClassLoader::loadClass@3
                      ; - java.lang.ClassLoader::loadClass@38
                      ; - java.lang.ClassLoader::loadClass@38
                      ;   {poll}
  0x000001febaba71d8: 0400 0041 | 8502 85c0 | 0f84 9f39 | 0000 4c8b | 4c24 3841 | 8b69 1485 | ed0f 85a4 | fdff ff4c 
  0x000001febaba71f8: 8b84 24a0 | 0000 0041 | 8b68 5445 | 8b54 ec08 

  0x000001febaba7208: ;   {metadata('jdk/internal/loader/ClassLoaders$BootClassLoader')}
  0x000001febaba7208: 4181 fa88 | 4b17 000f | 850b 6d00 | 004c 8b8c | 24b0 0000 | 0041 8b69 | 1445 8b5c | ec0c 4585 
  0x000001febaba7228: db0f 8651 | 6d00 0045 | 0fbe 5110 | 4585 d20f | 85cb 7100 | 00c4 422a | f7d3 453b | d345 0f4f 
  0x000001febaba7248: d349 8d0c | ec49 8d74 | ec10 4585 | d20f 8ed0 | 0000 0045 | 3bda 0f82 | 846d 0000 | 488b fe41 
  0x000001febaba7268: 8bd2 b82f | 0000 0048 | 8bdf 83fa | 100f 8c79 | 0000 0083 | fa20 0f8c | 3600 0000 | c5f9 6ec0 
  0x000001febaba7288: c4e2 7d78 | c0c5 edef | d28b ca83 | e1e0 83e2 | 1fc5 fe6f | 0bc5 f574 | c8c4 e27d | 17d1 0f83 
  0x000001febaba72a8: 6900 0000 | 4883 c320 | 83e9 2075 | e4e9 0d00 | 0000 c5f9 | 6ec0 c5e9 | efd2 c4e2 | 7900 c283 
  0x000001febaba72c8: fa10 0f8c | 2400 0000 | 8bca 83e1 | f083 e20f | c5fa 6f0b | c5f1 74c8 | c4e2 7917 | d10f 832a 
  0x000001febaba72e8: 0000 0048 | 83c3 1083 | e910 75e4 | 85d2 0f84 | 1200 0000 | 0fb6 0b3b | c174 1c48 

  0x000001febaba7304: ;   {no_reloc}
  0x000001febaba7304: 83c3 0183 | ea01 7402 | ebee bbff | ffff ffeb | 0dc5 fdd7 | c90f bcc1 | 4803 d848 | 2bdf 83fb 
  0x000001febaba7324: ff0f 859d | 7100 000f | b62e 83fd | 5b0f 84f9 | 7100 0048 | ffb4 24a0 | 0000 0048 | 8f84 2480 
  0x000001febaba7344: 0000 0049 | 8bd1 488b | 6c24 484c | 894c 2470 | 4c89 8c24 | 9000 0000 

  0x000001febaba735c: ;   {static_call}
  0x000001febaba735c: c5f8 77e8 

  0x000001febaba7360: ; ImmutableOopMap {rbp=Oop [40]=NarrowOop [72]=Oop [80]=Oop [112]=Oop [120]=Oop [128]=Oop [144]=Oop [168]=Oop [176]=Oop [184]=Oop }
                      ;*invokestatic findBootstrapClass {reexecute=0 rethrow=0 return_oop=1}
                      ; - java.lang.ClassLoader::findBootstrapClassOrNull@10
                      ; - java.lang.System$2::findBootstrapClassOrNull@1
                      ; - jdk.internal.loader.ClassLoaders$BootClassLoader::loadClassOrNull@4
                      ; - jdk.internal.loader.BuiltinClassLoader::loadClassOrNull@3
                      ; - jdk.internal.loader.BuiltinClassLoader::loadClassOrNull@86
                      ; - jdk.internal.loader.BuiltinClassLoader::loadClass@3
                      ; - java.lang.ClassLoader::loadClass@38
                      ; - java.lang.ClassLoader::loadClass@38
  0x000001febaba7360: 7c22 f0ff 

  0x000001febaba7364: ;   {other}
  0x000001febaba7364: 0f1f 8400 | 5420 000f | 4885 c00f | 85db 7000 | 004c 8b9c | 2480 0000 | 0045 8b53 | 5845 85d2 
  0x000001febaba7384: 0f85 0672 | 0000 33db | 4c8b 8424 | d800 0000 | 4c8b 9c24 | a800 0000 | 488d 8424 | 4001 0000 
  0x000001febaba73a4: 4883 3800 | 0f84 7900 | 0000 4d8b | 1341 f6c2 | 020f 8462 | 0000 0049 | 83ba 8600 | 0000 0074 
  0x000001febaba73c4: 0949 ff8a | 8600 0000 | eb4b 498b | 8296 0000 | 0049 0b82 | 8e00 0000 | 750a 49c7 | 423e 0000 
  0x000001febaba73e4: 0000 eb3d | 4983 ba9e | 0000 0000 | 7422 4833 | c049 c742 | 3e00 0000 | 00f0 8304 | 2400 4983 
  0x000001febaba7404: ba9e 0000 | 0000 750d | f04d 0fb1 | 7a3e 7505 | 83c8 01eb | 0ca8 00eb | 084c 8b10 | f04d 0fb1 
  0x000001febaba7424: 1375 0a49 | ff8f 5005 | 0000 4533 | d20f 8545 | 5300 0048 | 85db 0f85 | 9509 0000 | 498b 87b8 
  0x000001febaba7444: 0100 004c | 8bd0 4983 | c228 4d3b | 97c8 0100 | 000f 83ca | 3a00 004d | 8997 b801 

  0x000001febaba7460: ;   {no_reloc}
  0x000001febaba7460: 0000 410f | 0d8a c000 | 0000 48c7 | 0001 0000 

  0x000001febaba7470: ;   {metadata('java/lang/ClassNotFoundException')}
  0x000001febaba7470: 00c7 4008 | 8893 0600 | 4489 600c | 4c89 6010 | 4c89 6018 | 4c89 6020 | 4c89 4424 | 2048 8bd0 
  0x000001febaba7490: 4c8b 8424 | b000 0000 | 4c89 4424 | 5848 8b6c | 2478 4889 | 5424 6090 

  0x000001febaba74a8: ;   {optimized virtual_call}
  0x000001febaba74a8: c5f8 77e8 

  0x000001febaba74ac: ; ImmutableOopMap {rbp=Oop [40]=NarrowOop [72]=Oop [80]=Oop [88]=Oop [96]=Oop [120]=Oop [176]=Oop [184]=Oop }
                      ;*invokespecial <init> {reexecute=0 rethrow=0 return_oop=0}
                      ; - jdk.internal.loader.BuiltinClassLoader::loadClass@16
                      ; - java.lang.ClassLoader::loadClass@38
                      ; - java.lang.ClassLoader::loadClass@38
  0x000001febaba74ac: 5035 0600 

  0x000001febaba74b0: ;   {other}
  0x000001febaba74b0: 0f1f 8400 | a021 0010 | 488b 4c24 | 2048 898c | 2420 0100 | 00c5 f877 | 49ba 002b | ce86 f87f 
  0x000001febaba74d0: 0000 41ff 

  0x000001febaba74d4: ;   {other}
  0x000001febaba74d4: d20f 1f84 | 0000 0000 | 0048 8944 | 2470 4c8b | 9424 b800 | 0000 458b | 5258 4585 | d20f 84e7 
  0x000001febaba74f4: 3000 004b | 8d2c d448 | 8bd5 4c8b | 5424 784c | 8954 2438 | 4c8b 9424 | b000 0000 | 4c89 5424 
  0x000001febaba7514: 584c 8954 | 2460 6690 

  0x000001febaba751c: ;   {static_call}
  0x000001febaba751c: c5f8 77e8 

  0x000001febaba7520: ; ImmutableOopMap {rbp=Oop [40]=NarrowOop [56]=Oop [72]=Oop [80]=Oop [88]=Oop [96]=Oop [120]=Oop [176]=Oop [184]=Oop }
                      ;*invokestatic ensureMaterializedForStackWalk {reexecute=0 rethrow=0 return_oop=0}
                      ; - java.security.AccessController::executePrivileged@5
                      ; - java.security.AccessController::doPrivileged@13
                      ; - java.net.URLClassLoader::findClass@13
                      ; - java.lang.ClassLoader::loadClass@69
                      ; - java.lang.ClassLoader::loadClass@38
  0x000001febaba7520: bcd5 efff 

  0x000001febaba7524: ;   {other}
  0x000001febaba7524: 0f1f 8400 | 1422 0011 | 4c8b dd4c | 8b8c 24b0 | 0000 0045 | 0fbe 4110 | 4585 c00f | 8543 5500 
  0x000001febaba7544: 0045 8b41 | 1447 8b54 | c40c 4585 | d20f 86a3 | 0c00 0041 | 8d5a ff41 | 3bda 0f83 | 5c4b 0000 
  0x000001febaba7564: 895c 2420 | 4489 5424 | 3444 8984 | 24c0 0000 | 004c 899c | 2480 0000 | 0041 83c2 | fd44 8954 
  0x000001febaba7584: 2424 4f8d | 14c4 4c89 | 5424 3843 | 807c c410 | 2e0f 84f8 | 2e00 0044 | 8b5c 2424 | 4183 fb01 
  0x000001febaba75a4: 0f8e 2331 | 0000 bd01 | 0000 0044 | 8b5c 2434 | 442b dd41 | 83c3 fd44 | 8b54 2424 | 4533 c944 
  0x000001febaba75c4: 3bd5 450f | 4cd9 4181 | fba0 0f00 | 0041 b8a0 | 0f00 0045 | 0f47 d844 | 03dd eb03 | 418b e84c 
  0x000001febaba75e4: 63c5 4c8b | 5424 3847 | 0fbe 5402 | 1041 83fa | 2e0f 84af | 0800 004c | 8b54 2438 | 470f be54 
  0x000001febaba7604: 0211 4183 | fa2e 0f84 | 9308 0000 | 4c8b 5424 | 3847 0fbe | 5402 1241 | 83fa 2e0f 

  0x000001febaba7620: ;   {no_reloc}
  0x000001febaba7620: 8482 0800 | 004c 8b54 | 2438 470f | be54 0213 | 4183 fa2e | 0f84 6608 | 0000 448d | 4504 453b 
  0x000001febaba7640: c37c 9d4d | 8b9f 5804 | 0000 83c5 

  0x000001febaba764c: ; ImmutableOopMap {[40]=NarrowOop [56]=Oop [72]=Oop [80]=Oop [120]=Oop [128]=Oop [176]=Oop [184]=Oop [192]=NarrowOop }
                      ;*if_icmpne {reexecute=1 rethrow=0 return_oop=0}
                      ; - (reexecute) java.lang.StringLatin1::replace@28
                      ; - java.lang.String::replace@18
                      ; - java.net.URLClassLoader$1::run@8
                      ; - java.net.URLClassLoader$1::run@1
                      ; - java.security.AccessController::executePrivileged@29
                      ; - java.security.AccessController::doPrivileged@13
                      ; - java.net.URLClassLoader::findClass@13
                      ; - java.lang.ClassLoader::loadClass@69
                      ; - java.lang.ClassLoader::loadClass@38
                      ;   {poll}
  0x000001febaba764c: 0341 8503 | 443b 4424 | 240f 8d78 | 3000 0041 | 8be8 e94c | ffff ff44 | 899c 24a8 | 0000 00eb 
  0x000001febaba766c: 0b41 ffcb | 4489 9c24 | a800 0000 | 4c8b 9424 | e000 0000 | 458b 5a20 

  0x000001febaba7684: ; implicit exception: dispatches to 0x000001febabaf6f4
  0x000001febaba7684: 478b 54dc | 1c44 8994 | 24d4 0000 | 0044 8b9c | 24a8 0000 | 0041 83fb | ff0f 8491 | 6500 0045 
  0x000001febaba76a4: 85db 0f8c | d064 0000 | 453b d90f | 8f17 6600 | 0045 3bd9 | 0f84 8420 | 0000 4585 | db0f 84c5 
  0x000001febaba76c4: 3600 004d | 8b9f b801 | 0000 4d8b | d349 83c2 | 184d 3b97 | c801 0000 | 0f83 ce39 | 0000 4d89 
  0x000001febaba76e4: 97b8 0100 | 0041 0f0d | 8ac0 0000 | 0049 c703 | 0100 0000 

  0x000001febaba76f8: ;   {metadata('java/lang/String')}
  0x000001febaba76f8: 41c7 4308 | 78e8 0000 | 4589 630c | 4d89 6310 | 4c89 9c24 | e800 0000 | 448b 9424 | d000 0000 
  0x000001febaba7718: 4f8d 54d4 | 104c 8954 | 2458 8bac | 24a8 0000 | 003b 6c24 | 2c0f 85be | 0000 004c | 6354 242c 
  0x000001febaba7738: 4c89 5424 | 2044 8b54 | 242c 4181 | fa00 0010 | 000f 87ad | 4100 004d | 8b97 b801 | 0000 4c8b 
  0x000001febaba7758: 5c24 2049 | 83c3 1749 | 83e3 f84d | 8bc2 4d03 | c34d 3b87 | c801 0000 | 0f83 8641 | 0000 4d89 
  0x000001febaba7778: 87b8 0100 | 0041 0f0d | 88c0 0000 | 0049 c702 | 0100 0000 | 410f 0d88 | 0001 0000 

  0x000001febaba7794: ;   {metadata({type array byte})}
  0x000001febaba7794: 41c7 4208 | 1823 0000 | 448b 5c24 | 2c45 895a | 0c41 0f0d | 8840 0100 | 0041 0f0d | 8880 0100 
  0x000001febaba77b4: 0049 8bda | 498b d248 | 83c2 104c | 8b54 2420 | 4983 c207 | 49c1 ea03 | 488b 4c24 | 584d 8bc2 
  0x000001febaba77d4: c5f8 7749 | ba60 4b4f | bafe 0100 | 0041 ffd2 

  0x000001febaba77e4: ;   {other}
  0x000001febaba77e4: 0f1f 8400 | 0000 0000 | e90c 0100 | 0081 fd00 | 0010 000f | 87c7 5e00 | 004c 639c | 24a8 0000 
  0x000001febaba7804: 008b 6c24 | 2c3b ac24 | a800 0000 | 448b 8424 | a800 0000 | 410f 4fe8 | 448b 5424 | 2c44 3bd5 
  0x000001febaba7824: 0f82 d65f | 0000 443b | c50f 82cd | 5f00 0049 | 83c3 174c | 895c 2460 | 4d8b d349 | 83e2 f84c 
  0x000001febaba7844: 8994 2488 | 0000 0041 | 81f8 0000 | 1000 0f87 | 4c40 0000 | 498b 9fb8 | 0100 004c | 8bdb 4d03 
  0x000001febaba7864: da4d 3b9f | c801 0000 | 0f83 3240 | 0000 4d89 | 9fb8 0100 | 0041 0f0d | 8bc0 0000 | 0048 c703 
  0x000001febaba7884: 0100 0000 | 410f 0d8b | 0001 0000 

  0x000001febaba7890: ;   {metadata({type array byte})}
  0x000001febaba7890: c743 0818 | 2300 0044 | 8943 0c41 | 0f0d 8b40 | 0100 0041 | 0f0d 8b80 | 0100 0048 | 8bd3 4883 
  0x000001febaba78b0: c210 4c8b | 5424 6049 | c1ea 0385 | ed0f 8411 | 5e00 003b | ac24 a800 | 0000 0f8c | 2931 0000 
  0x000001febaba78d0: 4c8b 8424 | 8800 0000 | 4983 c0f0 | 49c1 e803 | 488b 4c24 | 58c5 f877 | 49ba 604b | 4fba fe01 
  0x000001febaba78f0: 0000 41ff 

  0x000001febaba78f4: ;   {other}
  0x000001febaba78f4: d20f 1f84 | 0000 0000 | 0041 807f | 4000 0f85 | ad2f 0000 | 4c8b db49 | c1eb 034c | 8b94 24e8 
  0x000001febaba7914: 0000 0045 | 895a 144c | 8bdb 4d33 | da49 c1eb | 164d 85db | 741a 49c1 | ea09 48b9 | 0000 cfbf 
  0x000001febaba7934: fe01 0000 | 4903 ca80 | 3902 0f85 | b02f 0000 | 4c8b 9424 | e800 0000 | 4588 6210 | 4c8b 9424 
  0x000001febaba7954: b800 0000 | 4c89 9424 | c800 0000 | 4c8b 9424 | b000 0000 | 4c89 9424 | d800 0000 | 4c8b 9424 
  0x000001febaba7974: c800 0000 | 4d8b da49 | c1eb 0344 | 899c 24f0 | 0000 004c | 8b94 24d8 | 0000 0049 | c1ea 0344 
  0x000001febaba7994: 8994 24f4 

  0x000001febaba7998: ;   {oop(a 'java/lang/Class'{0x0000000680a797f8} = 'jdk/internal/access/SharedSecrets')}
  0x000001febaba7998: 0000 0049 | baf8 97a7 | 8006 0000 | 0045 8b82 | d400 0000 

  0x000001febaba79ac: ; implicit exception: dispatches to 0x000001febabafba0
  0x000001febaba79ac: 438b 4cc4 | 084c 8b94 | 24e0 0000 | 0045 8b5a | 2047 8b54 | dc18 4489 | 9424 c800 

  0x000001febaba79c8: ;   {metadata('java/util/jar/JavaUtilJarAccessImpl')}
  0x000001febaba79c8: 0000 81f9 | b059 3100 | 0f85 aa51 | 0000 4585 | d20f 8481 | 4f00 0049 | c1e2 034c | 8954 2438 
  0x000001febaba79e8: 4c8b 5c24 | 3848 8d9c | 2440 0100 | 0049 8b03 | a802 0f85 | 2300 0000 | 4883 c801 | 4889 03f0 
  0x000001febaba7a08: 490f b11b | 0f84 3700 | 0000 482b | c448 2507 | f0ff ff48 | 8903 e924 | 0000 004c | 8bd0 4833 
  0x000001febaba7a28: c0f0 4d0f | b17a 3e48 | c703 0300 | 0000 7411 | 4c3b f875 | 1549 ff82 | 8600 0000 | 4833 c075 
  0x000001febaba7a48: 0949 ff87 | 5005 0000 | 33c0 0f85 | e051 0000 | 448b 9c24 | c800 0000 | 438b 6cdc | 3085 ed0f 
  0x000001febaba7a68: 851f 6300 | 0045 8bd3 | 470f b65c | d412 4585 | db0f 8599 | 2a00 004c | 8b5c 2438 | 488d 8424 
  0x000001febaba7a88: 4001 0000 | 4883 3800 | 0f84 7900 | 0000 4d8b | 1341 f6c2 | 020f 8462 | 0000 0049 | 83ba 8600 
  0x000001febaba7aa8: 0000 0074 | 0949 ff8a | 8600 0000 | eb4b 498b | 8296 0000 | 0049 0b82 | 8e00 0000 | 750a 49c7 
  0x000001febaba7ac8: ;   {no_reloc}
  0x000001febaba7ac8: 423e 0000 | 0000 eb3d | 4983 ba9e | 0000 0000 | 7422 4833 | c049 c742 | 3e00 0000 | 00f0 8304 
  0x000001febaba7ae8: 2400 4983 | ba9e 0000 | 0000 750d | f04d 0fb1 | 7a3e 7505 | 83c8 01eb | 0ca8 00eb | 084c 8b10 
  0x000001febaba7b08: f04d 0fb1 | 1375 0a49 | ff8f 5005 | 0000 4533 | d20f 8562 | 5100 004c | 8b9c 24e0 | 0000 0045 
  0x000001febaba7b28: 8b53 2043 | 8b6c d418 

  0x000001febaba7b30: ; implicit exception: dispatches to 0x000001febabaf8ac
  0x000001febaba7b30: 458b 5cec 

  0x000001febaba7b34: ;   {metadata('java/util/jar/JarFile')}
  0x000001febaba7b34: 0841 81fb | 8012 1900 | 0f85 6d51 | 0000 4d8d | 1cec 418b | 7328 85f6 | 0f84 471c | 0000 418b 
  0x000001febaba7b54: 6cf4 0c41 | 807f 4000 | 0f85 1b2d | 0000 458b | 44ec 084d | 8b54 f420 

  0x000001febaba7b6c: ;   {oop(a 'java/lang/Class'{0x0000000680a74500} = 'java/lang/ref/SoftReference')}
  0x000001febaba7b6c: 49b9 0045 | a780 0600 | 0000 4d8b | 4970 4d3b | d10f 85fc 

  0x000001febaba7b80: ;   {metadata('java/util/jar/Manifest')}
  0x000001febaba7b80: 2800 0041 | 81f8 a0e1 | 0400 0f85 | ac76 0000 | 4d8d 14ec | 4c89 9424 | 9800 0000 | 448b 9424 
  0x000001febaba7ba0: d400 0000 | 49c1 e203 | 4c89 5424 | 2048 8b94 | 24b8 0000 | 004c 8b84 | 24e8 0000 | 004c 8b8c 
  0x000001febaba7bc0: 2498 0000 | 0049 8bfa | 4c8b 5424 | 784c 8954 | 2438 4c8b | 9424 e000 | 0000 4c89 | 9424 9000 
  0x000001febaba7be0: 0000 6690 

  0x000001febaba7be4: ;   {optimized virtual_call}
  0x000001febaba7be4: c5f8 77e8 

  0x000001febaba7be8: ; ImmutableOopMap {[32]=Oop [40]=NarrowOop [56]=Oop [72]=Oop [80]=Oop [120]=Oop [128]=Oop [144]=Oop [152]=Oop [176]=Oop [184]=Oop [212]=NarrowOop [224]=Oop [232]=Oop }
                      ;*invokevirtual getAndVerifyPackage {reexecute=0 rethrow=0 return_oop=1}
                      ; - java.net.URLClassLoader::defineClass@46
                      ; - java.net.URLClassLoader$1::run@43
                      ; - java.net.URLClassLoader$1::run@1
                      ; - java.security.AccessController::executePrivileged@29
                      ; - java.security.AccessController::doPrivileged@13
                      ; - java.net.URLClassLoader::findClass@13
                      ; - java.lang.ClassLoader::loadClass@69
                      ; - java.lang.ClassLoader::loadClass@38
  0x000001febaba7be8: 3425 58f8 

  0x000001febaba7bec: ;   {other}
  0x000001febaba7bec: 0f1f 8400 | dc28 0013 | 4885 c00f | 84ce 1a00 | 0048 8b94 | 24e0 0000 | 004c 8b54 | 2478 4c89 
  0x000001febaba7c0c: 5424 3848 | 8994 2490 | 0000 0090 

  0x000001febaba7c18: ;   {optimized virtual_call}
  0x000001febaba7c18: c5f8 77e8 

  0x000001febaba7c1c: ; ImmutableOopMap {[32]=Oop [40]=NarrowOop [56]=Oop [72]=Oop [80]=Oop [120]=Oop [128]=Oop [144]=Oop [176]=Oop [184]=Oop [212]=NarrowOop [224]=Oop }
                      ;*invokevirtual getByteBuffer {reexecute=0 rethrow=0 return_oop=1}
                      ; - java.net.URLClassLoader::defineClass@132
                      ; - java.net.URLClassLoader$1::run@43
                      ; - java.net.URLClassLoader$1::run@1
                      ; - java.security.AccessController::executePrivileged@29
                      ; - java.security.AccessController::doPrivileged@13
                      ; - java.net.URLClassLoader::findClass@13
                      ; - java.lang.ClassLoader::loadClass@69
                      ; - java.lang.ClassLoader::loadClass@38
  0x000001febaba7c1c: a048 6af8 

  0x000001febaba7c20: ;   {other}
  0x000001febaba7c20: 0f1f 8400 | 1029 0014 | 4885 c00f | 85bf 6100 | 0048 8b94 | 2490 0000 | 0066 6690 

  0x000001febaba7c3c: ;   {optimized virtual_call}
  0x000001febaba7c3c: c5f8 77e8 

  0x000001febaba7c40: ; ImmutableOopMap {[32]=Oop [40]=NarrowOop [56]=Oop [72]=Oop [80]=Oop [120]=Oop [128]=Oop [144]=Oop [176]=Oop [184]=Oop [212]=NarrowOop [224]=Oop }
                      ;*invokevirtual getBytes {reexecute=0 rethrow=0 return_oop=1}
                      ; - java.net.URLClassLoader::defineClass@179
                      ; - java.net.URLClassLoader$1::run@43
                      ; - java.net.URLClassLoader$1::run@1
                      ; - java.security.AccessController::executePrivileged@29
                      ; - java.security.AccessController::doPrivileged@13
                      ; - java.net.URLClassLoader::findClass@13
                      ; - java.lang.ClassLoader::loadClass@69
                      ; - java.lang.ClassLoader::loadClass@38
  0x000001febaba7c40: 7c78 78f8 

  0x000001febaba7c44: ;   {other}
  0x000001febaba7c44: 0f1f 8400 | 3429 0015 | 4889 8424 | a800 0000 | 488b 9424 | 9000 0000 

  0x000001febaba7c5c: ;   {optimized virtual_call}
  0x000001febaba7c5c: c5f8 77e8 

  0x000001febaba7c60: ; ImmutableOopMap {[32]=Oop [40]=NarrowOop [56]=Oop [72]=Oop [80]=Oop [120]=Oop [128]=Oop [168]=Oop [176]=Oop [184]=Oop [212]=NarrowOop [224]=Oop }
                      ;*invokevirtual getCodeSigners {reexecute=0 rethrow=0 return_oop=1}
                      ; - java.net.URLClassLoader::defineClass@185
                      ; - java.net.URLClassLoader$1::run@43
                      ; - java.net.URLClassLoader$1::run@1
                      ; - java.security.AccessController::executePrivileged@29
                      ; - java.security.AccessController::doPrivileged@13
                      ; - java.net.URLClassLoader::findClass@13
                      ; - java.lang.ClassLoader::loadClass@69
                      ; - java.lang.ClassLoader::loadClass@38
  0x000001febaba7c60: 7c5e 6af8 

  0x000001febaba7c64: ;   {other}
  0x000001febaba7c64: 0f1f 8400 | 5429 0016 | 4885 c00f | 85df 5000 | 0049 8b87 | b801 0000 | 4c8b d049 | 83c2 284d 
  0x000001febaba7c84: 3b97 c801 | 0000 0f83 | 7132 0000 | 4d89 97b8 | 0100 0041 | 0f0d 8ac0 | 0000 0048 | c700 0100 
  0x000001febaba7ca4: ;   {metadata('java/security/CodeSource')}
  0x000001febaba7ca4: 0000 c740 | 0828 5c00 | 0044 8960 | 0c4c 8960 | 104c 8960 | 184c 8960 | 2048 8984 | 24c8 0000 
  0x000001febaba7cc4: 0048 8bd0 | 4c8b 4424 | 2045 33c9 | 4c8b 5424 | 784c 8954 | 2420 6690 

  0x000001febaba7cdc: ;   {optimized virtual_call}
  0x000001febaba7cdc: c5f8 77e8 

  0x000001febaba7ce0: ; ImmutableOopMap {[32]=Oop [40]=NarrowOop [72]=Oop [80]=Oop [120]=Oop [128]=Oop [168]=Oop [176]=Oop [184]=Oop [200]=Oop [224]=Oop }
                      ;*invokespecial <init> {reexecute=0 rethrow=0 return_oop=0}
                      ; - java.net.URLClassLoader::defineClass@198
                      ; - java.net.URLClassLoader$1::run@43
                      ; - java.net.URLClassLoader$1::run@1
                      ; - java.security.AccessController::executePrivileged@29
                      ; - java.security.AccessController::doPrivileged@13
                      ; - java.net.URLClassLoader::findClass@13
                      ; - java.lang.ClassLoader::loadClass@69
                      ; - java.lang.ClassLoader::loadClass@38
  0x000001febaba7ce0: bc62 6af8 

  0x000001febaba7ce4: ;   {other}
  0x000001febaba7ce4: 0f1f 8400 | d429 0017 

  0x000001febaba7cec: ;   {oop(a 'jdk/internal/perf/PerfCounter'{0x0000000680a83760})}
  0x000001febaba7cec: 48ba 6037 | a880 0600 | 0000 4c8b | 8424 c000 | 0000 6690 

  0x000001febaba7d00: ;   {optimized virtual_call}
  0x000001febaba7d00: c5f8 77e8 

  0x000001febaba7d04: ; ImmutableOopMap {[32]=Oop [40]=NarrowOop [72]=Oop [80]=Oop [120]=Oop [128]=Oop [168]=Oop [176]=Oop [184]=Oop [200]=Oop [224]=Oop }
                      ;*invokevirtual addElapsedTimeFrom {reexecute=0 rethrow=0 return_oop=0}
                      ; - java.net.URLClassLoader::defineClass@207
                      ; - java.net.URLClassLoader$1::run@43
                      ; - java.net.URLClassLoader$1::run@1
                      ; - java.security.AccessController::executePrivileged@29
                      ; - java.security.AccessController::doPrivileged@13
                      ; - java.net.URLClassLoader::findClass@13
                      ; - java.lang.ClassLoader::loadClass@69
                      ; - java.lang.ClassLoader::loadClass@38
  0x000001febaba7d04: 38c5 ffff 

  0x000001febaba7d08: ;   {other}
  0x000001febaba7d08: 0f1f 8400 | f829 0018 | 4c8b 8c24 | a800 0000 

  0x000001febaba7d18: ; implicit exception: dispatches to 0x000001febabaf95c
  0x000001febaba7d18: 418b 710c | 488b 9424 | b800 0000 | 4c8b 8424 | b000 0000 | 33ff 488b | 8c24 c800 | 0000 6690 
  0x000001febaba7d38: ;   {optimized virtual_call}
  0x000001febaba7d38: c5f8 77e8 

  0x000001febaba7d3c: ; ImmutableOopMap {[32]=Oop [40]=NarrowOop [72]=Oop [80]=Oop [120]=Oop [128]=Oop [176]=Oop [184]=Oop [224]=Oop }
                      ;*invokevirtual defineClass {reexecute=0 rethrow=0 return_oop=1}
                      ; - java.net.URLClassLoader::defineClass@220
                      ; - java.net.URLClassLoader$1::run@43
                      ; - java.net.URLClassLoader$1::run@1
                      ; - java.security.AccessController::executePrivileged@29
                      ; - java.security.AccessController::doPrivileged@13
                      ; - java.net.URLClassLoader::findClass@13
                      ; - java.lang.ClassLoader::loadClass@69
                      ; - java.lang.ClassLoader::loadClass@38
  0x000001febaba7d3c: a06a 6af8 

  0x000001febaba7d40: ;   {other}
  0x000001febaba7d40: 0f1f 8400 | 302a 0019 | 4885 c00f | 84e8 0800 | 0048 8944 | 2420 4c8b | 4424 704c | 2b44 2468 
  0x000001febaba7d60: 448b 5424 | 284b 8d2c 

  0x000001febaba7d68: ;   {oop(a 'jdk/internal/perf/PerfCounter'{0x0000000680400928})}
  0x000001febaba7d68: d448 ba28 | 0940 8006 | 0000 004c | 8b54 2478 | 4c89 5424 | 3866 6690 

  0x000001febaba7d80: ;   {optimized virtual_call}
  0x000001febaba7d80: c5f8 77e8 

  0x000001febaba7d84: ; ImmutableOopMap {rbp=Oop [32]=Oop [56]=Oop [72]=Oop [80]=Oop [120]=Oop [176]=Oop }
                      ;*invokevirtual add {reexecute=0 rethrow=0 return_oop=0}
                      ; - jdk.internal.perf.PerfCounter::addTime@2
                      ; - java.lang.ClassLoader::loadClass@82
                      ; - java.lang.ClassLoader::loadClass@38
  0x000001febaba7d84: d8e6 f9ff 

  0x000001febaba7d88: ;   {other}
  0x000001febaba7d88: 0f1f 8400 | 782a 001a 

  0x000001febaba7d90: ;   {oop(a 'jdk/internal/perf/PerfCounter'{0x0000000680400940})}
  0x000001febaba7d90: 48ba 4009 | 4080 0600 | 0000 4c8b | 4424 7090 

  0x000001febaba7da0: ;   {optimized virtual_call}
  0x000001febaba7da0: c5f8 77e8 

  0x000001febaba7da4: ; ImmutableOopMap {rbp=Oop [32]=Oop [56]=Oop [72]=Oop [80]=Oop [120]=Oop [176]=Oop }
                      ;*invokevirtual addElapsedTimeFrom {reexecute=0 rethrow=0 return_oop=0}
                      ; - java.lang.ClassLoader::loadClass@90
                      ; - java.lang.ClassLoader::loadClass@38
  0x000001febaba7da4: 98c4 ffff 

  0x000001febaba7da8: ;   {other}
  0x000001febaba7da8: 0f1f 8400 | 982a 001b 

  0x000001febaba7db0: ;   {oop(a 'jdk/internal/perf/PerfCounter'{0x0000000680400958})}
  0x000001febaba7db0: 48ba 5809 | 4080 0600 | 0000 41b8 | 0100 0000 

  0x000001febaba7dc0: ;   {optimized virtual_call}
  0x000001febaba7dc0: c5f8 77e8 

  0x000001febaba7dc4: ; ImmutableOopMap {rbp=Oop [32]=Oop [56]=Oop [72]=Oop [80]=Oop [120]=Oop [176]=Oop }
                      ;*invokevirtual add {reexecute=0 rethrow=0 return_oop=0}
                      ; - jdk.internal.perf.PerfCounter::increment@2
                      ; - java.lang.ClassLoader::loadClass@96
                      ; - java.lang.ClassLoader::loadClass@38
  0x000001febaba7dc4: 98e6 f9ff 

  0x000001febaba7dc8: ;   {other}
  0x000001febaba7dc8: 0f1f 8400 | b82a 001c | 488b 5c24 | 204c 8b5c | 2478 488d | 8424 3801 | 0000 4883 | 3800 0f84 
  0x000001febaba7de8: 7900 0000 | 4d8b 1341 | f6c2 020f | 8462 0000 | 0049 83ba | 8600 0000 | 0074 0949 | ff8a 8600 
  0x000001febaba7e08: 0000 eb4b | 498b 8296 | 0000 0049 | 0b82 8e00 | 0000 750a | 49c7 423e | 0000 0000 | eb3d 4983 
  0x000001febaba7e28: ba9e 0000 | 0000 7422 | 4833 c049 | c742 3e00 | 0000 00f0 | 8304 2400 | 4983 ba9e | 0000 0000 
  0x000001febaba7e48: 750d f04d | 0fb1 7a3e | 7505 83c8 | 01eb 0ca8 | 00eb 084c | 8b10 f04d | 0fb1 1375 | 0a49 ff8f 
  0x000001febaba7e68: 5005 0000 | 4533 d20f | 8480 1400 | 0049 8bcb | 488d 9424 | 3801 0000 | 4d8b c7c5 | f877 49ba 
  0x000001febaba7e88: 80d3 d486 | f87f 0000 

  0x000001febaba7e90: ;   {other}
  0x000001febaba7e90: 41ff d20f | 1f84 0000 | 0000 00e9 | 5514 0000 | 83c5 02ff | c5eb 0383 | c502 3b6c | 2434 0f8d 
  0x000001febaba7eb0: 2e03 0000 | 448b 5424 | 3441 81fa | 0000 1000 | 0f87 5b2e | 0000 4d8b | 87b8 0100 | 004d 63d2 
  0x000001febaba7ed0: 4983 c217 | 4983 e2f8 | 4d8b d84d | 03da 4d3b | 9fc8 0100 | 000f 8336 | 2e00 004d | 899f b801 
  0x000001febaba7ef0: 0000 410f | 0d8b c000 | 0000 49c7 | 0001 0000 | 0041 0f0d | 8b00 0100 

  0x000001febaba7f08: ;   {metadata({type array byte})}
  0x000001febaba7f08: 0041 c740 | 0818 2300 | 0044 8b4c | 2434 4589 | 480c 410f | 0d8b 4001 | 0000 410f | 0d8b 8001 
  0x000001febaba7f28: 0000 4c89 | 8424 9000 | 0000 85ed | 0f8e 7800 | 0000 448d | 5dff 443b | 5c24 340f | 834f 5000 
  0x000001febaba7f48: 0044 8b54 | 2434 4585 | d20f 8641 | 5000 00b9 | e803 0000 | 4533 c98b | fd41 2bf9 | 4533 c041 
  0x000001febaba7f68: 3be9 410f | 4cf8 81ff | e803 0000 | 0f47 f941 | 03f9 660f | 1f44 0000 | 4d63 d14c | 8b5c 2438 
  0x000001febaba7f88: 470f be5c | 1310 4c8b | 8424 9000 | 0000 4788 | 5c10 1041 | ffc1 443b | cf7c dd4d | 8b97 5804 
  0x000001febaba7fa8: ; ImmutableOopMap {r8=Oop [40]=NarrowOop [56]=Oop [72]=Oop [80]=Oop [120]=Oop [128]=Oop [144]=Oop [176]=Oop [184]=Oop [192]=NarrowOop }
                      ;*goto {reexecute=1 rethrow=0 return_oop=0}
                      ; - (reexecute) java.lang.StringLatin1::replace@76
                      ; - java.lang.String::replace@18
                      ; - java.net.URLClassLoader$1::run@8
                      ; - java.net.URLClassLoader$1::run@1
                      ; - java.security.AccessController::executePrivileged@29
                      ; - java.security.AccessController::doPrivileged@13
                      ; - java.net.URLClassLoader::findClass@13
                      ; - java.lang.ClassLoader::loadClass@69
                      ; - java.lang.ClassLoader::loadClass@38
                      ;   {poll}
  0x000001febaba7fa8: 0000 4185 | 0244 3bcd | 7cad 3b6c | 2434 0f8d | c101 0000 | 3b6c 2434 | 0f83 4543 | 0000 448b 
  0x000001febaba7fc8: 5424 2044 | 3b54 2434 | 0f83 3543 | 0000 448d | 5501 4c63 | dd4c 8b44 | 2438 470f | be44 1810 
  0x000001febaba7fe8: 4183 f82e | 0f84 7516 | 0000 4c8b | 8c24 9000 | 0000 4788 | 4419 1044 | 8d5d 0145 | 3bda 7d05 
  0x000001febaba8008: 418b ebeb | cd44 3b5c | 2424 0f8d | 2d01 0000 | ffc5 e9c9 | 0000 0041 | bb2f 0000 | 0066 6666 
  0x000001febaba8028: 0f1f 8400 | 0000 0000 | 4c8b 9424 | 9000 0000 | 4788 5c02 | 1383 c504 | 413b e90f | 8d8f 0000 
  0x000001febaba8048: 004c 63c5 | 4c8b 5424 | 3847 0fbe | 5c02 1041 | 83fb 2e74 | 6b4c 8b94 | 2490 0000 | 0047 885c 
  0x000001febaba8068: 0210 4c8b | 5424 3847 | 0fbe 5c02 | 1141 83fb | 2e74 454c | 8b94 2490 | 0000 0047 | 885c 0211 
  0x000001febaba8088: 4c8b 5424 | 3847 0fbe | 5c02 1241 | 83fb 2e74 | 374c 8b94 | 2490 0000 | 0047 885c | 0212 4c8b 
  0x000001febaba80a8: ;   {no_reloc}
  0x000001febaba80a8: 5424 3847 | 0fbe 5c02 | 1341 83fb | 2e0f 8575 | ffff ffe9 | 5fff ffff | 41bb 2f00 | 0000 ebb3 
  0x000001febaba80c8: 41bb 2f00 | 0000 eb8d | 41bb 2f00 | 0000 ebc1 | 4d8b 9758 

  0x000001febaba80dc: ; ImmutableOopMap {[40]=NarrowOop [56]=Oop [72]=Oop [80]=Oop [120]=Oop [128]=Oop [144]=Oop [176]=Oop [184]=Oop }
                      ;*goto {reexecute=1 rethrow=0 return_oop=0}
                      ; - (reexecute) java.lang.StringLatin1::replace@113
                      ; - java.lang.String::replace@18
                      ; - java.net.URLClassLoader$1::run@8
                      ; - java.net.URLClassLoader$1::run@1
                      ; - java.security.AccessController::executePrivileged@29
                      ; - java.security.AccessController::doPrivileged@13
                      ; - java.net.URLClassLoader::findClass@13
                      ; - java.lang.ClassLoader::loadClass@69
                      ; - java.lang.ClassLoader::loadClass@38
                      ;   {poll}
  0x000001febaba80dc: 0400 0041 | 8502 3b6c | 2424 7d60 | 448b 4c24 | 3444 2bcd | 4183 c1fd | 448b 5c24 | 2445 33d2 
  0x000001febaba80fc: 443b dd45 | 0f4c ca41 | 81f9 a00f | 0000 41ba | a00f 0000 | 450f 47ca | 4403 cde9 | 2dff ffff 
  0x000001febaba811c: 43c6 4401 | 102e 43c6 | 4401 1163 | 43c6 4401 | 126c 43c6 | 4401 1361 | 43c6 4401 | 1473 43c6 
  0x000001febaba813c: 4401 1573 | e94f 0200 | 0041 8beb | 3b6c 2434 | 7d2f 6690 | 4c63 d54c | 8b5c 2438 | 470f be5c 
  0x000001febaba815c: 1310 4183 | fb2e 0f84 | 2616 0000 | 4c8b 8424 | 9000 0000 | 4788 5c10 | 10ff c53b | 6c24 347c 
  0x000001febaba817c: d349 8b8f | b801 0000 | 4c8b d149 | 83c2 184d | 3b97 c801 | 0000 0f83 | c02b 0000 | 4d89 97b8 
  0x000001febaba819c: 0100 0041 | 0f0d 8ac0 | 0000 0048 | c701 0100 

  0x000001febaba81ac: ;   {metadata('java/lang/String')}
  0x000001febaba81ac: 0000 c741 | 0878 e800 | 0044 8961 | 0c4c 8961 | 104c 8b84 | 2490 0000 | 004d 8bd0 | 49c1 ea03 
  0x000001febaba81cc: 4489 5114 | 4c8b 8c24 | b000 0000 | 4c8b 9c24 | 8000 0000 | eb1f 4c8b | 8c24 b000 | 0000 4c8b 
  0x000001febaba81ec: 9c24 8000 | 0000 448b | 8424 c000 | 0000 49c1 | e003 498b | c941 8b58 | 0c85 db0f | 86db 1300 
  0x000001febaba820c: 0089 5c24 | 2c4c 8984 | 2488 0000 | 004c 899c | 2480 0000 | 004c 898c | 24b0 0000 | 0044 0fbe 
  0x000001febaba822c: 5110 4489 | 9424 9000 | 0000 4889 | 8c24 9800 | 0000 c462 | 2af7 db44 | 899c 2494 | 0000 004d 
  0x000001febaba824c: 63d3 4c89 | 9424 a000 | 0000 448b | 9c24 9000 | 0000 4183 | fb01 0f84 | f04e 0000 | 448b 9424 
  0x000001febaba826c: 9400 0000 | 4585 d20f | 8c99 4d00 | 004c 8b9c | 24a0 0000 | 0049 83c3 | 0641 8beb | 85ed 0f8c 
  0x000001febaba828c: f44d 0000 | 4d8b d349 | c1fa 2045 | 8bc2 c462 | 39f7 d544 | 8994 24a8 | 0000 0045 | 85d2 0f8c 
  0x000001febaba82ac: ;   {no_reloc}
  0x000001febaba82ac: 184f 0000 | 4181 fa00 | 0010 000f | 871b 3f00 | 004d 63d2 | 8bac 24a8 | 0000 0081 | fd00 0010 
  0x000001febaba82cc: 000f 87a7 | 2900 004d | 8b8f b801 | 0000 4983 | c217 4983 | e2f8 4d8b | c14d 03c2 | 4d3b 87c8 
  0x000001febaba82ec: 0100 000f | 8385 2900 | 004d 8987 | b801 0000 | 410f 0d88 | c000 0000 | 49c7 0101 | 0000 0041 
  0x000001febaba830c: 0f0d 8800 

  0x000001febaba8310: ;   {metadata({type array byte})}
  0x000001febaba8310: 0100 0041 | c741 0818 | 2300 0041 | 8969 0c41 | 0f0d 8840 | 0100 0041 | 0f0d 8880 | 0100 004c 
  0x000001febaba8330: 898c 24c0 | 0000 0044 | 8b84 2494 | 0000 0041 | 83c0 0644 | 8b9c 24a8 | 0000 0045 | 8bd3 453b 
  0x000001febaba8350: d80f 8289 | 3e00 004c | 6384 2494 | 0000 0044 | 8b9c 2494 | 0000 0045 | 85db 0f8e | acfd ffff 
  0x000001febaba8370: 43c6 4401 | 1573 43c6 | 4401 1473 | 43c6 4401 | 1361 43c6 | 4401 126c | 43c6 4401 | 1163 43c6 
  0x000001febaba8390: 4401 102e | 448b 9c24 | 9000 0000 | 4585 db0f | 8533 4d00 | 0044 3b54 | 242c 0f82 | a83e 0000 
  0x000001febaba83b0: 448b 5c24 | 2c45 85db | 762e 488b | 8c24 8800 | 0000 4883 | c110 498b | d148 83c2 | 104d 63c3 
  0x000001febaba83d0: c5f8 7749 | bac0 444f | bafe 0100 | 0041 ffd2 

  0x000001febaba83e0: ;   {other}
  0x000001febaba83e0: 0f1f 8400 | 0000 0000 | 498b 87b8 | 0100 004c | 8bd0 4983 | c218 4d3b | 97c8 0100 | 000f 83b9 
  0x000001febaba8400: 2800 004d | 8997 b801 | 0000 410f | 0d8a c000 | 0000 48c7 | 0001 0000 

  0x000001febaba8418: ;   {metadata('java/lang/String')}
  0x000001febaba8418: 00c7 4008 | 78e8 0000 | 4489 600c | 4489 6010 | 4c8b 9424 | c000 0000 | 49c1 ea03 | 4489 5014 
  0x000001febaba8438: 4889 8424 | a000 0000 | 4c8b 9c24 | b800 0000 | 458b 4354 | 4585 c00f | 8407 3c00 | 004f 8d14 
  0x000001febaba8458: c44c 8954 | 2438 4489 | 8424 8800 | 0000 498b | d245 33c0 | 4c8b 5424 | 784c 8954 | 2420 6690 
  0x000001febaba8478: ;   {optimized virtual_call}
  0x000001febaba8478: c5f8 77e8 

  0x000001febaba847c: ; ImmutableOopMap {[32]=Oop [40]=NarrowOop [56]=Oop [72]=Oop [80]=Oop [120]=Oop [128]=Oop [136]=NarrowOop [160]=Oop [176]=Oop [184]=Oop }
                      ;*invokevirtual getLoader {reexecute=0 rethrow=0 return_oop=1}
                      ; - jdk.internal.loader.URLClassPath::getResource@42
                      ; - java.net.URLClassLoader$1::run@26
                      ; - java.net.URLClassLoader$1::run@1
                      ; - java.security.AccessController::executePrivileged@29
                      ; - java.security.AccessController::doPrivileged@13
                      ; - java.net.URLClassLoader::findClass@13
                      ; - java.lang.ClassLoader::loadClass@69
                      ; - java.lang.ClassLoader::loadClass@38
  0x000001febaba847c: 40ff 0a00 

  0x000001febaba8480: ;   {other}
  0x000001febaba8480: 0f1f 8400 | 7031 001f | 4885 c00f | 84a8 0100 | 004c 8b94 | 24b8 0000 | 0049 c1ea | 0344 8954 
  0x000001febaba84a0: 242c 4c8b | 9424 b000 | 0000 4d8b | da49 c1eb | 0344 895c | 2434 4c8b | 9424 b800 | 0000 4c89 
  0x000001febaba84c0: 9424 c800 | 0000 4c8b | 9424 b000 | 0000 4c89 | 9424 d800 | 0000 448b | 5c24 2c44 | 899c 24f0 
  0x000001febaba84e0: 0000 0044 | 8b54 2434 | 4489 9424 | f400 0000 | 4533 d244 | 8994 24d0 | 0000 00eb | 0a66 6690 
  0x000001febaba8500: 89ac 24d0 | 0000 0044 

  0x000001febaba8508: ;   {metadata('jdk/internal/loader/URLClassPath$JarLoader')}
  0x000001febaba8508: 8b58 0841 | 81fb e80a | 2100 0f85 | 782a 0000 | 4889 8424 | 9800 0000 | 448b 4818 | 4585 c90f 
  0x000001febaba8528: 84fa 0200 | 0044 8b9c | 24f0 0000 | 004f 8d14 | dc4c 8994 | 24c0 0000 | 0044 8b94 | 24f4 0000 
  0x000001febaba8548: 0049 c1e2 | 034c 8994 | 24a8 0000 | 0047 8b54 

  0x000001febaba8558: ;   {metadata('java/util/jar/JarFile')}
  0x000001febaba8558: cc08 4181 | fa80 1219 | 000f 85b1 | 2a00 004b | 8d14 cc4c | 8b84 24a0 | 0000 004c | 8b54 2478 
  0x000001febaba8578: 4c89 5424 | 2066 6690 

  0x000001febaba8580: ;   {optimized virtual_call}
  0x000001febaba8580: c5f8 77e8 

  0x000001febaba8584: ; ImmutableOopMap {[32]=Oop [40]=NarrowOop [44]=NarrowOop [52]=NarrowOop [56]=Oop [72]=Oop [80]=Oop [120]=Oop [128]=Oop [136]=NarrowOop [152]=Oop [160]=Oop [168]=Oop [176]=Oop [184]=Oop [192]=Oop [240]=NarrowOop [244]=NarrowOop }
                      ;*invokevirtual getEntry {reexecute=0 rethrow=0 return_oop=1}
                      ; - java.util.jar.JarFile::getJarEntry@2
                      ; - jdk.internal.loader.URLClassPath$JarLoader::getResource@22
                      ; - jdk.internal.loader.URLClassPath::getResource@53
                      ; - java.net.URLClassLoader$1::run@26
                      ; - java.net.URLClassLoader$1::run@1
                      ; - java.security.AccessController::executePrivileged@29
                      ; - java.security.AccessController::doPrivileged@13
                      ; - java.net.URLClassLoader::findClass@13
                      ; - java.lang.ClassLoader::loadClass@69
                      ; - java.lang.ClassLoader::loadClass@38
  0x000001febaba8584: 786e f1ff 

  0x000001febaba8588: ;   {other}
  0x000001febaba8588: 0f1f 8400 | 7832 0020 | 448b 9c24 | f000 0000 | 4f8d 14dc | 4c89 9424 | c800 0000 | 448b 9424 
  0x000001febaba85a8: f400 0000 | 49c1 e203 | 4c89 9424 | d800 0000 | 4885 c074 | 4844 8b50 

  0x000001febaba85c0: ;   {metadata('java/util/jar/JarFile$JarFileEntry')}
  0x000001febaba85c0: 0841 81fa | 4831 3100 | 0f85 6e6a | 0000 488b | f848 8b94 | 2498 0000 | 004c 8b84 | 24a0 0000 
  0x000001febaba85e0: 0045 33c9 

  0x000001febaba85e4: ;   {optimized virtual_call}
  0x000001febaba85e4: c5f8 77e8 

  0x000001febaba85e8: ; ImmutableOopMap {[32]=Oop [40]=NarrowOop [44]=NarrowOop [52]=NarrowOop [56]=Oop [72]=Oop [80]=Oop [120]=Oop [128]=Oop [136]=NarrowOop [160]=Oop [168]=Oop [176]=Oop [184]=Oop [192]=Oop [200]=Oop [216]=Oop [240]=NarrowOop [244]=NarrowOop }
                      ;*invokevirtual checkResource {reexecute=0 rethrow=0 return_oop=1}
                      ; - jdk.internal.loader.URLClassPath$JarLoader::getResource@34
                      ; - jdk.internal.loader.URLClassPath::getResource@53
                      ; - java.net.URLClassLoader$1::run@26
                      ; - java.net.URLClassLoader$1::run@1
                      ; - java.security.AccessController::executePrivileged@29
                      ; - java.security.AccessController::doPrivileged@13
                      ; - java.net.URLClassLoader::findClass@13
                      ; - java.lang.ClassLoader::loadClass@69
                      ; - java.lang.ClassLoader::loadClass@38
  0x000001febaba85e8: 9441 60f8 

  0x000001febaba85ec: ;   {other}
  0x000001febaba85ec: 0f1f 8400 | dc32 0021 | 4889 8424 | e000 0000 | 4885 c00f | 85ba 0d00 | 008b ac24 | d000 0000 
  0x000001febaba860c: ffc5 488b | 5424 3844 | 8bc5 4c8b | 5424 784c | 8954 2458 

  0x000001febaba8620: ;   {optimized virtual_call}
  0x000001febaba8620: c5f8 77e8 

  0x000001febaba8624: ; ImmutableOopMap {[40]=NarrowOop [44]=NarrowOop [52]=NarrowOop [56]=Oop [72]=Oop [80]=Oop [88]=Oop [120]=Oop [128]=Oop [136]=NarrowOop [160]=Oop [168]=Oop [176]=Oop [184]=Oop [192]=Oop [200]=Oop [216]=Oop [240]=NarrowOop [244]=NarrowOop }
                      ;*invokevirtual getLoader {reexecute=0 rethrow=0 return_oop=1}
                      ; - jdk.internal.loader.URLClassPath::getResource@42
                      ; - java.net.URLClassLoader$1::run@26
                      ; - java.net.URLClassLoader$1::run@1
                      ; - java.security.AccessController::executePrivileged@29
                      ; - java.security.AccessController::doPrivileged@13
                      ; - java.net.URLClassLoader::findClass@13
                      ; - java.lang.ClassLoader::loadClass@69
                      ; - java.lang.ClassLoader::loadClass@38
  0x000001febaba8624: 98fd 0a00 

  0x000001febaba8628: ;   {other}
  0x000001febaba8628: 0f1f 8400 | 1833 0022 | 4885 c00f | 85c7 feff | ff49 8b87 | b801 0000 | 4c8b d049 | 83c2 284d 
  0x000001febaba8648: 3b97 c801 | 0000 0f83 | a826 0000 | 4d89 97b8 | 0100 0041 | 0f0d 8ac0 | 0000 0048 | c700 0100 
  0x000001febaba8668: ;   {metadata('java/lang/ClassNotFoundException')}
  0x000001febaba8668: 0000 c740 | 0888 9306 | 0044 8960 | 0c4c 8960 | 104c 8960 | 184c 8960 | 2048 8be8 | 488b d54c 
  0x000001febaba8688: 8b84 24b0 | 0000 004c | 8b54 2478 | 4c89 5424 | 2866 6690 

  0x000001febaba869c: ;   {optimized virtual_call}
  0x000001febaba869c: c5f8 77e8 

  0x000001febaba86a0: ; ImmutableOopMap {rbp=Oop [40]=Oop [72]=Oop [80]=Oop [120]=Oop [176]=Oop [184]=Oop }
                      ;*invokespecial <init> {reexecute=0 rethrow=0 return_oop=0}
                      ; - java.net.URLClassLoader::findClass@41
                      ; - java.lang.ClassLoader::loadClass@69
                      ; - java.lang.ClassLoader::loadClass@38
  0x000001febaba86a0: 5c23 0600 

  0x000001febaba86a4: ;   {other}
  0x000001febaba86a4: 0f1f 8400 | 9433 0023 | 4c8b 5c24 | 7848 8d84 | 2438 0100 | 0048 8338 | 000f 8479 | 0000 004d 
  0x000001febaba86c4: 8b13 41f6 | c202 0f84 | 6200 0000 | 4983 ba86 | 0000 0000 | 7409 49ff | 8a86 0000 | 00eb 4b49 
  0x000001febaba86e4: 8b82 9600 | 0000 490b | 828e 0000 | 0075 0a49 | c742 3e00 | 0000 00eb | 3d49 83ba | 9e00 0000 
  0x000001febaba8704: 0074 2248 | 33c0 49c7 | 423e 0000 | 0000 f083 | 0424 0049 | 83ba 9e00 | 0000 0075 | 0df0 4d0f 
  0x000001febaba8724: b17a 3e75 | 0583 c801 | eb0c a800 | eb08 4c8b | 10f0 4d0f | b113 750a | 49ff 8f50 | 0500 0045 
  0x000001febaba8744: 33d2 0f85 | 943b 0000 | 448b 5d08 | 49b8 0000 | 00cd fe01 | 0000 4d03 | c34d 8b50 

  0x000001febaba8760: ;   {metadata('java/lang/ClassNotFoundException')}
  0x000001febaba8760: 5049 bb88 | 9306 cdfe | 0100 004d | 3bd3 0f84 | c00a 0000 | 488d 8424 | 3001 0000 | 4c8b 5c24 
  0x000001febaba8780: 5048 8338 | 000f 8479 | 0000 004d | 8b13 41f6 | c202 0f84 | 6200 0000 | 4983 ba86 | 0000 0000 
  0x000001febaba87a0: 7409 49ff | 8a86 0000 | 00eb 4b49 | 8b82 9600 | 0000 490b | 828e 0000 | 0075 0a49 | c742 3e00 
  0x000001febaba87c0: 0000 00eb | 3d49 83ba | 9e00 0000 | 0074 2248 | 33c0 49c7 | 423e 0000 | 0000 f083 | 0424 0049 
  0x000001febaba87e0: 83ba 9e00 | 0000 0075 | 0df0 4d0f | b17a 3e75 | 0583 c801 | eb0c a800 | eb08 4c8b | 10f0 4d0f 
  0x000001febaba8800: b113 750a | 49ff 8f50 | 0500 0045 | 33d2 0f85 | 745b 0000 | 488b d5c5 | f877 4881 | c450 0100 
  0x000001febaba8820: ;   {runtime_call _rethrow_Java}
  0x000001febaba8820: 005d e9d9 | c2a3 ff49 | 8b87 b801 | 0000 4c8b | d049 83c2 | 104d 3b97 | c801 0000 | 0f83 c723 
  0x000001febaba8840: 0000 4d89 | 97b8 0100 | 0041 0f0d | 8ac0 0000 | 0048 c700 | 0100 0000 

  0x000001febaba8858: ;   {metadata('jdk/internal/loader/URLClassPath$JarLoader$1')}
  0x000001febaba8858: c740 08b8 | 2c21 0044 | 8960 0c48 | 8944 2420 | 4c8b 9424 | 9800 0000 | 458b 5228 | 4c8b 9c24 
  0x000001febaba8878: 9800 0000 | 4d8b c349 | c1e8 0344 | 8940 0c45 | 85d2 0f84 | 561d 0000 | 4b8d 2cd4 | 488b d590 
  0x000001febaba8898: ;   {static_call}
  0x000001febaba8898: c5f8 77e8 

  0x000001febaba889c: ; ImmutableOopMap {rbp=Oop [32]=Oop [40]=NarrowOop [44]=NarrowOop [52]=NarrowOop [56]=Oop [72]=Oop [80]=Oop [120]=Oop [128]=Oop [136]=NarrowOop [152]=Oop [160]=Oop [176]=Oop [184]=Oop }
                      ;*invokestatic ensureMaterializedForStackWalk {reexecute=0 rethrow=0 return_oop=0}
                      ; - java.security.AccessController::executePrivileged@5
                      ; - java.security.AccessController::doPrivileged@13
                      ; - jdk.internal.loader.URLClassPath$JarLoader::ensureOpen@19
                      ; - jdk.internal.loader.URLClassPath$JarLoader::getResource@1
                      ; - jdk.internal.loader.URLClassPath::getResource@53
                      ; - java.net.URLClassLoader$1::run@26
                      ; - java.net.URLClassLoader$1::run@1
                      ; - java.security.AccessController::executePrivileged@29
                      ; - java.security.AccessController::doPrivileged@13
                      ; - java.net.URLClassLoader::findClass@13
                      ; - java.lang.ClassLoader::loadClass@69
                      ; - java.lang.ClassLoader::loadClass@38
  0x000001febaba889c: e067 96ff 

  0x000001febaba88a0: ;   {other}
  0x000001febaba88a0: 0f1f 8400 | 9035 0024 | 488b 5424 | 2066 6690 

  0x000001febaba88b0: ;   {optimized virtual_call}
  0x000001febaba88b0: c5f8 77e8 

  0x000001febaba88b4: ; ImmutableOopMap {rbp=Oop [40]=NarrowOop [44]=NarrowOop [52]=NarrowOop [56]=Oop [72]=Oop [80]=Oop [120]=Oop [128]=Oop [136]=NarrowOop [152]=Oop [160]=Oop [176]=Oop [184]=Oop }
                      ;*invokevirtual run {reexecute=0 rethrow=0 return_oop=1}
                      ; - jdk.internal.loader.URLClassPath$JarLoader$1::run@1
                      ; - java.security.AccessController::executePrivileged@29
                      ; - java.security.AccessController::doPrivileged@13
                      ; - jdk.internal.loader.URLClassPath$JarLoader::ensureOpen@19
                      ; - jdk.internal.loader.URLClassPath$JarLoader::getResource@1
                      ; - jdk.internal.loader.URLClassPath::getResource@53
                      ; - java.net.URLClassLoader$1::run@26
                      ; - java.net.URLClassLoader$1::run@1
                      ; - java.security.AccessController::executePrivileged@29
                      ; - java.security.AccessController::doPrivileged@13
                      ; - java.net.URLClassLoader::findClass@13
                      ; - java.lang.ClassLoader::loadClass@69
                      ; - java.lang.ClassLoader::loadClass@38
  0x000001febaba88b4: c861 96ff 

  0x000001febaba88b8: ;   {other}
  0x000001febaba88b8: 0f1f 8400 | a835 0025 | 4c8b 9424 | 9800 0000 | 458b 4a18 | 4585 c90f | 8463 3800 | 0044 8b5c 
  0x000001febaba88d8: 242c 4489 | 9c24 f000 | 0000 4c8b | 9424 b800 | 0000 4c89 | 9424 c000 | 0000 448b | 5424 3444 
  0x000001febaba88f8: 8994 24f4 | 0000 004c | 8b94 24b0 | 0000 004c | 8994 24a8 | 0000 00e9 | 41fc ffff | 458b c3eb 
  0x000001febaba8918: 0945 8d43 | ffeb 0344 | 8bc3 498b | c945 85c0 | 0f8c b245 | 0000 453b | c20f 8ff5 | 4500 0045 
  0x000001febaba8938: 3bc2 0f84 | 9b0c 0000 | 4585 c00f | 84e0 2100 | 004d 8b8f | b801 0000 | 4d8b d149 | 83c2 184d 
  0x000001febaba8958: 3b97 c801 | 0000 0f83 | d122 0000 | 4d89 97b8 | 0100 0041 | 0f0d 8ac0 | 0000 0049 | c701 0100 
  0x000001febaba8978: ;   {metadata('java/lang/String')}
  0x000001febaba8978: 0000 41c7 | 4108 78e8 | 0000 4589 | 610c 4d89 | 6110 448b | 5424 2c4b | 8d5c d410 | 443b 4424 
  0x000001febaba8998: 200f 85bf | 0000 004c | 6344 2420 | 448b 5c24 | 2041 81fb | 0000 1000 | 0f87 712e | 0000 4c89 
  0x000001febaba89b8: 4424 5848 | 895c 2438 | 4c89 4c24 | 7048 894c | 2420 498b | 9fb8 0100 | 004d 8d50 | 1749 83e2 
  0x000001febaba89d8: f84c 8bc3 | 4d03 c24d | 3b87 c801 | 0000 0f83 | 4f2e 0000 | 4d89 87b8 | 0100 0041 | 0f0d 88c0 
  0x000001febaba89f8: 0000 0048 | c703 0100 | 0000 410f | 0d88 0001 

  0x000001febaba8a08: ;   {metadata({type array byte})}
  0x000001febaba8a08: 0000 c743 | 0818 2300 | 0044 895b | 0c41 0f0d | 8840 0100 | 0041 0f0d | 8880 0100 | 0048 8bd3 
  0x000001febaba8a28: 4883 c210 | 4c8b 4424 | 5849 83c0 | 0749 c1e8 | 0348 8b4c | 2438 c5f8 | 7749 ba60 | 4b4f bafe 
  0x000001febaba8a48: 0100 0041 

  0x000001febaba8a4c: ;   {other}
  0x000001febaba8a4c: ffd2 0f1f | 8400 0000 | 0000 4c8b | dbe9 1c01 | 0000 4181 | f800 0010 | 000f 874d | 3a00 0049 
  0x000001febaba8a6c: 63d0 8b7c | 2420 413b | f844 8bdf | 450f 4fd8 | 4489 5c24 | 3441 3bfb | 0f82 323b | 0000 453b 
  0x000001febaba8a8c: c30f 8229 | 3b00 0048 | 83c2 174c | 8bd2 4983 | e2f8 4181 | f800 0010 | 000f 87c8 | 2300 004c 
  0x000001febaba8aac: 8954 2460 | 4889 5424 | 5848 895c | 2438 4c89 | 4c24 7044 | 8944 2428 | 4889 4c24 | 204d 8b9f 
  0x000001febaba8acc: b801 0000 | 4d8b c34d | 03c2 4d3b | 87c8 0100 | 000f 83ae | 2300 004d | 8987 b801 | 0000 410f 
  0x000001febaba8aec: 0d88 c000 | 0000 49c7 | 0301 0000 | 0041 0f0d | 8800 0100 

  0x000001febaba8b00: ;   {metadata({type array byte})}
  0x000001febaba8b00: 0041 c743 | 0818 2300 | 0044 8b54 | 2428 4589 | 530c 410f | 0d88 4001 | 0000 410f | 0d88 8001 
  0x000001febaba8b20: 0000 498b | d348 83c2 | 104c 8b44 | 2458 49c1 | e803 8b6c | 2434 85ed | 0f84 8239 | 0000 413b 
  0x000001febaba8b40: ea0f 8cec | 1b00 0049 | 8bdb 4c8b | 5424 6049 | 83c2 f049 | c1ea 0348 | 8b4c 2438 | 4d8b c2c5 
  0x000001febaba8b60: f877 49ba | 604b 4fba | fe01 0000 

  0x000001febaba8b6c: ;   {other}
  0x000001febaba8b6c: 41ff d20f | 1f84 0000 | 0000 004c | 8bdb 4180 | 7f40 000f | 859a 1a00 | 0048 8b5c | 2470 4c8b 
  0x000001febaba8b8c: d34d 8bc3 | 4d33 c24d | 8bcb 49c1 | e903 4489 | 4b14 49c1 | e816 4d85 | c074 1649 | c1ea 094c 
  0x000001febaba8bac: 8b44 2420 | 4d03 c241 | 8038 020f | 859e 1a00 | 0044 8863 | 104c 8bcb | 8b43 0c85 | c00f 84b6 
  0x000001febaba8bcc: ;   {oop(a 'java/util/concurrent/ConcurrentHashMap'{0x0000000680a79788})}
  0x000001febaba8bcc: 0900 0049 | ba88 97a7 | 8006 0000 | 0041 8b4a | 2885 c90f | 84c2 0300 | 0045 8b44 | cc0c 4585 
  0x000001febaba8bec: c00f 8609 | 4200 0044 | 8bd0 41c1 | ea10 4433 | d04d 8d1c | cc41 81e2 | ffff ff7f | 41ff c845 
  0x000001febaba8c0c: 23c2 4d63 | c047 8b5c | 8310 4585 | db0f 8488 | 0300 0043 | 8b6c dc0c | 413b ea0f | 85c7 0200 
  0x000001febaba8c2c: 0043 8b6c | dc10 4c8b | c549 c1e0 | 034d 3bc1 | 0f84 1a01 | 0000 458b | 44ec 0849 | 8d0c ec4c 
  0x000001febaba8c4c: 3bc9 0f84 | 0801 0000 

  0x000001febaba8c54: ;   {metadata('java/lang/String')}
  0x000001febaba8c54: 4181 f878 | e800 000f | 8583 6500 | 0041 0fbe | 5910 0fbe | 6910 3bdd | 0f85 fe55 | 0000 448b 
  0x000001febaba8c74: 4114 418b | 7914 438b | 5cc4 0c41 | 8b4c fc0c | 3bcb 0f85 | 4447 0000 | 4b8d 1cc4 | 4b8d 74c4 
  0x000001febaba8c94: 104d 8d04 | fc49 8d7c | fc10 85c9 | 0f84 9d00 | 0000 8bc1 | 83e0 1f83 | e1e0 0f84 | 4b00 0000 
  0x000001febaba8cb4: 488d 3c0f | 488d 340e | 48f7 d9c5 | fe6f 040f | c5fe 6f0c | 0ec5 fdef | c1c4 e27d | 17c0 0f85 
  0x000001febaba8cd4: 7200 0000 | 4883 c120 | 75e1 85c0 | 0f84 5d00 | 0000 c5fe | 6f44 07e0 | c5fe 6f4c | 06e0 c5fd 
  0x000001febaba8cf4: efc1 c4e2 | 7d17 c075 | 4deb 448b | c883 e1fc | 7419 488d | 3c0f 488d | 340e 48f7 | d98b 1c0f 
  0x000001febaba8d14: 3b1c 0e75 | 3148 83c1 | 0475 f2a8 | 0274 120f | b71f 0fb7 | 0e3b d975 | 1d48 8d7f | 0248 8d76 
  0x000001febaba8d34: 02a8 0174 | 0a0f b61f | 0fb6 0e3b | d975 07b8 | 0100 0000 | eb02 33c0 | c5fd efc0 

  0x000001febaba8d50: ;   {no_reloc}
  0x000001febaba8d50: c5f5 efc9 | 85c0 0f84 | 7846 0000 | 438b 6cdc | 1485 ed0f | 843e 0200 | 0045 8b5c 

  0x000001febaba8d6c: ;   {metadata('jdk/internal/loader/BuiltinClassLoader$LoadedModule')}
  0x000001febaba8d6c: ec08 4181 | fb20 dd16 | 000f 85b9 | 6300 004d | 8d14 ec41 | 8b6a 0c4c | 8bdd 49c1 | e303 4c8b 
  0x000001febaba8d8c: 4424 784d | 3bd8 0f84 | 5c16 0000 

  0x000001febaba8d98: ; implicit exception: dispatches to 0x000001febabaf4ea
  0x000001febaba8d98: 458b 54ec 

  0x000001febaba8d9c: ;   {metadata('jdk/internal/loader/ClassLoaders$BootClassLoader')}
  0x000001febaba8d9c: 0841 81fa | 884b 1700 | 0f85 b635 | 0000 488b | b424 b000 | 0000 8b6e | 1445 8b5c | ec0c 4585 
  0x000001febaba8dbc: db0f 86d5 | 3500 0044 | 0fbe 5610 | 4585 d20f | 85bb 4600 | 00c4 422a | f7d3 453b | d345 0f4f 
  0x000001febaba8ddc: d34d 8d0c | ec4d 8d4c | ec10 4585 | d20f 8ed0 | 0000 0045 | 3bda 0f82 | ec35 0000 | 498b f941 
  0x000001febaba8dfc: 8bd2 b82f | 0000 0048 | 8bdf 83fa | 100f 8c79 | 0000 0083 | fa20 0f8c | 3600 0000 | c5f9 6ed0 
  0x000001febaba8e1c: c4e2 7d78 | d2c5 fdef | c08b ca83 | e1e0 83e2 | 1fc5 fe6f | 0bc5 f574 | cac4 e27d | 17c1 0f83 
  0x000001febaba8e3c: 6900 0000 | 4883 c320 | 83e9 2075 | e4e9 0d00 | 0000 c5f9 | 6ed0 c5f9 | efc0 c4e2 | 6900 d083 
  0x000001febaba8e5c: fa10 0f8c | 2400 0000 | 8bca 83e1 | f083 e20f | c5fa 6f0b | c5f1 74ca | c4e2 7917 | c10f 832a 
  0x000001febaba8e7c: 0000 0048 | 83c3 1083 | e910 75e4 | 85d2 0f84 | 1200 0000 | 0fb6 0b3b | c174 1c48 | 83c3 0183 
  0x000001febaba8e9c: ;   {no_reloc}
  0x000001febaba8e9c: ea01 7402 | ebee bbff | ffff ffeb | 0dc5 fdd7 | c90f bcc1 | 4803 d848 | 2bdf 83fb | ff0f 8515 
  0x000001febaba8ebc: 4600 0041 | 0fb6 2983 | fd5b 0f84 | 6847 0000 | 488b d648 | 8954 2438 | 488b 6c24 | 6866 6690 
  0x000001febaba8edc: ;   {static_call}
  0x000001febaba8edc: c5f8 77e8 

  0x000001febaba8ee0: ; ImmutableOopMap {rbp=Oop [56]=Oop [72]=Oop [80]=Oop [104]=Oop [120]=Oop [176]=Oop }
                      ;*invokestatic findBootstrapClass {reexecute=0 rethrow=0 return_oop=1}
                      ; - java.lang.ClassLoader::findBootstrapClassOrNull@10
                      ; - java.lang.System$2::findBootstrapClassOrNull@1
                      ; - jdk.internal.loader.ClassLoaders$BootClassLoader::loadClassOrNull@4
                      ; - jdk.internal.loader.BuiltinClassLoader::loadClassOrNull@3
                      ; - jdk.internal.loader.BuiltinClassLoader::loadClassOrNull@66
                      ; - jdk.internal.loader.BuiltinClassLoader::loadClass@3
                      ; - java.lang.ClassLoader::loadClass@38
  0x000001febaba8ee0: fc06 f0ff 

  0x000001febaba8ee4: ;   {other}
  0x000001febaba8ee4: 0f1f 8400 | d43b 0026 | 488b d8e9 | 3102 0000 | 85ed 0f8c | b954 0000 | 49c1 e303 | 458b 4318 
  0x000001febaba8f04: 4585 c00f | 849a 0000 | 0049 c1e0 | 0341 8b78 | 0c49 8b8f 

  0x000001febaba8f18: ; ImmutableOopMap {r8=Oop r9=Oop [72]=Oop [80]=Oop [104]=Oop [120]=Oop [176]=Oop }
                      ;*if_icmpne {reexecute=1 rethrow=0 return_oop=0}
                      ; - (reexecute) java.util.concurrent.ConcurrentHashMap::get@127
                      ; - jdk.internal.loader.BuiltinClassLoader::findLoadedModule@24
                      ; - jdk.internal.loader.BuiltinClassLoader::loadClassOrNull@22
                      ; - jdk.internal.loader.BuiltinClassLoader::loadClass@3
                      ; - java.lang.ClassLoader::loadClass@38
  0x000001febaba8f18: 5804 0000 

  0x000001febaba8f1c: ;   {poll}
  0x000001febaba8f1c: 8501 413b | fa74 0f45 | 8b40 1845 | 85c0 747b | 49c1 e003 | ebdf 418b | 6810 4c8b | dd49 c1e3 
  0x000001febaba8f3c: 034d 3bd9 | 7459 85ed | 0f84 9e57 | 0000 4c89 | 4424 3844 | 8954 2428 | 4c89 4c24 | 204d 8d04 
  0x000001febaba8f5c: ec49 8bd1 | 488b 6c24 | 484c 8b94 | 24b0 0000 | 004c 8954 | 2458 6690 

  0x000001febaba8f74: ;   {optimized virtual_call}
  0x000001febaba8f74: c5f8 77e8 

  0x000001febaba8f78: ; ImmutableOopMap {rbp=Oop [32]=Oop [56]=Oop [72]=Oop [80]=Oop [88]=Oop [104]=Oop [120]=Oop [176]=Oop }
                      ;*invokevirtual equals {reexecute=0 rethrow=0 return_oop=0}
                      ; - java.util.concurrent.ConcurrentHashMap::get@149
                      ; - jdk.internal.loader.BuiltinClassLoader::findLoadedModule@24
                      ; - jdk.internal.loader.BuiltinClassLoader::loadClassOrNull@22
                      ; - jdk.internal.loader.BuiltinClassLoader::loadClass@3
                      ; - java.lang.ClassLoader::loadClass@38
  0x000001febaba8f78: 045b 96ff 

  0x000001febaba8f7c: ;   {other}
  0x000001febaba8f7c: 0f1f 8400 | 6c3c 0028 | 4d8b 9758 

  0x000001febaba8f88: ; ImmutableOopMap {rbp=Oop [32]=Oop [56]=Oop [72]=Oop [80]=Oop [88]=Oop [104]=Oop [120]=Oop [176]=Oop }
                      ;*ifeq {reexecute=1 rethrow=0 return_oop=0}
                      ; - (reexecute) java.util.concurrent.ConcurrentHashMap::get@152
                      ; - jdk.internal.loader.BuiltinClassLoader::findLoadedModule@24
                      ; - jdk.internal.loader.BuiltinClassLoader::loadClassOrNull@22
                      ; - jdk.internal.loader.BuiltinClassLoader::loadClass@3
                      ; - java.lang.ClassLoader::loadClass@38
                      ;   {poll}
  0x000001febaba8f88: 0400 0041 | 8502 85c0 | 0f84 7f1b | 0000 4c8b | 4424 3841 | 8b68 1485 | ed0f 85c2 | fdff ff4c 
  0x000001febaba8fa8: 8b4c 2478 | 418b 6954 

  0x000001febaba8fb0: ; implicit exception: dispatches to 0x000001febabafcc0
  0x000001febaba8fb0: 458b 54ec 

  0x000001febaba8fb4: ;   {metadata('jdk/internal/loader/ClassLoaders$BootClassLoader')}
  0x000001febaba8fb4: 0841 81fa | 884b 1700 | 0f85 8642 | 0000 4c8b | 8424 b000 | 0000 418b | 6814 458b | 5cec 0c45 
  0x000001febaba8fd4: 85db 0f86 | ac42 0000 | 450f be50 | 1045 85d2 | 0f85 5250 | 0000 c442 | 2af7 d345 | 3bd3 450f 
  0x000001febaba8ff4: 4fd3 498d | 0cec 498d | 74ec 1045 | 85d2 0f8e | d000 0000 | 453b da0f | 82bb 4200 | 0048 8bfe 
  0x000001febaba9014: 418b d2b8 | 2f00 0000 | 488b df83 | fa10 0f8c | 7900 0000 | 83fa 200f | 8c36 0000 | 00c5 f96e 
  0x000001febaba9034: d0c4 e27d | 78d2 c5f5 | efc9 8bca | 83e1 e083 | e21f c5fe | 6f03 c5fd | 74c2 c4e2 | 7d17 c80f 
  0x000001febaba9054: 8369 0000 | 0048 83c3 | 2083 e920 | 75e4 e90d | 0000 00c5 | f96e d0c5 | f1ef c9c4 | e269 00d1 
  0x000001febaba9074: 83fa 100f | 8c24 0000 | 008b ca83 | e1f0 83e2 | 0fc5 fa6f | 03c5 f974 | c2c4 e279 | 17c8 0f83 
  0x000001febaba9094: 2a00 0000 | 4883 c310 | 83e9 1075 | e485 d20f | 8412 0000 | 000f b60b | 3bc1 741c | 4883 c301 
  0x000001febaba90b4: ;   {no_reloc}
  0x000001febaba90b4: 83ea 0174 | 02eb eebb | ffff ffff | eb0d c5fd | d7c8 0fbc | c148 03d8 | 482b df83 | fbff 0f85 
  0x000001febaba90d4: f44f 0000 | 0fb6 2e83 | fd5b 0f84 | 3850 0000 | 498b d04c | 8944 2420 | 4c89 4424 | 2848 8b6c 
  0x000001febaba90f4: 2468 6690 

  0x000001febaba90f8: ;   {static_call}
  0x000001febaba90f8: c5f8 77e8 

  0x000001febaba90fc: ; ImmutableOopMap {rbp=Oop [32]=Oop [40]=Oop [72]=Oop [80]=Oop [104]=Oop [120]=Oop [176]=Oop }
                      ;*invokestatic findBootstrapClass {reexecute=0 rethrow=0 return_oop=1}
                      ; - java.lang.ClassLoader::findBootstrapClassOrNull@10
                      ; - java.lang.System$2::findBootstrapClassOrNull@1
                      ; - jdk.internal.loader.ClassLoaders$BootClassLoader::loadClassOrNull@4
                      ; - jdk.internal.loader.BuiltinClassLoader::loadClassOrNull@3
                      ; - jdk.internal.loader.BuiltinClassLoader::loadClassOrNull@86
                      ; - jdk.internal.loader.BuiltinClassLoader::loadClass@3
                      ; - java.lang.ClassLoader::loadClass@38
  0x000001febaba90fc: e004 f0ff 

  0x000001febaba9100: ;   {other}
  0x000001febaba9100: 0f1f 8400 | f03d 002a | 4885 c00f | 8573 4f00 | 004c 8b5c | 2478 458b | 5358 4585 | d20f 8539 
  0x000001febaba9120: 5000 0033 | db4c 8b5c | 2468 488d | 8424 3801 | 0000 4883 | 3800 0f84 | 7900 0000 | 4d8b 1341 
  0x000001febaba9140: f6c2 020f | 8462 0000 | 0049 83ba | 8600 0000 | 0074 0949 | ff8a 8600 | 0000 eb4b | 498b 8296 
  0x000001febaba9160: 0000 0049 | 0b82 8e00 | 0000 750a | 49c7 423e | 0000 0000 | eb3d 4983 | ba9e 0000 | 0000 7422 
  0x000001febaba9180: 4833 c049 | c742 3e00 | 0000 00f0 | 8304 2400 | 4983 ba9e | 0000 0000 | 750d f04d | 0fb1 7a3e 
  0x000001febaba91a0: 7505 83c8 | 01eb 0ca8 | 00eb 084c | 8b10 f04d | 0fb1 1375 | 0a49 ff8f | 5005 0000 | 4533 d20f 
  0x000001febaba91c0: 859b 2d00 | 0048 85db | 0f85 2701 | 0000 498b | 87b8 0100 | 004c 8bd0 | 4983 c228 | 4d3b 97c8 
  0x000001febaba91e0: 0100 000f | 83ec 1900 | 004d 8997 | b801 0000 | 410f 0d8a | c000 0000 | 48c7 0001 

  0x000001febaba91fc: ;   {metadata('java/lang/ClassNotFoundException')}
  0x000001febaba91fc: 0000 00c7 | 4008 8893 | 0600 4489 | 600c 4c89 | 6010 4c89 | 6018 4c89 | 6020 488b | d04c 8b84 
  0x000001febaba921c: 24b0 0000 | 0048 8bea 

  0x000001febaba9224: ;   {optimized virtual_call}
  0x000001febaba9224: c5f8 77e8 

  0x000001febaba9228: ; ImmutableOopMap {rbp=Oop [72]=Oop [80]=Oop [176]=Oop }
                      ;*invokespecial <init> {reexecute=0 rethrow=0 return_oop=0}
                      ; - jdk.internal.loader.BuiltinClassLoader::loadClass@16
                      ; - java.lang.ClassLoader::loadClass@38
  0x000001febaba9228: d417 0600 

  0x000001febaba922c: ;   {other}
  0x000001febaba922c: 0f1f 8400 | 1c3f 002b | c5f8 7749 | ba00 2bce | 86f8 7f00 | 0041 ffd2 

  0x000001febaba9244: ;   {other}
  0x000001febaba9244: 0f1f 8400 | 0000 0000 | 4889 4424 | 2848 8b54 | 2448 448b 

  0x000001febaba9258: ;   {metadata('org/gradle/internal/classloader/VisitableURLClassLoader')}
  0x000001febaba9258: 5208 4181 | fa08 3a00 | 010f 85f0 | 0400 0048 | 8954 2420 | 4c8b 8424 | b000 0000 

  0x000001febaba9274: ;   {optimized virtual_call}
  0x000001febaba9274: c5f8 77e8 

  0x000001febaba9278: ; ImmutableOopMap {[32]=Oop [72]=Oop [80]=Oop }
                      ;*invokevirtual findClass {reexecute=0 rethrow=0 return_oop=1}
                      ; - java.lang.ClassLoader::loadClass@69
  0x000001febaba9278: 0408 0300 

  0x000001febaba927c: ;   {other}
  0x000001febaba927c: 0f1f 8400 | 6c3f 002c | 4889 4424 | 204c 8b44 | 2428 4c2b 

  0x000001febaba9290: ;   {oop(a 'jdk/internal/perf/PerfCounter'{0x0000000680400928})}
  0x000001febaba9290: 4424 4048 | ba28 0940 | 8006 0000 | 0066 6690 

  0x000001febaba92a0: ;   {optimized virtual_call}
  0x000001febaba92a0: c5f8 77e8 

  0x000001febaba92a4: ; ImmutableOopMap {[32]=Oop [72]=Oop [80]=Oop }
                      ;*invokevirtual add {reexecute=0 rethrow=0 return_oop=0}
                      ; - jdk.internal.perf.PerfCounter::addTime@2
                      ; - java.lang.ClassLoader::loadClass@82
  0x000001febaba92a4: b8d1 f9ff 

  0x000001febaba92a8: ;   {other}
  0x000001febaba92a8: 0f1f 8400 | 983f 002d 

  0x000001febaba92b0: ;   {oop(a 'jdk/internal/perf/PerfCounter'{0x0000000680400940})}
  0x000001febaba92b0: 48ba 4009 | 4080 0600 | 0000 4c8b | 4424 2890 

  0x000001febaba92c0: ;   {optimized virtual_call}
  0x000001febaba92c0: c5f8 77e8 

  0x000001febaba92c4: ; ImmutableOopMap {[32]=Oop [72]=Oop [80]=Oop }
                      ;*invokevirtual addElapsedTimeFrom {reexecute=0 rethrow=0 return_oop=0}
                      ; - java.lang.ClassLoader::loadClass@90
  0x000001febaba92c4: 78af ffff 

  0x000001febaba92c8: ;   {other}
  0x000001febaba92c8: 0f1f 8400 | b83f 002e 

  0x000001febaba92d0: ;   {oop(a 'jdk/internal/perf/PerfCounter'{0x0000000680400958})}
  0x000001febaba92d0: 48ba 5809 | 4080 0600 | 0000 41b8 | 0100 0000 

  0x000001febaba92e0: ;   {optimized virtual_call}
  0x000001febaba92e0: c5f8 77e8 

  0x000001febaba92e4: ; ImmutableOopMap {[32]=Oop [72]=Oop [80]=Oop }
                      ;*invokevirtual add {reexecute=0 rethrow=0 return_oop=0}
                      ; - jdk.internal.perf.PerfCounter::increment@2
                      ; - java.lang.ClassLoader::loadClass@96
  0x000001febaba92e4: 78d1 f9ff 

  0x000001febaba92e8: ;   {other}
  0x000001febaba92e8: 0f1f 8400 | d83f 002f | 488b 5c24 | 2044 8b54 | 2430 4585 | d20f 8539 | 2d00 0048 | 8d84 2430 
  0x000001febaba9308: 0100 004c | 8b5c 2450 | 4883 3800 | 0f84 7900 | 0000 4d8b | 1341 f6c2 | 020f 8462 | 0000 0049 
  0x000001febaba9328: 83ba 8600 | 0000 0074 | 0949 ff8a | 8600 0000 | eb4b 498b | 8296 0000 | 0049 0b82 | 8e00 0000 
  0x000001febaba9348: 750a 49c7 | 423e 0000 | 0000 eb3d | 4983 ba9e | 0000 0000 | 7422 4833 | c049 c742 | 3e00 0000 
  0x000001febaba9368: 00f0 8304 | 2400 4983 | ba9e 0000 | 0000 750d | f04d 0fb1 | 7a3e 7505 | 83c8 01eb | 0ca8 00eb 
  0x000001febaba9388: 084c 8b10 | f04d 0fb1 | 1375 0a49 | ff8f 5005 | 0000 4533 | d20f 85ce | 2800 0048 | 8bc3 c5f8 
  0x000001febaba93a8: 7748 81c4 | 5001 0000 

  0x000001febaba93b0: ;   {poll_return}
  0x000001febaba93b0: 5d49 3ba7 | 5004 0000 | 0f87 c17a | 0000 c3c5 | f877 49ba | 002b ce86 | f87f 0000 

  0x000001febaba93cc: ;   {other}
  0x000001febaba93cc: 41ff d20f | 1f84 0000 | 0000 0048 | 8984 24c0 | 0000 004c | 8b94 24b0 | 0000 0045 | 8b52 1444 
  0x000001febaba93ec: 8994 24d0 | 0000 0047 | 8b5c d40c | 4489 5c24 | 2c4c 8b94 | 24b0 0000 | 0045 0fbe | 5a10 c462 
  0x000001febaba940c: 22f7 4c24 | 2c45 8d41 | ff45 85db | 0f85 c646 | 0000 448b | 5c24 2c41 | ffcb 453b | d845 0f4f 
  0x000001febaba942c: d844 8b84 | 24d0 0000 | 004f 8d14 | c44c 8954 | 2438 4585 | db0f 8c2b | 0100 0044 | 8b54 242c 
  0x000001febaba944c: 4585 d20f | 869b 3500 | 0045 3bda | 0f83 9235 | 0000 4585 | db0f 8ee1 | 3900 0045 | 8d53 ff4c 
  0x000001febaba946c: 8b44 2438 | 470f be44 | 1810 4183 | f82e 0f84 | e80f 0000 | 41ff cb45 | 3bda 7fe3 | 4183 fb02 
  0x000001febaba948c: 0f8e b900 | 0000 418d | 5bfe 4533 | c041 83fb | 0241 0f4c | d881 fba0 | 0f00 0041 | baa0 0f00 
  0x000001febaba94ac: 0041 0f47 | da45 8bd3 | 442b d366 | 0f1f 8400 | 0000 0000 | 4963 cb4c | 8b44 2438 | 450f be44 
  0x000001febaba94cc: ;   {no_reloc}
  0x000001febaba94cc: 0810 4183 | f82e 0f84 | 8be1 ffff | 4c8b 4424 | 3841 0fbe | 4c08 0f83 | f92e 0f84 | 81e1 ffff 
  0x000001febaba94ec: 418d 4bfe | 898c 24a8 | 0000 0045 | 0fbe 4408 | 1041 83f8 | 2e0f 8471 | e1ff ff45 | 8d43 fd44 
  0x000001febaba950c: 8984 24a8 | 0000 004c | 8b44 2438 | 8bac 24a8 | 0000 0041 | 0fbe 4c28 | 1083 f92e | 0f84 4ae1 
  0x000001febaba952c: ffff 4183 | c3fc 453b | da7f 894d | 8b97 5804 

  0x000001febaba953c: ; ImmutableOopMap {r8=Oop [40]=NarrowOop [56]=Oop [72]=Oop [80]=Oop [120]=Oop [128]=Oop [176]=Oop [184]=Oop [200]=Oop [208]=NarrowOop [216]=Oop [224]=Oop [240]=NarrowOop [244]=NarrowOop }
                      ;*goto {reexecute=1 rethrow=0 return_oop=0}
                      ; - (reexecute) java.lang.StringLatin1::lastIndexOf@35
                      ; - java.lang.String::lastIndexOf@13
                      ; - java.lang.String::lastIndexOf@8
                      ; - java.net.URLClassLoader::defineClass@7
                      ; - java.net.URLClassLoader$1::run@43
                      ; - java.net.URLClassLoader$1::run@1
                      ; - java.security.AccessController::executePrivileged@29
                      ; - java.security.AccessController::doPrivileged@13
                      ; - java.net.URLClassLoader::findClass@13
                      ; - java.lang.ClassLoader::loadClass@69
                      ; - java.lang.ClassLoader::loadClass@38
                      ;   {poll}
  0x000001febaba953c: 0000 4185 | 0241 83fb | 020f 8f47 | ffff ff41 | 83fb ff7e | 2166 6690 | 4c8b 5424 | 3847 0fbe 
  0x000001febaba955c: 441a 1041 | 83f8 2e0f | 8427 4c00 | 0041 ffcb | 4183 fbff | 7fe2 41ba | ffff ffff | 4489 9424 
  0x000001febaba957c: a800 0000 | e9f3 e0ff | ff44 0fb6 | 5b11 4585 | db0f 855f | 1400 0044 | 8b5b 1449 | 8bd3 48c1 
  0x000001febaba959c: e203 807b | 1000 0f85 | fb17 0000 | 488b eb4c | 8b94 24b0 | 0000 004c | 8954 2428 

  0x000001febaba95b8: ;   {static_call}
  0x000001febaba95b8: c5f8 77e8 

  0x000001febaba95bc: ; ImmutableOopMap {rbp=Oop [40]=Oop [72]=Oop [80]=Oop [104]=Oop [120]=Oop [176]=Oop }
                      ;*invokestatic hashCode {reexecute=0 rethrow=0 return_oop=0}
                      ; - java.lang.String::hashCode@27
                      ; - java.util.concurrent.ConcurrentHashMap::get@1
                      ; - jdk.internal.loader.BuiltinClassLoader::findLoadedModule@24
                      ; - jdk.internal.loader.BuiltinClassLoader::loadClassOrNull@22
                      ; - jdk.internal.loader.BuiltinClassLoader::loadClass@3
                      ; - java.lang.ClassLoader::loadClass@38
  0x000001febaba95bc: 003a eeff 

  0x000001febaba95c0: ;   {other}
  0x000001febaba95c0: 0f1f 8400 | b042 0031 | 85c0 0f84 | f917 0000 | 4c8b cd89 | 450c e9f4 | f5ff ff48 | 8b9c 24b0 
  0x000001febaba95e0: 0000 00e9 | d9f5 ffff | 498b 87b8 | 0100 004c | 8bd0 4983 | c218 4d3b | 97c8 0100 | 000f 8335 
  0x000001febaba9600: 2300 004d | 8997 b801 | 0000 410f | 0d8a c000 | 0000 48c7 | 0001 0000 

  0x000001febaba9618: ;   {metadata('java/lang/String')}
  0x000001febaba9618: 00c7 4008 | 78e8 0000 | 4489 600c | 4489 6010 | 4c89 8c24 | b000 0000 | 4c89 9c24 | 8000 0000 
  0x000001febaba9638: ;   {oop([B{0x0000000680a8a588})}
  0x000001febaba9638: c740 14b1 

  0x000001febaba963c: ;   {oop(".class"{0x0000000680a8a380})}
  0x000001febaba963c: 1415 d049 | ba80 a3a8 | 8006 0000 | 0045 8b5a | 0c44 8958 | 0c45 0fb6 | 5a11 4488 | 5811 4889 
  0x000001febaba965c: 8424 a000 | 0000 e9d9 | edff ff41 | b82f 0000 | 00e9 80e9 | ffff 450f | b658 1145 | 85db 0f85 
  0x000001febaba967c: b814 0000 | 458b 5814 | 498b d348 | c1e2 0341 | 8078 1000 | 0f85 5b21 | 0000 498b | e84c 8b94 
  0x000001febaba969c: 24b0 0000 | 004c 8954 | 2438 6690 

  0x000001febaba96a8: ;   {static_call}
  0x000001febaba96a8: c5f8 77e8 

  0x000001febaba96ac: ; ImmutableOopMap {rbp=Oop [40]=NarrowOop [56]=Oop [72]=Oop [80]=Oop [120]=Oop [160]=Oop [168]=Oop [176]=Oop [184]=Oop }
                      ;*invokestatic hashCode {reexecute=0 rethrow=0 return_oop=0}
                      ; - java.lang.String::hashCode@27
                      ; - java.util.concurrent.ConcurrentHashMap::get@1
                      ; - jdk.internal.loader.BuiltinClassLoader::findLoadedModule@24
                      ; - jdk.internal.loader.BuiltinClassLoader::loadClassOrNull@22
                      ; - jdk.internal.loader.BuiltinClassLoader::loadClass@3
                      ; - java.lang.ClassLoader::loadClass@38
                      ; - java.lang.ClassLoader::loadClass@38
  0x000001febaba96ac: 1039 eeff 

  0x000001febaba96b0: ;   {other}
  0x000001febaba96b0: 0f1f 8400 | a043 0032 | 85c0 0f84 | 5921 0000 | 4c8b c589 | 450c e928 

  0x000001febaba96c8: ;   {metadata('java/lang/IllegalArgumentException')}
  0x000001febaba96c8: d7ff ff48 | bdc0 9a06 | cdfe 0100 | 004c 8b94 | 2498 0000 | 004d 85d2 | 0f84 b013 | 0000 48ff 
  0x000001febaba96e8: b424 9800 | 0000 488f | 4424 3848 | 8b94 24b8 | 0000 004c | 8b84 24e8 | 0000 004c | 8b8c 2498 
  0x000001febaba9708: 0000 0048 | 8b7c 2420 | 4c8b 9424 | e000 0000 | 4c89 9424 | a000 0000 

  0x000001febaba9720: ;   {optimized virtual_call}
  0x000001febaba9720: c5f8 77e8 

  0x000001febaba9724: ; ImmutableOopMap {[32]=Oop [40]=NarrowOop [56]=Oop [72]=Oop [80]=Oop [120]=Oop [128]=Oop [160]=Oop [176]=Oop [184]=Oop [212]=NarrowOop [224]=Oop [232]=Oop }
                      ;*invokevirtual definePackage {reexecute=0 rethrow=0 return_oop=1}
                      ; - java.net.URLClassLoader::defineClass@64
                      ; - java.net.URLClassLoader$1::run@43
                      ; - java.net.URLClassLoader$1::run@1
                      ; - java.security.AccessController::executePrivileged@29
                      ; - java.security.AccessController::doPrivileged@13
                      ; - java.net.URLClassLoader::findClass@13
                      ; - java.lang.ClassLoader::loadClass@69
                      ; - java.lang.ClassLoader::loadClass@38
  0x000001febaba9724: f8de 73f8 

  0x000001febaba9728: ;   {other}
  0x000001febaba9728: 0f1f 8400 | 1844 0033 | e9c8 e4ff | ff4c 8b84 | 24b0 0000 | 00e9 a5d6 | ffff 4c8b | 9424 b000 
  0x000001febaba9748: 0000 4c89 | 9424 e800 | 0000 e944 | e2ff ff4c | 8b84 24b0 | 0000 0066 | 6690 c5f8 | 7748 b850 
  0x000001febaba9768: b409 cefe 

  0x000001febaba976c: ;   {virtual_call}
  0x000001febaba976c: 0100 00e8 

  0x000001febaba9770: ; ImmutableOopMap {[72]=Oop [80]=Oop }
                      ;*invokevirtual findClass {reexecute=0 rethrow=0 return_oop=1}
                      ; - java.lang.ClassLoader::loadClass@69
  0x000001febaba9770: ac3b 94f8 

  0x000001febaba9774: ;   {other}
  0x000001febaba9774: 0f1f 8400 | 6444 0034 | 4889 4424 | 20e9 03fb | ffff 458b | c3e9 94f1 | ffff 41bb | 2f00 0000 
  0x000001febaba9794: e9cf e9ff | ff4c 895c | 2420 498b | d34c 8b54 | 2478 4c89 | 5424 584c | 8b94 24e0 | 0000 004c 
  0x000001febaba97b4: 8994 2498 | 0000 0090 

  0x000001febaba97bc: ;   {optimized virtual_call}
  0x000001febaba97bc: c5f8 77e8 

  0x000001febaba97c0: ; ImmutableOopMap {[32]=Oop [40]=NarrowOop [72]=Oop [80]=Oop [88]=Oop [120]=Oop [128]=Oop [152]=Oop [176]=Oop [184]=Oop [212]=NarrowOop [224]=Oop [232]=Oop }
                      ;*invokevirtual getManEntry {reexecute=0 rethrow=0 return_oop=1}
                      ; - java.util.jar.JarFile::getManifestFromReference@27
                      ; - java.util.jar.JarFile::getManifest@1
                      ; - jdk.internal.loader.URLClassPath$JarLoader$2::getManifest@22
                      ; - java.net.URLClassLoader::defineClass@34
                      ; - java.net.URLClassLoader$1::run@43
                      ; - java.net.URLClassLoader$1::run@1
                      ; - java.security.AccessController::executePrivileged@29
                      ; - java.security.AccessController::doPrivileged@13
                      ; - java.net.URLClassLoader::findClass@13
                      ; - java.lang.ClassLoader::loadClass@69
                      ; - java.lang.ClassLoader::loadClass@38
  0x000001febaba97c0: bca7 5ff8 

  0x000001febaba97c4: ;   {other}
  0x000001febaba97c4: 0f1f 8400 | b444 0035 | 4885 c00f | 8470 1100 | 004c 8b44 | 2420 450f | b650 1245 | 85d2 0f85 
  0x000001febaba97e4: e100 0000 | 4c89 8424 | f000 0000 | 498b d04c | 8bc0 488b | 6c24 4890 

  0x000001febaba97fc: ;   {optimized virtual_call}
  0x000001febaba97fc: c5f8 77e8 

  0x000001febaba9800: ; ImmutableOopMap {rbp=Oop [40]=NarrowOop [72]=Oop [80]=Oop [120]=Oop [128]=Oop [152]=Oop [176]=Oop [184]=Oop [212]=NarrowOop [224]=Oop [232]=Oop [240]=Oop }
                      ;*invokespecial getInputStream {reexecute=0 rethrow=0 return_oop=1}
                      ; - java.util.jar.JarFile::getManifestFromReference@130
                      ; - java.util.jar.JarFile::getManifest@1
                      ; - jdk.internal.loader.URLClassPath$JarLoader$2::getManifest@22
                      ; - java.net.URLClassLoader::defineClass@34
                      ; - java.net.URLClassLoader$1::run@43
                      ; - java.net.URLClassLoader$1::run@1
                      ; - java.security.AccessController::executePrivileged@29
                      ; - java.security.AccessController::doPrivileged@13
                      ; - java.net.URLClassLoader::findClass@13
                      ; - java.lang.ClassLoader::loadClass@69
                      ; - java.lang.ClassLoader::loadClass@38
  0x000001febaba9800: 3c19 4ef8 

  0x000001febaba9804: ;   {other}
  0x000001febaba9804: 0f1f 8400 | f444 0036 | 488b e849 | 8b87 b801 | 0000 4c8b | d049 83c2 | 184d 3b97 | c801 0000 
  0x000001febaba9824: 0f83 2624 | 0000 4d89 | 97b8 0100 | 0041 0f0d | 8ac0 0000 | 0048 c700 | 0100 0000 

  0x000001febaba9840: ;   {metadata('java/util/jar/Manifest')}
  0x000001febaba9840: c740 08a0 | e104 0044 | 8960 0c4c | 8960 104c | 8bd0 4c89 | 9424 c800 | 0000 4c8b | 9424 f000 
  0x000001febaba9860: 0000 458b | 5214 4d8b | ca49 c1e1 | 0348 8b94 | 24c8 0000 | 004c 8bc5 

  0x000001febaba9878: ;   {optimized virtual_call}
  0x000001febaba9878: c5f8 77e8 

  0x000001febaba987c: ; ImmutableOopMap {rbp=Oop [40]=NarrowOop [72]=Oop [80]=Oop [120]=Oop [128]=Oop [152]=Oop [176]=Oop [184]=Oop [200]=Oop [212]=NarrowOop [224]=Oop [232]=Oop [240]=Oop }
                      ;*invokespecial <init> {reexecute=0 rethrow=0 return_oop=0}
                      ; - java.util.jar.JarFile::getManifestFromReference@143
                      ; - java.util.jar.JarFile::getManifest@1
                      ; - jdk.internal.loader.URLClassPath$JarLoader$2::getManifest@22
                      ; - java.net.URLClassLoader::defineClass@34
                      ; - java.net.URLClassLoader$1::run@43
                      ; - java.net.URLClassLoader$1::run@1
                      ; - java.security.AccessController::executePrivileged@29
                      ; - java.security.AccessController::doPrivileged@13
                      ; - java.net.URLClassLoader::findClass@13
                      ; - java.lang.ClassLoader::loadClass@69
                      ; - java.lang.ClassLoader::loadClass@38
  0x000001febaba987c: 7878 0000 

  0x000001febaba9880: ;   {other}
  0x000001febaba9880: 0f1f 8400 | 7045 0037 | 4c8b d545 

  0x000001febaba988c: ;   {metadata('java/util/zip/ZipFile$ZipFileInflaterInputStream')}
  0x000001febaba988c: 8b5a 0841 | 81fb d0a2 | 3100 0f85 | 2453 0000 | 498b d248 | 8b6c 2448 

  0x000001febaba98a4: ;   {optimized virtual_call}
  0x000001febaba98a4: c5f8 77e8 

  0x000001febaba98a8: ; ImmutableOopMap {rbp=Oop [40]=NarrowOop [72]=Oop [80]=Oop [120]=Oop [128]=Oop [152]=Oop [176]=Oop [184]=Oop [200]=Oop [212]=NarrowOop [224]=Oop [232]=Oop [240]=Oop }
                      ;*invokevirtual close {reexecute=0 rethrow=0 return_oop=0}
                      ; - java.util.jar.JarFile::getManifestFromReference@152
                      ; - java.util.jar.JarFile::getManifest@1
                      ; - jdk.internal.loader.URLClassPath$JarLoader$2::getManifest@22
                      ; - java.net.URLClassLoader::defineClass@34
                      ; - java.net.URLClassLoader$1::run@43
                      ; - java.net.URLClassLoader$1::run@1
                      ; - java.security.AccessController::executePrivileged@29
                      ; - java.security.AccessController::doPrivileged@13
                      ; - java.net.URLClassLoader::findClass@13
                      ; - java.lang.ClassLoader::loadClass@69
                      ; - java.lang.ClassLoader::loadClass@38
  0x000001febaba98a8: 5422 4ff8 

  0x000001febaba98ac: ;   {other}
  0x000001febaba98ac: 0f1f 8400 | 9c45 0038 | 4c8b 9424 | c800 0000 | 4c89 9424 | 0001 0000 | e948 0a00 | 0048 8984 
  0x000001febaba98cc: 24c8 0000 | 0049 8be8 | 498b d04c | 8bc0 6690 

  0x000001febaba98dc: ;   {optimized virtual_call}
  0x000001febaba98dc: c5f8 77e8 

  0x000001febaba98e0: ; ImmutableOopMap {rbp=Oop [40]=NarrowOop [72]=Oop [80]=Oop [120]=Oop [128]=Oop [152]=Oop [176]=Oop [184]=Oop [200]=Oop [212]=NarrowOop [224]=Oop [232]=Oop }
                      ;*invokevirtual getBytes {reexecute=0 rethrow=0 return_oop=1}
                      ; - java.util.jar.JarFile::getManifestFromReference@44
                      ; - java.util.jar.JarFile::getManifest@1
                      ; - jdk.internal.loader.URLClassPath$JarLoader$2::getManifest@22
                      ; - java.net.URLClassLoader::defineClass@34
                      ; - java.net.URLClassLoader$1::run@43
                      ; - java.net.URLClassLoader$1::run@1
                      ; - java.security.AccessController::executePrivileged@29
                      ; - java.security.AccessController::doPrivileged@13
                      ; - java.net.URLClassLoader::findClass@13
                      ; - java.lang.ClassLoader::loadClass@69
                      ; - java.lang.ClassLoader::loadClass@38
  0x000001febaba98e0: 9c51 96ff 

  0x000001febaba98e4: ;   {other}
  0x000001febaba98e4: 0f1f 8400 | d445 0039 | 4889 8424 | d800 0000 | 4c8b c541 | 0fb6 6811 | 85ed 0f85 | 8453 0000 
  0x000001febaba9904: 4c89 8424 | f000 0000 | 498b d048 | 8b6c 2448 

  0x000001febaba9914: ;   {optimized virtual_call}
  0x000001febaba9914: c5f8 77e8 

  0x000001febaba9918: ; ImmutableOopMap {rbp=Oop [40]=NarrowOop [72]=Oop [80]=Oop [120]=Oop [128]=Oop [152]=Oop [176]=Oop [184]=Oop [200]=Oop [212]=NarrowOop [216]=Oop [224]=Oop [232]=Oop [240]=Oop }
                      ;*invokevirtual getManifestNum {reexecute=0 rethrow=0 return_oop=0}
                      ; - java.util.zip.ZipFile$1::getManifestNum@1
                      ; - java.util.jar.JarFile::getManifestFromReference@59
                      ; - java.util.jar.JarFile::getManifest@1
                      ; - jdk.internal.loader.URLClassPath$JarLoader$2::getManifest@22
                      ; - java.net.URLClassLoader::defineClass@34
                      ; - java.net.URLClassLoader$1::run@43
                      ; - java.net.URLClassLoader$1::run@1
                      ; - java.security.AccessController::executePrivileged@29
                      ; - java.security.AccessController::doPrivileged@13
                      ; - java.net.URLClassLoader::findClass@13
                      ; - java.lang.ClassLoader::loadClass@69
                      ; - java.lang.ClassLoader::loadClass@38
  0x000001febaba9918: 6451 96ff 

  0x000001febaba991c: ;   {other}
  0x000001febaba991c: 0f1f 8400 | 0c46 003a | 83f8 010f | 8517 5400 | 004d 8b97 | b801 0000 | 4d8b da49 | 83c3 404d 
  0x000001febaba993c: 3b9f c801 | 0000 0f83 | 7120 0000 | 4d89 9fb8 | 0100 0041 | 0f0d 8bc0 | 0000 0049 | c702 0100 
  0x000001febaba995c: ;   {metadata('java/util/jar/JarVerifier')}
  0x000001febaba995c: 0000 41c7 | 4208 789e | 1600 4589 | 620c 4d89 | 6210 4d89 | 6218 4d89 | 6220 4d89 | 6228 4d89 
  0x000001febaba997c: 6230 4d89 | 6238 4c89 | 9424 f800 | 0000 4c8b | 9424 c800 | 0000 458b 

  0x000001febaba9994: ;   {metadata('java/util/jar/JarFile$JarFileEntry')}
  0x000001febaba9994: 5208 4181 | fa48 3131 | 000f 8599 | 4d00 004c | 8b94 24c8 | 0000 004c | 8b9c 24f8 | 0000 0041 
  0x000001febaba99b4: c643 0e01 | 458b 5260 | 4589 5330 | 41c6 430d | 014d 8bda | 49c1 e303 | 4c8b 8424 | f800 0000 
  0x000001febaba99d4: 4d33 d84c | 8b8c 24d8 | 0000 0049 | 8bf9 48c1 | ef03 49c1 | eb16 4d85 | db74 1f45 | 85d2 741a 
  0x000001febaba99f4: 49c1 e809 | 48b9 0000 | cfbf fe01 | 0000 4903 | c880 3902 | 0f85 921d | 0000 4180 | 7f40 000f 
  0x000001febaba9a14: 85df 1600 | 004c 8b94 | 24f8 0000 | 0041 897a | 2c4c 8b94 | 24d8 0000 | 004c 8b9c | 24f8 0000 
  0x000001febaba9a34: 004d 33d3 | 49c1 ea16 | 4d85 d274 | 274c 8b94 | 24d8 0000 | 004d 85d2 | 741a 49c1 | eb09 48b9 
  0x000001febaba9a54: 0000 cfbf | fe01 0000 | 4903 cb80 | 3902 0f85 | e71c 0000 | 498b afb8 | 0100 004c | 8bd5 4983 
  0x000001febaba9a74: c230 4d3b | 97c8 0100 | 000f 8359 | 1f00 004d | 8997 b801 | 0000 410f | 0d8a c000 | 0000 48c7 
  0x000001febaba9a94: ;   {no_reloc}
  0x000001febaba9a94: 4500 0100 

  0x000001febaba9a98: ;   {metadata('java/util/Hashtable')}
  0x000001febaba9a98: 0000 c745 | 08b8 d300 | 0044 8965 | 0c4c 8965 | 104c 8965 | 184c 8965 | 204c 8965 

  0x000001febaba9ab4: ;   {section_word}
  0x000001febaba9ab4: 28c5 fa10 | 0503 c3ff | ff66 6690 

  0x000001febaba9ac0: ;   {static_call}
  0x000001febaba9ac0: c5f8 77e8 

  0x000001febaba9ac4: ; ImmutableOopMap {rbp=Oop [40]=NarrowOop [72]=Oop [80]=Oop [120]=Oop [128]=Oop [152]=Oop [176]=Oop [184]=Oop [212]=NarrowOop [216]=Oop [224]=Oop [232]=Oop [240]=Oop [248]=Oop }
                      ;*invokestatic isNaN {reexecute=0 rethrow=0 return_oop=0}
                      ; - java.util.Hashtable::<init>@47
                      ; - java.util.Hashtable::<init>@5
                      ; - java.util.jar.JarVerifier::<init>@39
                      ; - java.util.jar.JarFile::getManifestFromReference@78
                      ; - java.util.jar.JarFile::getManifest@1
                      ; - jdk.internal.loader.URLClassPath$JarLoader$2::getManifest@22
                      ; - java.net.URLClassLoader::defineClass@34
                      ; - java.net.URLClassLoader$1::run@43
                      ; - java.net.URLClassLoader$1::run@1
                      ; - java.security.AccessController::executePrivileged@29
                      ; - java.security.AccessController::doPrivileged@13
                      ; - java.net.URLClassLoader::findClass@13
                      ; - java.lang.ClassLoader::loadClass@69
                      ; - java.lang.ClassLoader::loadClass@38
  0x000001febaba9ac4: b855 96ff 

  0x000001febaba9ac8: ;   {other}
  0x000001febaba9ac8: 0f1f 8400 | b847 003b | 85c0 0f85 | 5c4d 0000 | c745 1400 | 0040 3f4d | 8b97 b801 | 0000 4d8b 
  0x000001febaba9ae8: da49 83c3 | 404d 3b9f | c801 0000 | 0f83 0a1f | 0000 4d89 | 9fb8 0100 | 0041 0f0d | 8bc0 0000 
  0x000001febaba9b08: 0049 c702 | 0100 0000 | 410f 0d8b | 0001 0000 

  0x000001febaba9b18: ;   {metadata('java/util/Hashtable$Entry'[])}
  0x000001febaba9b18: 41c7 4208 | a87f 1300 | 410f 0d8b | 4001 0000 | 41c7 420c | 0b00 0000 | 410f 0d8b | 8001 0000 
  0x000001febaba9b38: 4d89 6210 | 4d89 6218 | 4d89 6220 | 4d89 6228 | 4d89 6230 | 4d89 6238 | 498b da41 | 807f 4000 
  0x000001febaba9b58: 0f85 1816 | 0000 4c8b | d34d 8bda | 49c1 eb03 | 4489 5d1c | 4c8b dd4d | 33d3 488b | fd48 c1ef 
  0x000001febaba9b78: 0349 c1ea | 164d 85d2 | 741a 49c1 | eb09 48b9 | 0000 cfbf | fe01 0000 | 4903 cb80 | 3902 0f85 
  0x000001febaba9b98: 3818 0000 | 4180 7f40 | 000f 8590 | 1500 004c | 8b94 24f8 | 0000 0041 | 897a 14c7 | 4510 0800 
  0x000001febaba9bb8: 0000 4c8b | d54c 8b9c | 24f8 0000 | 004d 33d3 | 49c1 ea16 | 4d85 d274 | 1a49 c1eb | 0948 b900 
  0x000001febaba9bd8: 00cf bffe | 0100 0049 | 03cb 8039 | 020f 853a | 1800 0049 | 8baf b801 | 0000 4c8b | d549 83c2 
  0x000001febaba9bf8: 304d 3b97 | c801 0000 | 0f83 261e | 0000 4d89 | 97b8 0100 | 0041 0f0d | 8ac0 0000 

  0x000001febaba9c14: ;   {no_reloc}
  0x000001febaba9c14: 0048 c745 | 0001 0000 

  0x000001febaba9c1c: ;   {metadata('java/util/Hashtable')}
  0x000001febaba9c1c: 00c7 4508 | b8d3 0000 | 4489 650c | 4c89 6510 | 4c89 6518 | 4c89 6520 | 4c89 6528 

  0x000001febaba9c38: ;   {section_word}
  0x000001febaba9c38: c5fa 1005 | 80c1 ffff 

  0x000001febaba9c40: ;   {static_call}
  0x000001febaba9c40: c5f8 77e8 

  0x000001febaba9c44: ; ImmutableOopMap {rbp=Oop [40]=NarrowOop [72]=Oop [80]=Oop [120]=Oop [128]=Oop [152]=Oop [176]=Oop [184]=Oop [212]=NarrowOop [216]=Oop [224]=Oop [232]=Oop [240]=Oop [248]=Oop }
                      ;*invokestatic isNaN {reexecute=0 rethrow=0 return_oop=0}
                      ; - java.util.Hashtable::<init>@47
                      ; - java.util.Hashtable::<init>@5
                      ; - java.util.jar.JarVerifier::<init>@50
                      ; - java.util.jar.JarFile::getManifestFromReference@78
                      ; - java.util.jar.JarFile::getManifest@1
                      ; - jdk.internal.loader.URLClassPath$JarLoader$2::getManifest@22
                      ; - java.net.URLClassLoader::defineClass@34
                      ; - java.net.URLClassLoader$1::run@43
                      ; - java.net.URLClassLoader$1::run@1
                      ; - java.security.AccessController::executePrivileged@29
                      ; - java.security.AccessController::doPrivileged@13
                      ; - java.net.URLClassLoader::findClass@13
                      ; - java.lang.ClassLoader::loadClass@69
                      ; - java.lang.ClassLoader::loadClass@38
  0x000001febaba9c44: 3854 96ff 

  0x000001febaba9c48: ;   {other}
  0x000001febaba9c48: 0f1f 8400 | 3849 003c | 85c0 0f85 | d84c 0000 | c745 1400 | 0040 3f4d | 8b97 b801 | 0000 4d8b 
  0x000001febaba9c68: da49 83c3 | 404d 3b9f | c801 0000 | 0f83 da1d | 0000 4d89 | 9fb8 0100 | 0041 0f0d | 8bc0 0000 
  0x000001febaba9c88: 0049 c702 | 0100 0000 | 410f 0d8b | 0001 0000 

  0x000001febaba9c98: ;   {metadata('java/util/Hashtable$Entry'[])}
  0x000001febaba9c98: 41c7 4208 | a87f 1300 | 410f 0d8b | 4001 0000 | 41c7 420c | 0b00 0000 | 410f 0d8b | 8001 0000 
  0x000001febaba9cb8: 4d89 6210 | 4d89 6218 | 4d89 6220 | 4d89 6228 | 4d89 6230 | 4d89 6238 | 498b da41 | 807f 4000 
  0x000001febaba9cd8: 0f85 cf14 | 0000 4c8b | d349 c1ea | 0344 8955 | 1c4c 8bd3 | 4c8b dd4d | 33d3 488b | dd48 c1eb 
  0x000001febaba9cf8: 0349 c1ea | 164d 85d2 | 741a 49c1 | eb09 48b9 | 0000 cfbf | fe01 0000 | 4903 cb80 | 3902 0f85 
  0x000001febaba9d18: ab17 0000 | 4180 7f40 | 000f 85bd | 1400 004c | 8b94 24f8 | 0000 0041 | 895a 10c7 | 4510 0800 
  0x000001febaba9d38: 0000 4c8b | d54c 8b9c | 24f8 0000 | 004d 33d3 | 49c1 ea16 | 4d85 d274 | 1a49 c1eb | 0948 b900 
  0x000001febaba9d58: 00cf bffe | 0100 0049 | 03cb 8039 | 020f 850b | 1700 0049 | 8baf b801 | 0000 4c8b | d549 83c2 
  0x000001febaba9d78: 304d 3b97 | c801 0000 | 0f83 f61c | 0000 4d89 | 97b8 0100 | 0041 0f0d | 8ac0 0000 

  0x000001febaba9d94: ;   {no_reloc}
  0x000001febaba9d94: 0048 c745 | 0001 0000 

  0x000001febaba9d9c: ;   {metadata('java/util/Hashtable')}
  0x000001febaba9d9c: 00c7 4508 | b8d3 0000 | 4489 650c | 4c89 6510 | 4c89 6518 | 4c89 6520 | 4c89 6528 

  0x000001febaba9db8: ;   {section_word}
  0x000001febaba9db8: c5fa 1005 | 00c0 ffff 

  0x000001febaba9dc0: ;   {static_call}
  0x000001febaba9dc0: c5f8 77e8 

  0x000001febaba9dc4: ; ImmutableOopMap {rbp=Oop [40]=NarrowOop [72]=Oop [80]=Oop [120]=Oop [128]=Oop [152]=Oop [176]=Oop [184]=Oop [212]=NarrowOop [216]=Oop [224]=Oop [232]=Oop [240]=Oop [248]=Oop }
                      ;*invokestatic isNaN {reexecute=0 rethrow=0 return_oop=0}
                      ; - java.util.Hashtable::<init>@47
                      ; - java.util.Hashtable::<init>@4
                      ; - java.util.jar.JarVerifier::<init>@63
                      ; - java.util.jar.JarFile::getManifestFromReference@78
                      ; - java.util.jar.JarFile::getManifest@1
                      ; - jdk.internal.loader.URLClassPath$JarLoader$2::getManifest@22
                      ; - java.net.URLClassLoader::defineClass@34
                      ; - java.net.URLClassLoader$1::run@43
                      ; - java.net.URLClassLoader$1::run@1
                      ; - java.security.AccessController::executePrivileged@29
                      ; - java.security.AccessController::doPrivileged@13
                      ; - java.net.URLClassLoader::findClass@13
                      ; - java.lang.ClassLoader::loadClass@69
                      ; - java.lang.ClassLoader::loadClass@38
  0x000001febaba9dc4: b852 96ff 

  0x000001febaba9dc8: ;   {other}
  0x000001febaba9dc8: 0f1f 8400 | b84a 003d | 85c0 0f85 | 544c 0000 | c745 1400 | 0040 3f4d | 8b97 b801 | 0000 4d8b 
  0x000001febaba9de8: da49 83c3 | 404d 3b9f | c801 0000 | 0f83 aa1c | 0000 4d89 | 9fb8 0100 | 0041 0f0d | 8bc0 0000 
  0x000001febaba9e08: 0049 c702 | 0100 0000 | 410f 0d8b | 0001 0000 

  0x000001febaba9e18: ;   {metadata('java/util/Hashtable$Entry'[])}
  0x000001febaba9e18: 41c7 4208 | a87f 1300 | 410f 0d8b | 4001 0000 | 41c7 420c | 0b00 0000 | 410f 0d8b | 8001 0000 
  0x000001febaba9e38: 4d89 6210 | 4d89 6218 | 4d89 6220 | 4d89 6228 | 4d89 6230 | 4d89 6238 | 498b da41 | 807f 4000 
  0x000001febaba9e58: 0f85 0414 | 0000 4c8b | d34d 8bda | 49c1 eb03 | 4489 5d1c | 4c8b dd4d | 33d3 488b | fd48 c1ef 
  0x000001febaba9e78: 0349 c1ea | 164d 85d2 | 741a 49c1 | eb09 48b9 | 0000 cfbf | fe01 0000 | 4903 cb80 | 3902 0f85 
  0x000001febaba9e98: 7c16 0000 | 4180 7f40 | 000f 857c | 1300 004c | 8b94 24f8 | 0000 0041 | 897a 18c7 | 4510 0800 
  0x000001febaba9eb8: 0000 4c8b | d54c 8b9c | 24f8 0000 | 004d 33d3 | 49c1 ea16 | 4d85 d274 | 1a49 c1eb | 0948 b900 
  0x000001febaba9ed8: 00cf bffe | 0100 0049 | 03cb 8039 | 020f 857e | 1600 0049 | 8b87 b801 | 0000 4c8b | d049 83c2 
  0x000001febaba9ef8: 184d 3b97 | c801 0000 | 0f83 c61b | 0000 4d89 | 97b8 0100 | 0041 0f0d | 8ac0 0000 

  0x000001febaba9f14: ;   {no_reloc}
  0x000001febaba9f14: 0048 c700 | 0100 0000 

  0x000001febaba9f1c: ;   {metadata('java/util/ArrayList')}
  0x000001febaba9f1c: c740 08d0 | 890b 0044 | 8960 0c4c | 8960 104c | 8bd0 498b | ea49 8bd2 

  0x000001febaba9f34: ;   {optimized virtual_call}
  0x000001febaba9f34: c5f8 77e8 

  0x000001febaba9f38: ; ImmutableOopMap {rbp=Oop [40]=NarrowOop [72]=Oop [80]=Oop [120]=Oop [128]=Oop [152]=Oop [176]=Oop [184]=Oop [212]=NarrowOop [216]=Oop [224]=Oop [232]=Oop [240]=Oop [248]=Oop }
                      ;*invokespecial <init> {reexecute=0 rethrow=0 return_oop=0}
                      ; - java.util.jar.JarVerifier::<init>@74
                      ; - java.util.jar.JarFile::getManifestFromReference@78
                      ; - java.util.jar.JarFile::getManifest@1
                      ; - jdk.internal.loader.URLClassPath$JarLoader$2::getManifest@22
                      ; - java.net.URLClassLoader::defineClass@34
                      ; - java.net.URLClassLoader$1::run@43
                      ; - java.net.URLClassLoader$1::run@1
                      ; - java.security.AccessController::executePrivileged@29
                      ; - java.security.AccessController::doPrivileged@13
                      ; - java.net.URLClassLoader::findClass@13
                      ; - java.lang.ClassLoader::loadClass@69
                      ; - java.lang.ClassLoader::loadClass@38
  0x000001febaba9f38: 444b 96ff 

  0x000001febaba9f3c: ;   {other}
  0x000001febaba9f3c: 0f1f 8400 | 2c4c 003e | 4180 7f40 | 000f 854a | 1300 004c | 8b94 24f8 | 0000 004c | 8bdd 4d33 
  0x000001febaba9f5c: da4c 8bcd | 49c1 e903 | 4c8b 8424 | f800 0000 | 4589 481c | 49c1 eb16 | 4d85 db74 | 1a49 c1ea 
  0x000001febaba9f7c: 0948 b900 | 00cf bffe | 0100 0049 | 03ca 8039 | 020f 8527 | 1600 0049 | 8b87 b801 | 0000 4c8b 
  0x000001febaba9f9c: d049 83c2 | 184d 3b97 | c801 0000 | 0f83 431b | 0000 4d89 | 97b8 0100 | 0041 0f0d | 8ac0 0000 
  0x000001febaba9fbc: 0048 c700 | 0100 0000 

  0x000001febaba9fc4: ;   {metadata('java/io/ByteArrayOutputStream')}
  0x000001febaba9fc4: c740 0818 | ff21 0044 | 8960 0c4c | 8960 104c | 8bd0 498b | ea49 8bd2 

  0x000001febaba9fdc: ;   {optimized virtual_call}
  0x000001febaba9fdc: c5f8 77e8 

  0x000001febaba9fe0: ; ImmutableOopMap {rbp=Oop [40]=NarrowOop [72]=Oop [80]=Oop [120]=Oop [128]=Oop [152]=Oop [176]=Oop [184]=Oop [212]=NarrowOop [216]=Oop [224]=Oop [232]=Oop [240]=Oop [248]=Oop }
                      ;*invokespecial <init> {reexecute=0 rethrow=0 return_oop=0}
                      ; - java.util.jar.JarVerifier::<init>@85
                      ; - java.util.jar.JarFile::getManifestFromReference@78
                      ; - java.util.jar.JarFile::getManifest@1
                      ; - jdk.internal.loader.URLClassPath$JarLoader$2::getManifest@22
                      ; - java.net.URLClassLoader::defineClass@34
                      ; - java.net.URLClassLoader$1::run@43
                      ; - java.net.URLClassLoader$1::run@1
                      ; - java.security.AccessController::executePrivileged@29
                      ; - java.security.AccessController::doPrivileged@13
                      ; - java.net.URLClassLoader::findClass@13
                      ; - java.lang.ClassLoader::loadClass@69
                      ; - java.lang.ClassLoader::loadClass@38
  0x000001febaba9fe0: 9c4a 96ff 

  0x000001febaba9fe4: ;   {other}
  0x000001febaba9fe4: 0f1f 8400 | d44c 003f | 4180 7f40 | 000f 85e1 | 1200 004c | 8b94 24f8 | 0000 004c | 8bdd 4d33 
  0x000001febabaa004: da4c 8bcd | 49c1 e903 | 4c8b 8424 | f800 0000 | 4589 4824 | 49c1 eb16 | 4d85 db74 | 1a49 c1ea 
  0x000001febabaa024: 0948 b900 | 00cf bffe | 0100 0049 | 03ca 8039 | 020f 85d0 | 1500 0049 | 8b87 b801 | 0000 4c8b 
  0x000001febabaa044: d049 83c2 | 184d 3b97 | c801 0000 | 0f83 bf1a | 0000 4d89 | 97b8 0100 | 0041 0f0d | 8ac0 0000 
  0x000001febabaa064: 0048 c700 | 0100 0000 

  0x000001febabaa06c: ;   {metadata('java/util/ArrayList')}
  0x000001febabaa06c: c740 08d0 | 890b 0044 | 8960 0c4c | 8960 104c | 8bd0 498b | ea49 8bd2 

  0x000001febabaa084: ;   {optimized virtual_call}
  0x000001febabaa084: c5f8 77e8 

  0x000001febabaa088: ; ImmutableOopMap {rbp=Oop [40]=NarrowOop [72]=Oop [80]=Oop [120]=Oop [128]=Oop [152]=Oop [176]=Oop [184]=Oop [212]=NarrowOop [216]=Oop [224]=Oop [232]=Oop [240]=Oop [248]=Oop }
                      ;*invokespecial <init> {reexecute=0 rethrow=0 return_oop=0}
                      ; - java.util.jar.JarVerifier::<init>@96
                      ; - java.util.jar.JarFile::getManifestFromReference@78
                      ; - java.util.jar.JarFile::getManifest@1
                      ; - jdk.internal.loader.URLClassPath$JarLoader$2::getManifest@22
                      ; - java.net.URLClassLoader::defineClass@34
                      ; - java.net.URLClassLoader$1::run@43
                      ; - java.net.URLClassLoader$1::run@1
                      ; - java.security.AccessController::executePrivileged@29
                      ; - java.security.AccessController::doPrivileged@13
                      ; - java.net.URLClassLoader::findClass@13
                      ; - java.lang.ClassLoader::loadClass@69
                      ; - java.lang.ClassLoader::loadClass@38
  0x000001febabaa088: f449 96ff 

  0x000001febabaa08c: ;   {other}
  0x000001febabaa08c: 0f1f 8400 | 7c4d 0040 | 4180 7f40 | 000f 8578 | 1200 004c | 8b94 24f8 | 0000 004c | 8bdd 4d33 
  0x000001febabaa0ac: da4c 8bcd | 49c1 e903 | 4c8b 8424 | f800 0000 | 4589 4834 | 49c1 eb16 | 4d85 db74 | 1a49 c1ea 
  0x000001febabaa0cc: 0948 b900 | 00cf bffe | 0100 0049 | 03ca 8039 | 020f 8579 | 1500 0049 | 8b87 b801 | 0000 4c8b 
  0x000001febabaa0ec: d049 83c2 | 304d 3b97 | c801 0000 | 0f83 3b1a | 0000 4d89 | 97b8 0100 | 0041 0f0d | 8ac0 0000 
  0x000001febabaa10c: 0048 c700 | 0100 0000 

  0x000001febabaa114: ;   {metadata('java/util/HashMap')}
  0x000001febabaa114: c740 0868 | a908 0044 | 8960 0c4c | 8960 104c | 8960 184c | 8960 204c | 8960 284c | 8bd0 498b 
  0x000001febabaa134: ea49 8bd2 

  0x000001febabaa138: ;   {optimized virtual_call}
  0x000001febabaa138: c5f8 77e8 

  0x000001febabaa13c: ; ImmutableOopMap {rbp=Oop [40]=NarrowOop [72]=Oop [80]=Oop [120]=Oop [128]=Oop [152]=Oop [176]=Oop [184]=Oop [212]=NarrowOop [216]=Oop [224]=Oop [232]=Oop [240]=Oop [248]=Oop }
                      ;*invokespecial <init> {reexecute=0 rethrow=0 return_oop=0}
                      ; - java.util.jar.JarVerifier::<init>@107
                      ; - java.util.jar.JarFile::getManifestFromReference@78
                      ; - java.util.jar.JarFile::getManifest@1
                      ; - jdk.internal.loader.URLClassPath$JarLoader$2::getManifest@22
                      ; - java.net.URLClassLoader::defineClass@34
                      ; - java.net.URLClassLoader$1::run@43
                      ; - java.net.URLClassLoader$1::run@1
                      ; - java.security.AccessController::executePrivileged@29
                      ; - java.security.AccessController::doPrivileged@13
                      ; - java.net.URLClassLoader::findClass@13
                      ; - java.lang.ClassLoader::loadClass@69
                      ; - java.lang.ClassLoader::loadClass@38
  0x000001febabaa13c: 4049 96ff 

  0x000001febabaa140: ;   {other}
  0x000001febabaa140: 0f1f 8400 | 304e 0041 | 4180 7f40 | 000f 8503 | 1200 004c | 8b94 24f8 | 0000 004c | 8bdd 4d33 
  0x000001febabaa160: da4c 8bcd | 49c1 e903 | 4c8b 8424 | f800 0000 | 4589 4838 | 49c1 eb16 | 498b d848 | c1eb 034d 
  0x000001febabaa180: 85db 741a | 49c1 ea09 | 48b9 0000 | cfbf fe01 | 0000 4903 | ca80 3902 | 0f85 6015 | 0000 4180 
  0x000001febabaa1a0: 7f40 000f | 85ec 1100 | 004c 8b94 | 24f0 0000 | 0041 895a | 304c 8b94 | 24f8 0000 | 004c 8b9c 
  0x000001febabaa1c0: 24f0 0000 | 004d 33d3 | 49c1 ea16 | 4d85 d274 | 1a49 c1eb | 0948 b900 | 00cf bffe | 0100 0049 
  0x000001febabaa1e0: 03cb 8039 | 020f 85c2 | 1400 0049 | 8b87 b801 | 0000 4c8b | d049 83c2 | 184d 3b97 | c801 0000 
  0x000001febabaa200: 0f83 8719 | 0000 4d89 | 97b8 0100 | 0041 0f0d | 8ac0 0000 | 0048 c700 | 0100 0000 

  0x000001febabaa21c: ;   {metadata('java/util/jar/Manifest')}
  0x000001febabaa21c: c740 08a0 | e104 0044 | 8960 0c4c | 8960 104c | 8bd0 4c89 | 5424 204c | 8b94 24f0 | 0000 0041 
  0x000001febabaa23c: 8b6a 3049 | 8b87 b801 | 0000 4c8b | d049 83c2 | 204d 3b97 | c801 0000 | 0f83 0319 | 0000 4d89 
  0x000001febabaa25c: 97b8 0100 | 0041 0f0d | 8ac0 0000 | 0048 c700 | 0100 0000 

  0x000001febabaa270: ;   {metadata('java/io/ByteArrayInputStream')}
  0x000001febabaa270: c740 08a0 | 2305 0044 | 8960 0c4c | 8960 104c | 8960 184c | 8bd0 4c89 | 5424 3849 | 8bd2 4c8b 
  0x000001febabaa290: 8424 d800 | 0000 4c8b | 9424 e000 | 0000 4c89 | 9424 a000 | 0000 6690 

  0x000001febabaa2a8: ;   {optimized virtual_call}
  0x000001febabaa2a8: c5f8 77e8 

  0x000001febabaa2ac: ; ImmutableOopMap {rbp=NarrowOop [32]=Oop [40]=NarrowOop [56]=Oop [72]=Oop [80]=Oop [120]=Oop [128]=Oop [160]=Oop [176]=Oop [184]=Oop [212]=NarrowOop [224]=Oop [232]=Oop [240]=Oop }
                      ;*invokespecial <init> {reexecute=0 rethrow=0 return_oop=0}
                      ; - java.util.jar.JarFile::getManifestFromReference@114
                      ; - java.util.jar.JarFile::getManifest@1
                      ; - jdk.internal.loader.URLClassPath$JarLoader$2::getManifest@22
                      ; - java.net.URLClassLoader::defineClass@34
                      ; - java.net.URLClassLoader$1::run@43
                      ; - java.net.URLClassLoader$1::run@1
                      ; - java.security.AccessController::executePrivileged@29
                      ; - java.security.AccessController::doPrivileged@13
                      ; - java.net.URLClassLoader::findClass@13
                      ; - java.lang.ClassLoader::loadClass@69
                      ; - java.lang.ClassLoader::loadClass@38
  0x000001febabaa2ac: d047 96ff 

  0x000001febabaa2b0: ;   {other}
  0x000001febabaa2b0: 0f1f 8400 | a04f 0042 | 4c8b 9424 | f000 0000 | 458b 5a14 | 4c8b c549 | c1e0 0349 | 8bfb 48c1 
  0x000001febabaa2d0: e703 488b | 5424 204c | 8b4c 2438 | 488b 6c24 | 484c 8b94 | 24a0 0000 | 004c 8994 | 2498 0000 
  0x000001febabaa2f0: 0066 6690 

  0x000001febabaa2f4: ;   {optimized virtual_call}
  0x000001febabaa2f4: c5f8 77e8 

  0x000001febabaa2f8: ; ImmutableOopMap {rbp=Oop [32]=Oop [40]=NarrowOop [72]=Oop [80]=Oop [120]=Oop [128]=Oop [152]=Oop [176]=Oop [184]=Oop [212]=NarrowOop [224]=Oop [232]=Oop [240]=Oop }
                      ;*invokespecial <init> {reexecute=0 rethrow=0 return_oop=0}
                      ; - java.util.jar.JarFile::getManifestFromReference@121
                      ; - java.util.jar.JarFile::getManifest@1
                      ; - jdk.internal.loader.URLClassPath$JarLoader$2::getManifest@22
                      ; - java.net.URLClassLoader::defineClass@34
                      ; - java.net.URLClassLoader$1::run@43
                      ; - java.net.URLClassLoader$1::run@1
                      ; - java.security.AccessController::executePrivileged@29
                      ; - java.security.AccessController::doPrivileged@13
                      ; - java.net.URLClassLoader::findClass@13
                      ; - java.lang.ClassLoader::loadClass@69
                      ; - java.lang.ClassLoader::loadClass@38
  0x000001febabaa2f8: 8447 96ff 

  0x000001febabaa2fc: ;   {other}
  0x000001febabaa2fc: 0f1f 8400 | ec4f 0043 | 4c8b 5424 | 204c 8994 | 2400 0100 | 0049 8b87 | b801 0000 | 4c8b d049 
  0x000001febabaa31c: 83c2 284d | 3b97 c801 | 0000 0f83 | 5916 0000 | 4d89 97b8 | 0100 0041 | 0f0d 8ac0 | 0000 0048 
  0x000001febabaa33c: c700 0100 

  0x000001febabaa340: ;   {metadata('java/lang/ref/SoftReference')}
  0x000001febabaa340: 0000 c740 | 0890 df03 | 0044 8960 | 0c4c 8960 | 104c 8960 | 184c 8960 | 204c 8bd0 | 498b ea49 
  0x000001febabaa360: 8bd2 4c8b | 8424 0001 | 0000 4c8b | 9424 e000 | 0000 4c89 | 9424 9800 | 0000 6690 

  0x000001febabaa37c: ;   {optimized virtual_call}
  0x000001febabaa37c: c5f8 77e8 

  0x000001febabaa380: ; ImmutableOopMap {rbp=Oop [40]=NarrowOop [72]=Oop [80]=Oop [120]=Oop [128]=Oop [152]=Oop [176]=Oop [184]=Oop [212]=NarrowOop [224]=Oop [232]=Oop [240]=Oop [256]=Oop }
                      ;*invokespecial <init> {reexecute=0 rethrow=0 return_oop=0}
                      ; - java.util.jar.JarFile::getManifestFromReference@189
                      ; - java.util.jar.JarFile::getManifest@1
                      ; - jdk.internal.loader.URLClassPath$JarLoader$2::getManifest@22
                      ; - java.net.URLClassLoader::defineClass@34
                      ; - java.net.URLClassLoader$1::run@43
                      ; - java.net.URLClassLoader$1::run@1
                      ; - java.security.AccessController::executePrivileged@29
                      ; - java.security.AccessController::doPrivileged@13
                      ; - java.net.URLClassLoader::findClass@13
                      ; - java.lang.ClassLoader::loadClass@69
                      ; - java.lang.ClassLoader::loadClass@38
  0x000001febabaa380: fc15 5cf8 

  0x000001febabaa384: ;   {other}
  0x000001febabaa384: 0f1f 8400 | 7450 0044 | 4180 7f40 | 000f 8540 | 0a00 004c | 8b94 24f0 | 0000 004d | 8bda 4c8b 
  0x000001febabaa3a4: c549 c1e8 | 0345 8942 | 284c 8bd5 | 4d33 d349 | c1ea 164d | 85d2 7419 | 49c1 eb09 | 4c8b 9424 
  0x000001febabaa3c4: 2001 0000 | 4d03 d341 | 803a 020f | 8549 0a00 | 004c 8b94 | 2400 0100 | 004c 8994 | 2498 0000 
  0x000001febabaa3e4: 00e9 b2d7 | ffff 4889 | 4424 50e9 | c6ba ffff | 4c89 5424 | 2848 ff74 | 2478 488f | 4424 204c 
  0x000001febabaa404: 8b94 24b0 | 0000 004c | 8954 2458 | 488b 6c24 | 6866 6690 

  0x000001febabaa418: ;   {static_call}
  0x000001febabaa418: c5f8 77e8 

  0x000001febabaa41c: ; ImmutableOopMap {rbp=Oop [32]=Oop [40]=Oop [72]=Oop [80]=Oop [88]=Oop [104]=Oop [176]=Oop }
                      ;*invokestatic isModuleSystemInited {reexecute=0 rethrow=0 return_oop=0}
                      ; - jdk.internal.loader.BuiltinClassLoader::loadClassOrNull@45
                      ; - jdk.internal.loader.BuiltinClassLoader::loadClass@3
                      ; - java.lang.ClassLoader::loadClass@38
  0x000001febabaa41c: 604c 96ff 

  0x000001febabaa420: ;   {other}
  0x000001febabaa420: 0f1f 8400 | 1051 0045 | 85c0 0f84 | cc01 0000 | 488b 6c24 | 2048 8bd5 | 4c8b 4424 | 284c 8b4c 
  0x000001febabaa440: 2458 4c89 | 4c24 6090 

  0x000001febabaa448: ;   {optimized virtual_call}
  0x000001febabaa448: c5f8 77e8 

  0x000001febabaa44c: ; ImmutableOopMap {rbp=Oop [72]=Oop [80]=Oop [96]=Oop [104]=Oop [176]=Oop }
                      ;*invokevirtual findClassInModuleOrNull {reexecute=0 rethrow=0 return_oop=1}
                      ; - jdk.internal.loader.BuiltinClassLoader::loadClassOrNull@55
                      ; - jdk.internal.loader.BuiltinClassLoader::loadClass@3
                      ; - java.lang.ClassLoader::loadClass@38
  0x000001febabaa44c: 3046 96ff 

  0x000001febabaa450: ;   {other}
  0x000001febabaa450: 0f1f 8400 | 4051 0046 | 488b d8e9 | c5ec ffff | 458b c3e9 | bcc6 ffff | 4489 9c24 | a800 0000 
  0x000001febabaa470: e903 d2ff | ff48 8944 | 2420 e972 | c0ff ff4d | 894c f420 | e9fa d6ff | ff48 8944 | 2420 e9b6 
  0x000001febabaa490: bcff ff33 | ede9 10da | ffff 458b | cee9 ecca | ffff 4c89 | 5424 2048 | 8bac 24a0 | 0000 004c 
  0x000001febabaa4b0: 8b94 24b0 | 0000 004c | 8954 2458 

  0x000001febabaa4bc: ;   {static_call}
  0x000001febabaa4bc: c5f8 77e8 

  0x000001febabaa4c0: ; ImmutableOopMap {rbp=Oop [32]=Oop [40]=NarrowOop [72]=Oop [80]=Oop [88]=Oop [120]=Oop [168]=Oop [176]=Oop [184]=Oop }
                      ;*invokestatic isModuleSystemInited {reexecute=0 rethrow=0 return_oop=0}
                      ; - jdk.internal.loader.BuiltinClassLoader::loadClassOrNull@45
                      ; - jdk.internal.loader.BuiltinClassLoader::loadClass@3
                      ; - java.lang.ClassLoader::loadClass@38
                      ; - java.lang.ClassLoader::loadClass@38
  0x000001febabaa4c0: bc4b 96ff 

  0x000001febabaa4c4: ;   {other}
  0x000001febabaa4c4: 0f1f 8400 | b451 0047 | 85c0 0f84 | 2f01 0000 | 488b d54c | 8b44 2420 | 4c8b 4c24 | 584c 894c 
  0x000001febabaa4e4: 2470 4c89 | 8c24 8800 | 0000 4c8b | 9424 a800 | 0000 4c89 | 9424 9800 | 0000 6690 

  0x000001febabaa500: ;   {optimized virtual_call}
  0x000001febabaa500: c5f8 77e8 

  0x000001febabaa504: ; ImmutableOopMap {rbp=Oop [40]=NarrowOop [72]=Oop [80]=Oop [112]=Oop [120]=Oop [136]=Oop [152]=Oop [168]=Oop [176]=Oop [184]=Oop }
                      ;*invokevirtual findClassInModuleOrNull {reexecute=0 rethrow=0 return_oop=1}
                      ; - jdk.internal.loader.BuiltinClassLoader::loadClassOrNull@55
                      ; - jdk.internal.loader.BuiltinClassLoader::loadClass@3
                      ; - java.lang.ClassLoader::loadClass@38
                      ; - java.lang.ClassLoader::loadClass@38
  0x000001febabaa504: 7845 96ff 

  0x000001febabaa508: ;   {other}
  0x000001febabaa508: 0f1f 8400 | f851 0048 | 488b d8e9 | 1bcc ffff | 488b 5424 | 3841 b801 | 0000 0048 | 8b6c 2448 
  0x000001febabaa528: 4c8b 9424 | e000 0000 | 4c89 9424 | 9800 0000 

  0x000001febabaa538: ;   {optimized virtual_call}
  0x000001febabaa538: c5f8 77e8 

  0x000001febabaa53c: ; ImmutableOopMap {rbp=Oop [40]=NarrowOop [56]=Oop [72]=Oop [80]=Oop [120]=Oop [128]=Oop [152]=Oop [176]=Oop [184]=Oop [200]=NarrowOop [212]=NarrowOop [224]=Oop [232]=Oop }
                      ;*invokevirtual getManifestName {reexecute=0 rethrow=0 return_oop=1}
                      ; - java.util.zip.ZipFile$1::getManifestName@2
                      ; - java.util.jar.JarFile::maybeInstantiateVerifier@20
                      ; - java.util.jar.JarFile::ensureInitialization@1
                      ; - java.util.jar.JavaUtilJarAccessImpl::ensureInitialization@1
                      ; - jdk.internal.loader.URLClassPath$JarLoader$2::getManifest@10
                      ; - java.net.URLClassLoader::defineClass@34
                      ; - java.net.URLClassLoader$1::run@43
                      ; - java.net.URLClassLoader$1::run@1
                      ; - java.security.AccessController::executePrivileged@29
                      ; - java.security.AccessController::doPrivileged@13
                      ; - java.net.URLClassLoader::findClass@13
                      ; - java.lang.ClassLoader::loadClass@69
                      ; - java.lang.ClassLoader::loadClass@38
  0x000001febabaa53c: 40fc 5df8 

  0x000001febabaa540: ;   {other}
  0x000001febabaa540: 0f1f 8400 | 3052 0049 | 4885 c00f | 8527 4a00 | 0044 8b9c | 24c8 0000 | 0047 8864 | dc12 458b 
  0x000001febabaa560: d343 8b6c | d430 85ed | 0f84 11d5 | ffff ba45 | ffff ff4c | 8b54 2448 | 4c89 5424 | 204c 8b54 
  0x000001febabaa580: 2450 4c89 | 5424 484c | 8b54 2478 | 4c89 5424 | 584c 8b54 | 2468 4c89 | 5424 604c | 8b54 2470 
  0x000001febabaa5a0: 4c89 5424 | 684c 8b94 | 2498 0000 | 004c 8994 | 2488 0000 | 0044 8b9c | 24d4 0000 | 0044 895c 
  0x000001febabaa5c0: 2434 6690 

  0x000001febabaa5c4: ;   {runtime_call UncommonTrapBlob}
  0x000001febabaa5c4: c5f8 77e8 

  0x000001febabaa5c8: ; ImmutableOopMap {rbp=NarrowOop [32]=Oop [52]=NarrowOop [72]=Oop [88]=Oop [128]=Oop [136]=Oop [176]=Oop [184]=Oop [200]=NarrowOop [232]=Oop }
                      ;*ifnull {reexecute=1 rethrow=0 return_oop=0}
                      ; - (reexecute) java.util.jar.JarFile::ensureInitialization@21
                      ; - java.util.jar.JavaUtilJarAccessImpl::ensureInitialization@1
                      ; - jdk.internal.loader.URLClassPath$JarLoader$2::getManifest@10
                      ; - java.net.URLClassLoader::defineClass@34
                      ; - java.net.URLClassLoader$1::run@43
                      ; - java.net.URLClassLoader$1::run@1
                      ; - java.security.AccessController::executePrivileged@29
                      ; - java.security.AccessController::doPrivileged@13
                      ; - java.net.URLClassLoader::findClass@13
                      ; - java.lang.ClassLoader::loadClass@69
                      ; - java.lang.ClassLoader::loadClass@38
  0x000001febabaa5c8: b49d 96ff 

  0x000001febabaa5cc: ;   {other}
  0x000001febabaa5cc: 0f1f 8400 | bc52 004a | 4889 4424 | 20e9 bbc1 | ffff 4533 | dbe9 49cf | ffff 33ed | e9bb e2ff 
  0x000001febabaa5ec: ff49 b800 | 00cf bffe | 0100 00e9 | 98cd ffff | 33db e922 | ebff ff33 | dbe9 29cb | ffff 48b9 
  0x000001febabaa60c: 0000 cfbf | fe01 0000 | 41b8 ffff | ffff e906 | e3ff ff48 | 8b5c 2470 | 448b 4314 | 4585 c00f 
  0x000001febabaa62c: 8459 e5ff | ff4d 8b57 | 2849 8bc8 | 48c1 e103 | 4d85 d20f | 84a7 2900 | 004d 8b47 | 384b 894c 
  0x000001febabaa64c: 10f8 4983 | c2f8 4d89 | 5728 e92f | e5ff ff4d | 8b57 584d | 8b5f 48f0 | 8344 24c0 | 0041 8038 
  0x000001febabaa66c: 000f 844a | e5ff ff45 | 8820 4d85 | db75 2349 | 8bc8 498b | d7c5 f877 | 49ba 40a3 | 9386 f87f 
  0x000001febabaa68c: 0000 41ff 

  0x000001febabaa690: ;   {other}
  0x000001febabaa690: d20f 1f84 | 0000 0000 | 00e9 1fe5 | ffff 4f89 | 441a f849 | 83c3 f84d | 895f 48e9 | 0de5 ffff 
  0x000001febabaa6b0: 49ba 0000 | cfbf fe01 | 0000 4c89 | 9424 d800 | 0000 41b8 | ffff ffff | e957 c4ff | ff41 b801 
  0x000001febabaa6d0: 0000 0044 | 3b44 2434 | 7d3c 4c8b | 5424 3847 | 0fbe 5402 | 1041 83fa | 2e0f 848e | 1200 0041 
  0x000001febabaa6f0: ffc0 443b | 4424 347c | e14c 8b8c | 24b0 0000 | 004c 8b9c | 2480 0000 | 0044 8b84 | 24c0 0000 
  0x000001febabaa710: 00e9 e4da | ffff 4c8b | 8c24 b000 | 0000 4c8b | 9c24 8000 | 0000 448b | 8424 c000 | 0000 e9c7 
  0x000001febabaa730: daff ff49 | 8bdb 4d8b | d044 8bdd | 4d63 c34d | 8d58 1049 | 8bcb 4883 | e1f8 488b | fb48 03f9 
  0x000001febabaa750: 49c1 eb03 | 4d2b d349 | 8bca 4833 | c048 83f9 | 087f 1048 | ffc9 784f | 4889 04cf | 48ff c97d 
  0x000001febabaa770: f7eb 44c5 | fdef c0e9 | 0d00 0000 | c5fe 7f07 | c5fe 7f47 | 2048 83c7 | 4048 83e9 | 087d ed48 
  0x000001febabaa790: ;   {no_reloc}
  0x000001febabaa790: 83c1 047c | 0cc5 fe7f | 0748 83c7 | 2048 83e9 | 0448 83c1 | 047e 1048 | ffc9 c5f9 | d607 4883 
  0x000001febabaa7b0: c708 48ff | c97d f348 | 8b4c 2438 | c5f8 7749 | bac0 444f | bafe 0100 | 0041 ffd2 

  0x000001febabaa7cc: ;   {other}
  0x000001febabaa7cc: 0f1f 8400 | 0000 0000 | 4c8b dbe9 | 9ee3 ffff | 4c8b 8424 | 8800 0000 | 458b 5814 | 4585 db0f 
  0x000001febabaa7ec: 84bb c5ff | ff4d 8b57 | 2849 8bcb | 48c1 e103 | 4d85 d20f | 84b3 3600 | 0048 8bbc | 2488 0000 
  0x000001febabaa80c: 004d 8b5f | 384b 894c | 13f8 4983 | c2f8 4d89 | 5728 4c8b | c7e9 86c5 | ffff 4d8b | 5748 4d8b 
  0x000001febabaa82c: 5f58 f083 | 4424 c000 | 8039 000f | 84a6 c5ff | ff44 8821 | 4d85 d275 | 2649 8bd8 | 498b d7c5 
  0x000001febabaa84c: f877 49ba | 40a3 9386 | f87f 0000 

  0x000001febabaa858: ;   {other}
  0x000001febabaa858: 41ff d20f | 1f84 0000 | 0000 004c | 8bc3 e978 | c5ff ff4b | 894c 13f8 | 4983 c2f8 | 4d89 5748 
  0x000001febabaa878: e966 c5ff | ff85 ed0f | 84dd d2ff | ff49 8bdb | 4d8b 5728 | 488b cd48 | c1e1 034d | 85d2 0f84 
  0x000001febabaa898: 4436 0000 | 4d8b 5f38 | 4b89 4c13 | f849 83c2 | f84d 8957 | 284c 8bdb | e9ad d2ff | ff4c 8b94 
  0x000001febabaa8b8: 24e8 0000 | 0045 8b52 | 1445 85d2 | 0f84 3ed0 | ffff 4d8b | 5f28 498b | ca48 c1e1 | 034d 85db 
  0x000001febabaa8d8: 0f84 2236 | 0000 4d8b | 5738 4b89 | 4c1a f849 | 83c3 f84d | 895f 28e9 | 14d0 ffff | 4d8b 5758 
  0x000001febabaa8f8: 4d8b 5f48 | f083 4424 | c000 8039 | 000f 8439 | d0ff ff44 | 8821 4d85 | db75 2049 | 8bd7 c5f8 
  0x000001febabaa918: 7749 ba40 | a393 86f8 | 7f00 0041 

  0x000001febabaa924: ;   {other}
  0x000001febabaa924: ffd2 0f1f | 8400 0000 | 0000 e911 | d0ff ff4b | 894c 1af8 | 4983 c3f8 | 4d89 5f48 | e9ff cfff 
  0x000001febabaa944: ff45 33d2 | 4c89 9424 | 9800 0000 | e947 d2ff | ff4c 63c5 | 4d8d 5810 | 4d8b cb49 | 83e1 f848 
  0x000001febabaa964: 8bfb 4903 | f949 c1eb | 034d 2bd3 | 498b ca48 | 33c0 4883 | f908 7f10 | 48ff c978 | 4f48 8904 
  0x000001febabaa984: cf48 ffc9 | 7df7 eb44 | c5fd efc0 | e90d 0000 | 00c5 fe7f | 07c5 fe7f | 4720 4883 | c740 4883 
  0x000001febabaa9a4: e908 7ded | 4883 c104 | 7c0c c5fe | 7f07 4883 | c720 4883 | e904 4883 | c104 7e10 | 48ff c9c5 
  0x000001febabaa9c4: f9d6 0748 | 83c7 0848 | ffc9 7df3 | 488b 4c24 | 38c5 f877 | 49ba c044 | 4fba fe01 | 0000 41ff 
  0x000001febabaa9e4: ;   {other}
  0x000001febabaa9e4: d20f 1f84 | 0000 0000 | 00e9 a7c3 | ffff 33c0 | e9d6 e1ff | ff4c 63c5 | 4d8d 4810 | 4d8b d949 
  0x000001febabaaa04: 83e3 f848 | 8bfb 4903 | fb49 c1e9 | 034d 2bd1 | 498b ca48 | 33c0 4883 | f908 7f10 | 48ff c978 
  0x000001febabaaa24: 4f48 8904 | cf48 ffc9 | 7df7 eb44 | c5fd efc0 | e90d 0000 | 00c5 fe7f | 07c5 fe7f | 4720 4883 
  0x000001febabaaa44: c740 4883 | e908 7ded | 4883 c104 | 7c0c c5fe | 7f07 4883 | c720 4883 | e904 4883 | c104 7e10 
  0x000001febabaaa64: 48ff c9c5 | f9d6 0748 | 83c7 0848 | ffc9 7df3 | 488b 4c24 | 58c5 f877 | 49ba c044 | 4fba fe01 
  0x000001febabaaa84: 0000 41ff 

  0x000001febabaaa88: ;   {other}
  0x000001febabaaa88: d20f 1f84 | 0000 0000 | 00e9 67ce | ffff 488b | 9424 b800 | 0000 4c8b | 8424 e800 | 0000 4533 
  0x000001febabaaaa8: c933 ff33 | f633 c945 | 33d2 4c89 | 1424 4c89 | 5424 084c | 8954 2410 | 4c8b 9424 | e000 0000 
  0x000001febabaaac8: 4c89 9424 | a000 0000 

  0x000001febabaaad0: ;   {optimized virtual_call}
  0x000001febabaaad0: c5f8 77e8 

  0x000001febabaaad4: ; ImmutableOopMap {[32]=Oop [40]=NarrowOop [72]=Oop [80]=Oop [120]=Oop [128]=Oop [160]=Oop [176]=Oop [184]=Oop [212]=NarrowOop [224]=Oop [232]=Oop }
                      ;*invokevirtual definePackage {reexecute=0 rethrow=0 return_oop=1}
                      ; - java.net.URLClassLoader::defineClass@81
                      ; - java.net.URLClassLoader$1::run@43
                      ; - java.net.URLClassLoader$1::run@1
                      ; - java.security.AccessController::executePrivileged@29
                      ; - java.security.AccessController::doPrivileged@13
                      ; - java.net.URLClassLoader::findClass@13
                      ; - java.lang.ClassLoader::loadClass@69
                      ; - java.lang.ClassLoader::loadClass@38
  0x000001febabaaad4: a83f 96ff 

  0x000001febabaaad8: ;   {other}
  0x000001febabaaad8: 0f1f 8400 | c857 004b | e918 d1ff | ff44 895c 

  0x000001febabaaae8: ;   {metadata('java/lang/Object')}
  0x000001febabaaae8: 242c 48ba | 900e 00cd | fe01 0000 | 488b 6c24 | 484c 8944 | 2440 6690 

  0x000001febabaab00: ;   {runtime_call _new_instance_Java}
  0x000001febabaab00: c5f8 77e8 

  0x000001febabaab04: ; ImmutableOopMap {rbp=Oop [44]=NarrowOop [64]=Oop [72]=Oop [176]=Oop }
                      ;*new {reexecute=0 rethrow=0 return_oop=1}
                      ; - java.lang.ClassLoader::getClassLoadingLock@9
                      ; - java.lang.ClassLoader::loadClass@2
  0x000001febabaab04: 78e5 a2ff 

  0x000001febabaab08: ;   {other}
  0x000001febabaab08: 0f1f 8400 | f857 004c | e969 b3ff | ff4c 8b4c | 2420 448b | 5424 284c | 8b5c 2438 | e9d7 e3ff 
  0x000001febabaab28: ;   {oop(""{0x000000068041f448})}
  0x000001febabaab28: ff48 bb48 | f441 8006 | 0000 00e9 | 89e0 ffff | 33c0 e9b4 | c2ff ff4c | 8994 24b8 | 0000 0044 
  0x000001febabaab48: 8944 2428 

  0x000001febabaab4c: ;   {metadata('java/lang/Object')}
  0x000001febabaab4c: 48ba 900e | 00cd fe01 | 0000 4c8b | 9424 b000 | 0000 4c89 | 5424 384c | 8b94 24b8 | 0000 004c 
  0x000001febabaab6c: 8954 2460 

  0x000001febabaab70: ;   {runtime_call _new_instance_Java}
  0x000001febabaab70: c5f8 77e8 

  0x000001febabaab74: ; ImmutableOopMap {rbp=NarrowOop [40]=NarrowOop [56]=Oop [72]=Oop [80]=Oop [96]=Oop [176]=Oop [184]=Oop }
                      ;*new {reexecute=0 rethrow=0 return_oop=1}
                      ; - java.lang.ClassLoader::getClassLoadingLock@9
                      ; - java.lang.ClassLoader::loadClass@2
                      ; - java.lang.ClassLoader::loadClass@38
  0x000001febabaab74: 08e5 a2ff 

  0x000001febabaab78: ;   {other}
  0x000001febabaab78: 0f1f 8400 | 6858 004d | e935 b9ff | ff4c 8b44 | 2420 448b | 5c24 2c4c | 8b54 2438 | e9b3 c5ff 
  0x000001febabaab98: ff4c 8954 

  0x000001febabaab9c: ;   {metadata('java/lang/Object')}
  0x000001febabaab9c: 2478 48ba | 900e 00cd | fe01 0000 | 4c8b 9424 | b000 0000 | 4c89 5424 | 284c 8b54 | 2478 4c89 
  0x000001febabaabbc: 5424 6890 

  0x000001febabaabc0: ;   {runtime_call _new_instance_Java}
  0x000001febabaabc0: c5f8 77e8 

  0x000001febabaabc4: ; ImmutableOopMap {rbp=NarrowOop [40]=Oop [72]=Oop [80]=Oop [104]=Oop [120]=Oop [176]=Oop }
                      ;*new {reexecute=0 rethrow=0 return_oop=1}
                      ; - java.lang.ClassLoader::getClassLoadingLock@9
                      ; - jdk.internal.loader.BuiltinClassLoader::loadClassOrNull@2
                      ; - jdk.internal.loader.BuiltinClassLoader::loadClass@3
                      ; - java.lang.ClassLoader::loadClass@38
  0x000001febabaabc4: b8e4 a2ff 

  0x000001febabaabc8: ;   {other}
  0x000001febabaabc8: 0f1f 8400 | b858 004e | e93d b5ff 

  0x000001febabaabd4: ;   {metadata('java/lang/ClassNotFoundException')}
  0x000001febabaabd4: ff48 ba88 | 9306 cdfe | 0100 0048 | 8b6c 2448 | 4c8b 9424 | b000 0000 | 4c89 5424 | 2066 6690 
  0x000001febabaabf4: ;   {runtime_call _new_instance_Java}
  0x000001febabaabf4: c5f8 77e8 

  0x000001febabaabf8: ; ImmutableOopMap {rbp=Oop [32]=Oop [72]=Oop [80]=Oop [176]=Oop }
                      ;*new {reexecute=0 rethrow=0 return_oop=1}
                      ; - jdk.internal.loader.BuiltinClassLoader::loadClass@11
                      ; - java.lang.ClassLoader::loadClass@38
  0x000001febabaabf8: 84e4 a2ff 

  0x000001febabaabfc: ;   {other}
  0x000001febabaabfc: 0f1f 8400 | ec58 004f | e90d e6ff 

  0x000001febabaac08: ;   {metadata('jdk/internal/loader/URLClassPath$JarLoader$1')}
  0x000001febabaac08: ff48 bab8 | 2c21 cdfe | 0100 004c | 8b94 24c8 | 0000 004c | 8954 2420 

  0x000001febabaac20: ;   {runtime_call _new_instance_Java}
  0x000001febabaac20: c5f8 77e8 

  0x000001febabaac24: ; ImmutableOopMap {[32]=Oop [40]=NarrowOop [44]=NarrowOop [52]=NarrowOop [56]=Oop [72]=Oop [80]=Oop [120]=Oop [128]=Oop [136]=NarrowOop [152]=Oop [160]=Oop [176]=Oop [184]=Oop [216]=Oop }
                      ;*new {reexecute=0 rethrow=0 return_oop=1}
                      ; - jdk.internal.loader.URLClassPath$JarLoader::ensureOpen@7
                      ; - jdk.internal.loader.URLClassPath$JarLoader::getResource@1
                      ; - jdk.internal.loader.URLClassPath::getResource@53
                      ; - java.net.URLClassLoader$1::run@26
                      ; - java.net.URLClassLoader$1::run@1
                      ; - java.security.AccessController::executePrivileged@29
                      ; - java.security.AccessController::doPrivileged@13
                      ; - java.net.URLClassLoader::findClass@13
                      ; - java.lang.ClassLoader::loadClass@69
                      ; - java.lang.ClassLoader::loadClass@38
  0x000001febabaac24: 58e4 a2ff 

  0x000001febabaac28: ;   {other}
  0x000001febabaac28: 0f1f 8400 | 1859 0050 | e92e dcff | ff44 8944 | 2424 4889 

  0x000001febabaac3c: ;   {metadata('java/lang/String')}
  0x000001febabaac3c: 4c24 3848 | ba78 e800 | cdfe 0100 | 004c 8b94 | 24b0 0000 | 004c 8954 | 2458 6690 

  0x000001febabaac58: ;   {runtime_call _new_instance_Java}
  0x000001febabaac58: c5f8 77e8 

  0x000001febabaac5c: ; ImmutableOopMap {rbp=Oop [44]=NarrowOop [72]=Oop [80]=Oop [88]=Oop [104]=Oop [120]=Oop [176]=Oop }
                      ;*new {reexecute=0 rethrow=0 return_oop=1}
                      ; - java.lang.StringLatin1::newString@7
                      ; - java.lang.String::substring@41
                      ; - jdk.internal.loader.BuiltinClassLoader::findLoadedModule@16
                      ; - jdk.internal.loader.BuiltinClassLoader::loadClassOrNull@22
                      ; - jdk.internal.loader.BuiltinClassLoader::loadClass@3
                      ; - java.lang.ClassLoader::loadClass@38
  0x000001febabaac5c: 20e4 a2ff 

  0x000001febabaac60: ;   {other}
  0x000001febabaac60: 0f1f 8400 | 5059 0051 | 488b 4c24 | 3844 8b44 | 2424 4c8b | c8e9 10dd 

  0x000001febabaac78: ;   {metadata({type array byte})}
  0x000001febabaac78: ffff 48ba | 1823 00cd | fe01 0000 | 448b c548 | 8b6c 2448 | 4c8b 9424 | b000 0000 | 4c89 5424 
  0x000001febabaac98: 204c 899c | 24c8 0000 | 0066 6690 

  0x000001febabaaca4: ;   {runtime_call _new_array_Java}
  0x000001febabaaca4: c5f8 77e8 

  0x000001febabaaca8: ; ImmutableOopMap {rbp=Oop [32]=Oop [40]=NarrowOop [72]=Oop [80]=Oop [120]=Oop [128]=Oop [136]=Oop [152]=Oop [176]=Oop [184]=Oop }
                      ;*invokevirtual allocateUninitializedArray0 {reexecute=0 rethrow=0 return_oop=1}
                      ; - jdk.internal.misc.Unsafe::allocateUninitializedArray@51
                      ; - java.lang.StringConcatHelper::newArray@33
                      ; - java.lang.StringConcatHelper::simpleConcat@61
                      ; - java.lang.String::concat@11
                      ; - java.net.URLClassLoader$1::run@13
                      ; - java.net.URLClassLoader$1::run@1
                      ; - java.security.AccessController::executePrivileged@29
                      ; - java.security.AccessController::doPrivileged@13
                      ; - java.net.URLClassLoader::findClass@13
                      ; - java.lang.ClassLoader::loadClass@69
                      ; - java.lang.ClassLoader::loadClass@38
  0x000001febabaaca8: 54b6 a2ff 

  0x000001febabaacac: ;   {other}
  0x000001febabaacac: 0f1f 8400 | 9c59 0052 | 4c8b c8e9 | 73d6 ffff 

  0x000001febabaacbc: ;   {metadata('java/lang/String')}
  0x000001febabaacbc: 48ba 78e8 | 00cd fe01 | 0000 488b | 6c24 484c | 8b94 24b0 | 0000 004c | 8954 2420 

  0x000001febabaacd8: ;   {runtime_call _new_instance_Java}
  0x000001febabaacd8: c5f8 77e8 

  0x000001febabaacdc: ; ImmutableOopMap {rbp=Oop [32]=Oop [40]=NarrowOop [72]=Oop [80]=Oop [120]=Oop [128]=Oop [176]=Oop [184]=Oop [192]=Oop }
                      ;*new {reexecute=0 rethrow=0 return_oop=1}
                      ; - java.lang.StringConcatHelper::newString@6
                      ; - java.lang.StringConcatHelper::simpleConcat@90
                      ; - java.lang.String::concat@11
                      ; - java.net.URLClassLoader$1::run@13
                      ; - java.net.URLClassLoader$1::run@1
                      ; - java.security.AccessController::executePrivileged@29
                      ; - java.security.AccessController::doPrivileged@13
                      ; - java.net.URLClassLoader::findClass@13
                      ; - java.lang.ClassLoader::loadClass@69
                      ; - java.lang.ClassLoader::loadClass@38
  0x000001febabaacdc: a0e3 a2ff 

  0x000001febabaace0: ;   {other}
  0x000001febabaace0: 0f1f 8400 | d059 0053 | e93b d7ff 

  0x000001febabaacec: ;   {oop(""{0x000000068041f448})}
  0x000001febabaacec: ff49 b848 | f441 8006 | 0000 00e9 | ebc0 ffff 

  0x000001febabaacfc: ;   {metadata('java/lang/ClassNotFoundException')}
  0x000001febabaacfc: 48ba 8893 | 06cd fe01 | 0000 488b | 6c24 4890 

  0x000001febabaad0c: ;   {runtime_call _new_instance_Java}
  0x000001febabaad0c: c5f8 77e8 

  0x000001febabaad10: ; ImmutableOopMap {rbp=Oop [72]=Oop [80]=Oop [120]=Oop [176]=Oop [184]=Oop }
                      ;*new {reexecute=0 rethrow=0 return_oop=1}
                      ; - java.net.URLClassLoader::findClass@36
                      ; - java.lang.ClassLoader::loadClass@69
                      ; - java.lang.ClassLoader::loadClass@38
  0x000001febabaad10: 6ce3 a2ff 

  0x000001febabaad14: ;   {other}
  0x000001febabaad14: 0f1f 8400 | 045a 0054 | e960 d9ff 

  0x000001febabaad20: ;   {metadata({type array byte})}
  0x000001febabaad20: ff48 ba18 | 2300 cdfe | 0100 0044 | 8b44 2434 | 4c8b 9424 | b000 0000 | 4c89 5424 | 5866 6690 
  0x000001febabaad40: ;   {runtime_call _new_array_Java}
  0x000001febabaad40: c5f8 77e8 

  0x000001febabaad44: ; ImmutableOopMap {[40]=NarrowOop [56]=Oop [72]=Oop [80]=Oop [88]=Oop [120]=Oop [128]=Oop [176]=Oop [184]=Oop [192]=NarrowOop }
                      ;*invokevirtual allocateUninitializedArray0 {reexecute=0 rethrow=0 return_oop=1}
                      ; - jdk.internal.misc.Unsafe::allocateUninitializedArray@51
                      ; - java.lang.StringConcatHelper::newArray@33
                      ; - java.lang.StringLatin1::replace@49
                      ; - java.lang.String::replace@18
                      ; - java.net.URLClassLoader$1::run@8
                      ; - java.net.URLClassLoader$1::run@1
                      ; - java.security.AccessController::executePrivileged@29
                      ; - java.security.AccessController::doPrivileged@13
                      ; - java.net.URLClassLoader::findClass@13
                      ; - java.lang.ClassLoader::loadClass@69
                      ; - java.lang.ClassLoader::loadClass@38
  0x000001febabaad44: b8b5 a2ff 

  0x000001febabaad48: ;   {other}
  0x000001febabaad48: 0f1f 8400 | 385a 0055 | 4c8b c0e9 | d2d1 ffff 

  0x000001febabaad58: ;   {metadata('java/lang/String')}
  0x000001febabaad58: 48ba 78e8 | 00cd fe01 | 0000 488b | 6c24 484c | 8b94 24b0 | 0000 004c | 8954 2420 

  0x000001febabaad74: ;   {runtime_call _new_instance_Java}
  0x000001febabaad74: c5f8 77e8 

  0x000001febabaad78: ; ImmutableOopMap {rbp=Oop [32]=Oop [40]=NarrowOop [72]=Oop [80]=Oop [120]=Oop [128]=Oop [144]=Oop [176]=Oop [184]=Oop }
                      ;*new {reexecute=0 rethrow=0 return_oop=1}
                      ; - java.lang.StringLatin1::replace@116
                      ; - java.lang.String::replace@18
                      ; - java.net.URLClassLoader$1::run@8
                      ; - java.net.URLClassLoader$1::run@1
                      ; - java.security.AccessController::executePrivileged@29
                      ; - java.security.AccessController::doPrivileged@13
                      ; - java.net.URLClassLoader::findClass@13
                      ; - java.lang.ClassLoader::loadClass@69
                      ; - java.lang.ClassLoader::loadClass@38
  0x000001febabaad78: 04e3 a2ff 

  0x000001febabaad7c: ;   {other}
  0x000001febabaad7c: 0f1f 8400 | 6c5a 0056 | 488b c8e9 | 31d4 ffff 

  0x000001febabaad8c: ;   {oop(""{0x000000068041f448})}
  0x000001febabaad8c: 49ba 48f4 | 4180 0600 | 0000 4c89 | 9424 e800 | 0000 e9cd | cbff ff48 | 8beb 4c8b | 9424 b000 
  0x000001febabaadac: 0000 4c89 | 5424 2890 

  0x000001febabaadb4: ;   {static_call}
  0x000001febabaadb4: c5f8 77e8 

  0x000001febabaadb8: ; ImmutableOopMap {rbp=Oop [40]=Oop [72]=Oop [80]=Oop [104]=Oop [120]=Oop [176]=Oop }
                      ;*invokestatic hashCode {reexecute=0 rethrow=0 return_oop=0}
                      ; - java.lang.String::hashCode@37
                      ; - java.util.concurrent.ConcurrentHashMap::get@1
                      ; - jdk.internal.loader.BuiltinClassLoader::findLoadedModule@24
                      ; - jdk.internal.loader.BuiltinClassLoader::loadClassOrNull@22
                      ; - jdk.internal.loader.BuiltinClassLoader::loadClass@3
                      ; - java.lang.ClassLoader::loadClass@38
  0x000001febabaadb8: c442 96ff 

  0x000001febabaadbc: ;   {other}
  0x000001febabaadbc: 0f1f 8400 | ac5a 0057 | e9ff e7ff | ff4c 8bcd | c645 1101 | 33c0 e9f8 | ddff ff4c | 8b94 24f0 
  0x000001febabaaddc: 0000 0045 | 8b5a 2845 | 85db 0f84 | b3f5 ffff | 4d8b 5728 | 498b cb48 | c1e1 034d | 85d2 0f84 
  0x000001febabaadfc: 283d 0000 | 4d8b 5f38 | 4b89 4c13 | f849 83c2 | f84d 8957 | 284c 8b94 | 24f0 0000 | 00e9 81f5 
  0x000001febabaae1c: ffff 4d8b | 5f48 4d8b | 4758 f083 | 4424 c000 | 4180 3a00 | 0f84 9ff5 | ffff 4588 | 224d 85db 
  0x000001febabaae3c: 7523 498b | ca49 8bd7 | c5f8 7749 | ba40 a393 | 86f8 7f00 | 0041 ffd2 

  0x000001febabaae54: ;   {other}
  0x000001febabaae54: 0f1f 8400 | 0000 0000 | e974 f5ff | ff4f 8954 | 18f8 4983 | c3f8 4d89 | 5f48 e962 | f5ff ff48 
  0x000001febabaae74: 894c 2420 | 4489 4424 | 284c 894c | 2470 4889 | 5c24 3848 | 8954 2458 | 4c89 5424 

  0x000001febabaae90: ;   {metadata({type array byte})}
  0x000001febabaae90: 6048 ba18 | 2300 cdfe | 0100 0044 | 8b44 2428 | 4c8b 9424 | b000 0000 | 4c89 9424 | 8000 0000 
  0x000001febabaaeb0: ;   {runtime_call _new_array_nozero_Java}
  0x000001febabaaeb0: c5f8 77e8 

  0x000001febabaaeb4: ; ImmutableOopMap {rbp=Oop [56]=Derived_oop_rbp [72]=Oop [80]=Oop [104]=Oop [112]=Oop [120]=Oop [128]=Oop [176]=Oop }
                      ;*newarray {reexecute=0 rethrow=0 return_oop=1}
                      ; - java.util.Arrays::copyOfRangeByte@10
                      ; - java.util.Arrays::copyOfRange@13
                      ; - java.lang.StringLatin1::newString@16
                      ; - java.lang.String::substring@41
                      ; - jdk.internal.loader.BuiltinClassLoader::findLoadedModule@16
                      ; - jdk.internal.loader.BuiltinClassLoader::loadClassOrNull@22
                      ; - jdk.internal.loader.BuiltinClassLoader::loadClass@3
                      ; - java.lang.ClassLoader::loadClass@38
  0x000001febabaaeb4: c8ab a2ff 

  0x000001febabaaeb8: ;   {other}
  0x000001febabaaeb8: 0f1f 8400 | a85b 0058 | 448b 5424 | 284c 8bd8 | e955 dcff | ff4c 899c | 24a0 0000 

  0x000001febabaaed4: ;   {metadata('java/lang/Object')}
  0x000001febabaaed4: 0048 ba90 | 0e00 cdfe | 0100 004c | 8b94 24b0 | 0000 004c | 8954 2438 

  0x000001febabaaeec: ;   {runtime_call _new_instance_Java}
  0x000001febabaaeec: c5f8 77e8 

  0x000001febabaaef0: ; ImmutableOopMap {rbp=NarrowOop [40]=NarrowOop [56]=Oop [72]=Oop [80]=Oop [120]=Oop [160]=Oop [176]=Oop [184]=Oop }
                      ;*new {reexecute=0 rethrow=0 return_oop=1}
                      ; - java.lang.ClassLoader::getClassLoadingLock@9
                      ; - jdk.internal.loader.BuiltinClassLoader::loadClassOrNull@2
                      ; - jdk.internal.loader.BuiltinClassLoader::loadClass@3
                      ; - java.lang.ClassLoader::loadClass@38
                      ; - java.lang.ClassLoader::loadClass@38
  0x000001febabaaef0: 8ce1 a2ff 

  0x000001febabaaef4: ;   {other}
  0x000001febabaaef4: 0f1f 8400 | e45b 0059 | e956 b8ff 

  0x000001febabaaf00: ;   {metadata('java/security/CodeSource')}
  0x000001febabaaf00: ff48 ba28 | 5c00 cdfe | 0100 0048 | 8b6c 2448 

  0x000001febabaaf10: ;   {runtime_call _new_instance_Java}
  0x000001febabaaf10: c5f8 77e8 

  0x000001febabaaf14: ; ImmutableOopMap {rbp=Oop [32]=Oop [40]=NarrowOop [72]=Oop [80]=Oop [120]=Oop [128]=Oop [168]=Oop [176]=Oop [184]=Oop [212]=NarrowOop [224]=Oop }
                      ;*new {reexecute=0 rethrow=0 return_oop=1}
                      ; - java.net.URLClassLoader::defineClass@190
                      ; - java.net.URLClassLoader$1::run@43
                      ; - java.net.URLClassLoader$1::run@1
                      ; - java.security.AccessController::executePrivileged@29
                      ; - java.security.AccessController::doPrivileged@13
                      ; - java.net.URLClassLoader::findClass@13
                      ; - java.lang.ClassLoader::loadClass@69
                      ; - java.lang.ClassLoader::loadClass@38
  0x000001febabaaf14: 68e1 a2ff 

  0x000001febabaaf18: ;   {other}
  0x000001febabaaf18: 0f1f 8400 | 085c 005a | e998 cdff | ff4c 8944 

  0x000001febabaaf28: ;   {metadata('java/lang/ClassNotFoundException')}
  0x000001febabaaf28: 2420 48ba | 8893 06cd | fe01 0000 | 4c8b 5424 | 4849 8bea | 4c8b 9424 | b000 0000 | 4c89 5424 
  0x000001febabaaf48: 3866 6690 

  0x000001febabaaf4c: ;   {runtime_call _new_instance_Java}
  0x000001febabaaf4c: c5f8 77e8 

  0x000001febabaaf50: ; ImmutableOopMap {rbp=Oop [40]=NarrowOop [56]=Oop [72]=Oop [80]=Oop [120]=Oop [176]=Oop [184]=Oop }
                      ;*new {reexecute=0 rethrow=0 return_oop=1}
                      ; - jdk.internal.loader.BuiltinClassLoader::loadClass@11
                      ; - java.lang.ClassLoader::loadClass@38
                      ; - java.lang.ClassLoader::loadClass@38
  0x000001febabaaf50: 2ce1 a2ff 

  0x000001febabaaf54: ;   {other}
  0x000001febabaaf54: 0f1f 8400 | 445c 005b | e92c c5ff 

  0x000001febabaaf60: ;   {metadata('java/lang/String')}
  0x000001febabaaf60: ff48 ba78 | e800 cdfe | 0100 004c | 8b94 24b0 | 0000 004c | 8954 2458 

  0x000001febabaaf78: ;   {runtime_call _new_instance_Java}
  0x000001febabaaf78: c5f8 77e8 

  0x000001febabaaf7c: ; ImmutableOopMap {rbp=Oop [40]=NarrowOop [72]=Oop [80]=Oop [88]=Oop [120]=Oop [140]=NarrowOop [160]=Oop [168]=Oop [176]=Oop [184]=Oop }
                      ;*new {reexecute=0 rethrow=0 return_oop=1}
                      ; - java.lang.StringLatin1::newString@7
                      ; - java.lang.String::substring@41
                      ; - jdk.internal.loader.BuiltinClassLoader::findLoadedModule@16
                      ; - jdk.internal.loader.BuiltinClassLoader::loadClassOrNull@22
                      ; - jdk.internal.loader.BuiltinClassLoader::loadClass@3
                      ; - java.lang.ClassLoader::loadClass@38
                      ; - java.lang.ClassLoader::loadClass@38
  0x000001febabaaf7c: 00e1 a2ff 

  0x000001febabaaf80: ;   {other}
  0x000001febabaaf80: 0f1f 8400 | 705c 005c | 4c8b d8e9 | febb ffff | bade ffff | ff48 8b6c | 2448 448b | 5424 3044 
  0x000001febabaafa0: 8954 2428 | 4c8b 5424 | 404c 8954 | 2438 4c8b | 5424 504c | 8954 2440 | 4c8b 5424 | 784c 8954 
  0x000001febabaafc0: 2450 4c8b | 5424 684c | 8954 2458 | 4c8b 5424 | 704c 8954 | 2460 4c8b | 9424 8000 | 0000 4c89 
  0x000001febabaafe0: 5424 7844 | 8b9c 2488 | 0000 0044 | 895c 242c | 4889 8424 | 9000 0000 | 4c8b 9424 | a000 0000 
  0x000001febabab000: 4c89 9424 | 9800 0000 

  0x000001febabab008: ;   {runtime_call UncommonTrapBlob}
  0x000001febabab008: c5f8 77e8 

  0x000001febabab00c: ; ImmutableOopMap {rbp=Oop [44]=NarrowOop [64]=Oop [80]=Oop [120]=Oop [144]=Oop [152]=Oop [176]=Oop [184]=Oop [200]=Oop [216]=Oop }
                      ;*invokevirtual getResource {reexecute=0 rethrow=0 return_oop=0}
                      ; - jdk.internal.loader.URLClassPath::getResource@53
                      ; - java.net.URLClassLoader$1::run@26
                      ; - java.net.URLClassLoader$1::run@1
                      ; - java.security.AccessController::executePrivileged@29
                      ; - java.security.AccessController::doPrivileged@13
                      ; - java.net.URLClassLoader::findClass@13
                      ; - java.lang.ClassLoader::loadClass@69
                      ; - java.lang.ClassLoader::loadClass@38
  0x000001febabab00c: 7093 96ff 

  0x000001febabab010: ;   {other}
  0x000001febabab010: 0f1f 8400 | 005d 005d | ba66 ffff | ff48 8b6c | 2448 448b | 5c24 3044 | 895c 2428 | 4c8b 5424 
  0x000001febabab030: 404c 8954 | 2438 4c8b | 5424 504c | 8954 2440 | 4c8b 5424 | 784c 8954 | 2450 4c8b | 5424 684c 
  0x000001febabab050: 8954 2458 | 4c8b 5424 | 704c 8954 | 2460 4c8b | 9424 b000 | 0000 4c89 | 5424 704c | 8b94 2480 
  0x000001febabab070: 0000 004c | 8954 2478 | 448b 9424 | 8800 0000 | 4489 5424 | 2c4c 8b94 | 2498 0000 | 004c 8994 
  0x000001febabab090: 2490 0000 | 0044 898c | 248c 0000 | 0066 6690 

  0x000001febabab0a0: ;   {runtime_call UncommonTrapBlob}
  0x000001febabab0a0: c5f8 77e8 

  0x000001febabab0a4: ; ImmutableOopMap {rbp=Oop [44]=NarrowOop [64]=Oop [80]=Oop [112]=Oop [120]=Oop [140]=NarrowOop [144]=Oop [160]=Oop [168]=Oop [184]=Oop [192]=Oop }
                      ;*invokevirtual getEntry {reexecute=0 rethrow=0 return_oop=0}
                      ; - java.util.jar.JarFile::getJarEntry@2
                      ; - jdk.internal.loader.URLClassPath$JarLoader::getResource@22
                      ; - jdk.internal.loader.URLClassPath::getResource@53
                      ; - java.net.URLClassLoader$1::run@26
                      ; - java.net.URLClassLoader$1::run@1
                      ; - java.security.AccessController::executePrivileged@29
                      ; - java.security.AccessController::doPrivileged@13
                      ; - java.net.URLClassLoader::findClass@13
                      ; - java.lang.ClassLoader::loadClass@69
                      ; - java.lang.ClassLoader::loadClass@38
  0x000001febabab0a4: d892 96ff 

  0x000001febabab0a8: ;   {other}
  0x000001febabab0a8: 0f1f 8400 | 985d 005e 

  0x000001febabab0b0: ;   {metadata('java/lang/String')}
  0x000001febabab0b0: 48ba 78e8 | 00cd fe01 | 0000 488b | ac24 d800 | 0000 4c8b | 9424 c800 | 0000 4c89 | 5424 204c 
  0x000001febabab0d0: 8b94 24e0 | 0000 004c | 8994 24c8 | 0000 0090 

  0x000001febabab0e0: ;   {runtime_call _new_instance_Java}
  0x000001febabab0e0: c5f8 77e8 

  0x000001febabab0e4: ; ImmutableOopMap {rbp=Oop [32]=Oop [40]=NarrowOop [56]=Oop [72]=Oop [80]=Oop [120]=Oop [128]=Oop [176]=Oop [184]=Oop [200]=Oop [208]=NarrowOop [212]=NarrowOop [224]=Oop }
                      ;*new {reexecute=0 rethrow=0 return_oop=1}
                      ; - java.lang.StringLatin1::newString@7
                      ; - java.lang.String::substring@41
                      ; - java.net.URLClassLoader::defineClass@28
                      ; - java.net.URLClassLoader$1::run@43
                      ; - java.net.URLClassLoader$1::run@1
                      ; - java.security.AccessController::executePrivileged@29
                      ; - java.security.AccessController::doPrivileged@13
                      ; - java.net.URLClassLoader::findClass@13
                      ; - java.lang.ClassLoader::loadClass@69
                      ; - java.lang.ClassLoader::loadClass@38
  0x000001febabab0e4: 98df a2ff 

  0x000001febabab0e8: ;   {other}
  0x000001febabab0e8: 0f1f 8400 | d85d 005f | 4c8b d8e9 | 10c6 ffff | 4c8b 9424 | f800 0000 | 458b 5a2c | 4585 db0f 
  0x000001febabab108: 840c e9ff | ff4d 8b57 | 2849 8bcb | 48c1 e103 | 4d85 d20f | 84d7 3c00 | 004d 8b5f | 384b 894c 
  0x000001febabab128: 13f8 4983 | c2f8 4d89 | 5728 e9e2 | e8ff ff4c | 8b94 24f8 | 0000 0045 | 8b5a 1445 | 85db 0f84 
  0x000001febabab148: 5bea ffff | 4d8b 5728 | 498b cb48 | c1e1 034d | 85d2 0f84 | d83c 0000 | 4d8b 5f38 | 4b89 4c13 
  0x000001febabab168: f849 83c2 | f84d 8957 | 28e9 31ea | ffff 448b | 551c 4585 | d20f 84db | e9ff ff4d | 8b5f 2849 
  0x000001febabab188: 8bca 48c1 | e103 4d85 | db0f 8481 | 3c00 004d | 8b57 384b | 894c 1af8 | 4983 c3f8 | 4d89 5f28 
  0x000001febabab1a8: e9b1 e9ff | ff44 8b5d | 1c45 85db | 0f84 24eb | ffff 4d8b | 5728 498b | cb48 c1e1 | 034d 85d2 
  0x000001febabab1c8: 0f84 8a3c | 0000 4d8b | 5f38 4b89 | 4c13 f849 | 83c2 f84d | 8957 28e9 | faea ffff 

  0x000001febabab1e4: ;   {no_reloc}
  0x000001febabab1e4: 4c8b 9424 | f800 0000 | 458b 5210 | 4585 d20f | 842e ebff | ff4d 8b5f | 2849 8bca | 48c1 e103 
  0x000001febabab204: 4d85 db0f | 846b 3c00 | 004d 8b57 | 384b 894c | 1af8 4983 | c3f8 4d89 | 5f28 e904 | ebff ff4c 
  0x000001febabab224: 8b94 24f8 | 0000 0045 | 8b5a 1845 | 85db 0f84 | 6fec ffff | 4d8b 5728 | 498b cb48 | c1e1 034d 
  0x000001febabab244: 85d2 0f84 | 6c3c 0000 | 4d8b 5f38 | 4b89 4c13 | f849 83c2 | f84d 8957 | 28e9 45ec | ffff 448b 
  0x000001febabab264: 551c 4585 | d20f 84ef | ebff ff4d | 8b5f 2849 | 8bca 48c1 | e103 4d85 | db0f 8415 | 3c00 004d 
  0x000001febabab284: 8b57 384b | 894c 1af8 | 4983 c3f8 | 4d89 5f28 | e9c5 ebff | ff4c 8b94 | 24f8 0000 | 0045 8b5a 
  0x000001febabab2a4: 1c45 85db | 0f84 a1ec | ffff 4d8b | 5728 498b | cb48 c1e1 | 034d 85d2 | 0f84 163c | 0000 4d8b 
  0x000001febabab2c4: 5f38 4b89 | 4c13 f849 | 83c2 f84d | 8957 28e9 | 77ec ffff | 4c8b 9424 | f800 0000 | 458b 5a24 
  0x000001febabab2e4: ;   {no_reloc}
  0x000001febabab2e4: 4585 db0f | 840a edff | ff4d 8b57 | 2849 8bcb | 48c1 e103 | 4d85 d20f | 84f7 3b00 | 004d 8b5f 
  0x000001febabab304: 384b 894c | 13f8 4983 | c2f8 4d89 | 5728 e9e0 | ecff ff4c | 8b94 24f8 | 0000 0045 | 8b5a 3445 
  0x000001febabab324: 85db 0f84 | 73ed ffff | 4d8b 5728 | 498b cb48 | c1e1 034d | 85d2 0f84 | d83b 0000 | 4d8b 5f38 
  0x000001febabab344: 4b89 4c13 | f849 83c2 | f84d 8957 | 28e9 49ed | ffff 4c8b | 9424 f800 | 0000 458b | 5a38 4585 
  0x000001febabab364: db0f 84e8 | edff ff4d | 8b57 2849 | 8bcb 48c1 | e103 4d85 | d20f 84b9 | 3b00 004d | 8b5f 384b 
  0x000001febabab384: 894c 13f8 | 4983 c2f8 | 4d89 5728 | e9be edff | ff4c 8b94 | 24f0 0000 | 0045 8b52 | 3045 85d2 
  0x000001febabab3a4: 0f84 ffed | ffff 4d8b | 5f28 498b | ca48 c1e1 | 034d 85db | 0f84 9a3b | 0000 4d8b | 5738 4b89 
  0x000001febabab3c4: 4c1a f849 | 83c3 f84d | 895f 28e9 | d5ed ffff | 4d8b 5758 | 4d8b 5f48 | f083 4424 | c000 8039 
  0x000001febabab3e4: ;   {no_reloc}
  0x000001febabab3e4: 000f 84b1 | e7ff ff44 | 8821 4d85 | db75 2049 | 8bd7 c5f8 | 7749 ba40 | a393 86f8 | 7f00 0041 
  0x000001febabab404: ;   {other}
  0x000001febabab404: ffd2 0f1f | 8400 0000 | 0000 e989 | e7ff ff4b | 894c 1af8 | 4983 c3f8 | 4d89 5f48 | e977 e7ff 
  0x000001febabab424: ff4d 8b57 | 484d 8b5f | 58f0 8344 | 24c0 0080 | 3900 0f84 | afe7 ffff | 4488 214d | 85d2 7520 
  0x000001febabab444: 498b d7c5 | f877 49ba | 40a3 9386 | f87f 0000 

  0x000001febabab454: ;   {other}
  0x000001febabab454: 41ff d20f | 1f84 0000 | 0000 00e9 | 87e7 ffff | 4b89 4c13 | f849 83c2 | f84d 8957 | 48e9 75e7 
  0x000001febabab474: ffff 4d8b | 5748 4d8b | 5f58 f083 | 4424 c000 | 8039 000f | 84de e8ff | ff44 8821 | 4d85 d275 
  0x000001febabab494: 2049 8bd7 | c5f8 7749 | ba40 a393 | 86f8 7f00 | 0041 ffd2 

  0x000001febabab4a8: ;   {other}
  0x000001febabab4a8: 0f1f 8400 | 0000 0000 | e9b6 e8ff | ff4b 894c | 13f8 4983 | c2f8 4d89 | 5748 e9a4 | e8ff ff4d 
  0x000001febabab4c8: 8b57 584d | 8b5f 48f0 | 8344 24c0 | 0080 3900 | 0f84 3ee8 | ffff 4488 | 214d 85db | 7520 498b 
  0x000001febabab4e8: d7c5 f877 | 49ba 40a3 | 9386 f87f | 0000 41ff 

  0x000001febabab4f8: ;   {other}
  0x000001febabab4f8: d20f 1f84 | 0000 0000 | 00e9 16e8 | ffff 4b89 | 4c1a f849 | 83c3 f84d | 895f 48e9 | 04e8 ffff 
  0x000001febabab518: 4d8b 5758 | 4d8b 5f48 | f083 4424 | c000 8039 | 000f 846d | e9ff ff44 | 8821 4d85 | db75 2049 
  0x000001febabab538: 8bd7 c5f8 | 7749 ba40 | a393 86f8 | 7f00 0041 

  0x000001febabab548: ;   {other}
  0x000001febabab548: ffd2 0f1f | 8400 0000 | 0000 e945 | e9ff ff4b | 894c 1af8 | 4983 c3f8 | 4d89 5f48 | e933 e9ff 
  0x000001febabab568: ff4d 8b57 | 484d 8b5f | 58f0 8344 | 24c0 0080 | 3900 0f84 | 6be9 ffff | 4488 214d | 85d2 7520 
  0x000001febabab588: 498b d7c5 | f877 49ba | 40a3 9386 | f87f 0000 

  0x000001febabab598: ;   {other}
  0x000001febabab598: 41ff d20f | 1f84 0000 | 0000 00e9 | 43e9 ffff | 4b89 4c13 | f849 83c2 | f84d 8957 | 48e9 31e9 
  0x000001febabab5b8: ffff 4d8b | 5748 4d8b | 5f58 f083 | 4424 c000 | 8039 000f | 84c2 e9ff | ff44 8821 | 4d85 d275 
  0x000001febabab5d8: 2049 8bd7 | c5f8 7749 | ba40 a393 | 86f8 7f00 | 0041 ffd2 

  0x000001febabab5ec: ;   {other}
  0x000001febabab5ec: 0f1f 8400 | 0000 0000 | e99a e9ff | ff4b 894c | 13f8 4983 | c2f8 4d89 | 5748 e988 | e9ff ff4d 
  0x000001febabab60c: 8b57 484d | 8b5f 58f0 | 8344 24c0 | 0080 3900 | 0f84 19ea | ffff 4488 | 214d 85d2 | 7520 498b 
  0x000001febabab62c: d7c5 f877 | 49ba 40a3 | 9386 f87f | 0000 41ff 

  0x000001febabab63c: ;   {other}
  0x000001febabab63c: d20f 1f84 | 0000 0000 | 00e9 f1e9 | ffff 4b89 | 4c13 f849 | 83c2 f84d | 8957 48e9 | dfe9 ffff 
  0x000001febabab65c: 4d8b 5748 | 4d8b 5f58 | f083 4424 | c000 8039 | 000f 8470 | eaff ff44 | 8821 4d85 | d275 2049 
  0x000001febabab67c: 8bd7 c5f8 | 7749 ba40 | a393 86f8 | 7f00 0041 

  0x000001febabab68c: ;   {other}
  0x000001febabab68c: ffd2 0f1f | 8400 0000 | 0000 e948 | eaff ff4b | 894c 13f8 | 4983 c2f8 | 4d89 5748 | e936 eaff 
  0x000001febabab6ac: ff4d 8b57 | 484d 8b5f | 58f0 8344 | 24c0 0080 | 3900 0f84 | 27eb ffff | 4488 214d | 85d2 7520 
  0x000001febabab6cc: 498b d7c5 | f877 49ba | 40a3 9386 | f87f 0000 

  0x000001febabab6dc: ;   {other}
  0x000001febabab6dc: 41ff d20f | 1f84 0000 | 0000 00e9 | ffea ffff | 4b89 4c13 | f849 83c2 | f84d 8957 | 48e9 edea 
  0x000001febabab6fc: ffff 4d8b | 5748 4d8b | 5f58 f083 | 4424 c000 | 8039 000f | 8489 eaff | ff44 8821 | 4d85 d275 
  0x000001febabab71c: 2049 8bd7 | c5f8 7749 | ba40 a393 | 86f8 7f00 | 0041 ffd2 

  0x000001febabab730: ;   {other}
  0x000001febabab730: 0f1f 8400 | 0000 0000 | e961 eaff | ff4b 894c | 13f8 4983 | c2f8 4d89 | 5748 e94f | eaff ff4d 
  0x000001febabab750: 8b57 584d | 8b5f 48f0 | 8344 24c0 | 0080 3900 | 0f84 02e3 | ffff 4488 | 214d 85db | 7520 498b 
  0x000001febabab770: d7c5 f877 | 49ba 40a3 | 9386 f87f | 0000 41ff 

  0x000001febabab780: ;   {other}
  0x000001febabab780: d20f 1f84 | 0000 0000 | 00e9 dae2 | ffff 4b89 | 4c1a f849 | 83c3 f84d | 895f 48e9 | c8e2 ffff 
  0x000001febabab7a0: 4d8b 5758 | 4d8b 5f48 | f083 4424 | c000 8039 | 000f 8457 | e2ff ff44 | 8821 4d85 | db75 2049 
  0x000001febabab7c0: 8bd7 c5f8 | 7749 ba40 | a393 86f8 | 7f00 0041 

  0x000001febabab7d0: ;   {other}
  0x000001febabab7d0: ffd2 0f1f | 8400 0000 | 0000 e92f | e2ff ff4b | 894c 1af8 | 4983 c3f8 | 4d89 5f48 | e91d e2ff 
  0x000001febabab7f0: ff49 8be8 | 4c8b 9424 | b000 0000 | 4c89 5424 | 3866 6690 

  0x000001febabab804: ;   {static_call}
  0x000001febabab804: c5f8 77e8 

  0x000001febabab808: ; ImmutableOopMap {rbp=Oop [40]=NarrowOop [56]=Oop [72]=Oop [80]=Oop [120]=Oop [160]=Oop [168]=Oop [176]=Oop [184]=Oop }
                      ;*invokestatic hashCode {reexecute=0 rethrow=0 return_oop=0}
                      ; - java.lang.String::hashCode@37
                      ; - java.util.concurrent.ConcurrentHashMap::get@1
                      ; - jdk.internal.loader.BuiltinClassLoader::findLoadedModule@24
                      ; - jdk.internal.loader.BuiltinClassLoader::loadClassOrNull@22
                      ; - jdk.internal.loader.BuiltinClassLoader::loadClass@3
                      ; - java.lang.ClassLoader::loadClass@38
                      ; - java.lang.ClassLoader::loadClass@38
  0x000001febabab808: 7438 96ff 

  0x000001febabab80c: ;   {other}
  0x000001febabab80c: 0f1f 8400 | fc64 0060 | e99f deff | ff4c 8bc5 | c645 1101 | 33c0 e9cc | b5ff ff48 | 894c 2420 
  0x000001febabab82c: 4c89 4c24 | 7048 895c | 2438 4c89 

  0x000001febabab838: ;   {metadata({type array byte})}
  0x000001febabab838: 4424 5848 | ba18 2300 | cdfe 0100 | 0045 8bc3 | 4c8b 9424 | b000 0000 | 4c89 5424 | 6066 6690 
  0x000001febabab858: ;   {runtime_call _new_array_nozero_Java}
  0x000001febabab858: c5f8 77e8 

  0x000001febabab85c: ; ImmutableOopMap {rbp=Oop [56]=Derived_oop_rbp [44]=NarrowOop [72]=Oop [80]=Oop [96]=Oop [104]=Oop [112]=Oop [120]=Oop [176]=Oop }
                      ;*invokevirtual clone {reexecute=1 rethrow=0 return_oop=1}
                      ; - (reexecute) java.util.Arrays::copyOfRange@18
                      ; - java.lang.StringLatin1::newString@16
                      ; - java.lang.String::substring@41
                      ; - jdk.internal.loader.BuiltinClassLoader::findLoadedModule@16
                      ; - jdk.internal.loader.BuiltinClassLoader::loadClassOrNull@22
                      ; - jdk.internal.loader.BuiltinClassLoader::loadClass@3
                      ; - java.lang.ClassLoader::loadClass@38
  0x000001febabab85c: 20a2 a2ff 

  0x000001febabab860: ;   {other}
  0x000001febabab860: 0f1f 8400 | 5065 0061 | 488b d8e9 | b5d1 ffff 

  0x000001febabab870: ;   {metadata({type array byte})}
  0x000001febabab870: 48ba 1823 | 00cd fe01 | 0000 448b | 4424 2c4c | 8b94 24b0 | 0000 004c | 8954 2460 

  0x000001febabab88c: ;   {runtime_call _new_array_nozero_Java}
  0x000001febabab88c: c5f8 77e8 

  0x000001febabab890: ; ImmutableOopMap {rbp=Oop [56]=Derived_oop_rbp [40]=NarrowOop [72]=Oop [80]=Oop [96]=Oop [120]=Oop [136]=Oop [160]=Oop [168]=Oop [176]=Oop [184]=Oop }
                      ;*newarray {reexecute=0 rethrow=0 return_oop=1}
                      ; - java.util.Arrays::copyOfRangeByte@10
                      ; - java.util.Arrays::copyOfRange@13
                      ; - java.lang.StringLatin1::newString@16
                      ; - java.lang.String::substring@41
                      ; - jdk.internal.loader.BuiltinClassLoader::findLoadedModule@16
                      ; - jdk.internal.loader.BuiltinClassLoader::loadClassOrNull@22
                      ; - jdk.internal.loader.BuiltinClassLoader::loadClass@3
                      ; - java.lang.ClassLoader::loadClass@38
                      ; - java.lang.ClassLoader::loadClass@38
  0x000001febabab890: eca1 a2ff 

  0x000001febabab894: ;   {other}
  0x000001febabab894: 0f1f 8400 | 8465 0062 | 488b d8e9 | a5b4 ffff 

  0x000001febabab8a4: ;   {metadata({type array byte})}
  0x000001febabab8a4: 48ba 1823 | 00cd fe01 | 0000 6690 

  0x000001febabab8b0: ;   {runtime_call _new_array_nozero_Java}
  0x000001febabab8b0: c5f8 77e8 

  0x000001febabab8b4: ; ImmutableOopMap {[40]=NarrowOop [56]=Oop [88]=Derived_oop_[56] [72]=Oop [80]=Oop [120]=Oop [128]=Oop [176]=Oop [184]=Oop [212]=NarrowOop [224]=Oop [232]=Oop }
                      ;*newarray {reexecute=0 rethrow=0 return_oop=1}
                      ; - java.util.Arrays::copyOfRangeByte@10
                      ; - java.util.Arrays::copyOfRange@13
                      ; - java.lang.StringLatin1::newString@16
                      ; - java.lang.String::substring@41
                      ; - java.net.URLClassLoader::defineClass@28
                      ; - java.net.URLClassLoader$1::run@43
                      ; - java.net.URLClassLoader$1::run@1
                      ; - java.security.AccessController::executePrivileged@29
                      ; - java.security.AccessController::doPrivileged@13
                      ; - java.net.URLClassLoader::findClass@13
                      ; - java.lang.ClassLoader::loadClass@69
                      ; - java.lang.ClassLoader::loadClass@38
  0x000001febabab8b4: c8a1 a2ff 

  0x000001febabab8b8: ;   {other}
  0x000001febabab8b8: 0f1f 8400 | a865 0063 | 488b d8e9 | e3bf ffff 

  0x000001febabab8c8: ;   {metadata({type array byte})}
  0x000001febabab8c8: 48ba 1823 | 00cd fe01 | 0000 448b | 4424 204c | 8b94 24b0 | 0000 004c | 8954 2460 

  0x000001febabab8e4: ;   {runtime_call _new_array_nozero_Java}
  0x000001febabab8e4: c5f8 77e8 

  0x000001febabab8e8: ; ImmutableOopMap {rbp=Oop [56]=Derived_oop_rbp [40]=NarrowOop [44]=NarrowOop [72]=Oop [80]=Oop [96]=Oop [120]=Oop [136]=Oop [160]=Oop [168]=Oop [176]=Oop [184]=Oop }
                      ;*invokevirtual clone {reexecute=1 rethrow=0 return_oop=1}
                      ; - (reexecute) java.util.Arrays::copyOfRange@18
                      ; - java.lang.StringLatin1::newString@16
                      ; - java.lang.String::substring@41
                      ; - jdk.internal.loader.BuiltinClassLoader::findLoadedModule@16
                      ; - jdk.internal.loader.BuiltinClassLoader::loadClassOrNull@22
                      ; - jdk.internal.loader.BuiltinClassLoader::loadClass@3
                      ; - java.lang.ClassLoader::loadClass@38
                      ; - java.lang.ClassLoader::loadClass@38
  0x000001febabab8e8: 94a1 a2ff 

  0x000001febabab8ec: ;   {other}
  0x000001febabab8ec: 0f1f 8400 | dc65 0064 | 4c8b d0e9 | 43b3 ffff 

  0x000001febabab8fc: ;   {metadata({type array byte})}
  0x000001febabab8fc: 48ba 1823 | 00cd fe01 | 0000 488b | 6c24 3844 | 8b44 242c | 4c8b 9424 | e000 0000 | 4c89 9424 
  0x000001febabab91c: c800 0000 

  0x000001febabab920: ;   {runtime_call _new_array_nozero_Java}
  0x000001febabab920: c5f8 77e8 

  0x000001febabab924: ; ImmutableOopMap {rbp=Oop [88]=Derived_oop_rbp [40]=NarrowOop [72]=Oop [80]=Oop [120]=Oop [128]=Oop [176]=Oop [184]=Oop [200]=Oop [208]=NarrowOop [212]=NarrowOop [224]=Oop [232]=Oop }
                      ;*invokevirtual clone {reexecute=1 rethrow=0 return_oop=1}
                      ; - (reexecute) java.util.Arrays::copyOfRange@18
                      ; - java.lang.StringLatin1::newString@16
                      ; - java.lang.String::substring@41
                      ; - java.net.URLClassLoader::defineClass@28
                      ; - java.net.URLClassLoader$1::run@43
                      ; - java.net.URLClassLoader$1::run@1
                      ; - java.security.AccessController::executePrivileged@29
                      ; - java.security.AccessController::doPrivileged@13
                      ; - java.net.URLClassLoader::findClass@13
                      ; - java.lang.ClassLoader::loadClass@69
                      ; - java.lang.ClassLoader::loadClass@38
  0x000001febabab924: 58a1 a2ff 

  0x000001febabab928: ;   {other}
  0x000001febabab928: 0f1f 8400 | 1866 0065 | 4c8b d0e9 | 7dbe ffff | 4c89 9c24 | 8000 0000 | 4c89 8c24 | b000 0000 
  0x000001febabab948: ;   {metadata('java/lang/String')}
  0x000001febabab948: 48ba 78e8 | 00cd fe01 | 0000 488b | 6c24 484c | 898c 2490 | 0000 004c | 898c 2498 | 0000 0090 
  0x000001febabab968: ;   {runtime_call _new_instance_Java}
  0x000001febabab968: c5f8 77e8 

  0x000001febabab96c: ; ImmutableOopMap {rbp=Oop [40]=NarrowOop [72]=Oop [80]=Oop [120]=Oop [128]=Oop [144]=Oop [152]=Oop [176]=Oop [184]=Oop }
                      ;*new {reexecute=0 rethrow=0 return_oop=1}
                      ; - java.lang.StringConcatHelper::simpleConcat@17
                      ; - java.lang.String::concat@11
                      ; - java.net.URLClassLoader$1::run@13
                      ; - java.net.URLClassLoader$1::run@1
                      ; - java.security.AccessController::executePrivileged@29
                      ; - java.security.AccessController::doPrivileged@13
                      ; - java.net.URLClassLoader::findClass@13
                      ; - java.lang.ClassLoader::loadClass@69
                      ; - java.lang.ClassLoader::loadClass@38
  0x000001febabab96c: 10d7 a2ff 

  0x000001febabab970: ;   {other}
  0x000001febabab970: 0f1f 8400 | 6066 0066 | e9bb dcff | ff41 8be8 | e925 c5ff 

  0x000001febabab984: ;   {metadata('java/lang/ref/SoftReference')}
  0x000001febabab984: ff48 ba90 | df03 cdfe | 0100 0048 | 8b6c 2448 | 4c8b 9424 | e000 0000 | 4c89 9424 | 9800 0000 
  0x000001febabab9a4: ;   {runtime_call _new_instance_Java}
  0x000001febabab9a4: c5f8 77e8 

  0x000001febabab9a8: ; ImmutableOopMap {rbp=Oop [40]=NarrowOop [72]=Oop [80]=Oop [120]=Oop [128]=Oop [152]=Oop [176]=Oop [184]=Oop [212]=NarrowOop [224]=Oop [232]=Oop [240]=Oop [256]=Oop }
                      ;*new {reexecute=0 rethrow=0 return_oop=1}
                      ; - java.util.jar.JarFile::getManifestFromReference@184
                      ; - java.util.jar.JarFile::getManifest@1
                      ; - jdk.internal.loader.URLClassPath$JarLoader$2::getManifest@22
                      ; - java.net.URLClassLoader::defineClass@34
                      ; - java.net.URLClassLoader$1::run@43
                      ; - java.net.URLClassLoader$1::run@1
                      ; - java.security.AccessController::executePrivileged@29
                      ; - java.security.AccessController::doPrivileged@13
                      ; - java.net.URLClassLoader::findClass@13
                      ; - java.lang.ClassLoader::loadClass@69
                      ; - java.lang.ClassLoader::loadClass@38
  0x000001febabab9a8: d4d6 a2ff 

  0x000001febabab9ac: ;   {other}
  0x000001febabab9ac: 0f1f 8400 | 9c66 0067 | e9a0 e9ff 

  0x000001febabab9b8: ;   {metadata('java/util/jar/JarVerifier')}
  0x000001febabab9b8: ff48 ba78 | 9e16 cdfe | 0100 0090 

  0x000001febabab9c4: ;   {runtime_call _new_instance_Java}
  0x000001febabab9c4: c5f8 77e8 

  0x000001febabab9c8: ; ImmutableOopMap {rbp=Oop [40]=NarrowOop [72]=Oop [80]=Oop [120]=Oop [128]=Oop [152]=Oop [176]=Oop [184]=Oop [200]=Oop [212]=NarrowOop [216]=Oop [224]=Oop [232]=Oop [240]=Oop }
                      ;*new {reexecute=0 rethrow=0 return_oop=1}
                      ; - java.util.jar.JarFile::getManifestFromReference@69
                      ; - java.util.jar.JarFile::getManifest@1
                      ; - jdk.internal.loader.URLClassPath$JarLoader$2::getManifest@22
                      ; - java.net.URLClassLoader::defineClass@34
                      ; - java.net.URLClassLoader$1::run@43
                      ; - java.net.URLClassLoader$1::run@1
                      ; - java.security.AccessController::executePrivileged@29
                      ; - java.security.AccessController::doPrivileged@13
                      ; - java.net.URLClassLoader::findClass@13
                      ; - java.lang.ClassLoader::loadClass@69
                      ; - java.lang.ClassLoader::loadClass@38
  0x000001febabab9c8: b4d6 a2ff 

  0x000001febabab9cc: ;   {other}
  0x000001febabab9cc: 0f1f 8400 | bc66 0068 | 4c8b d0e9 | a6df ffff 

  0x000001febabab9dc: ;   {metadata('java/util/Hashtable')}
  0x000001febabab9dc: 48ba b8d3 | 00cd fe01 | 0000 488b | 6c24 4890 

  0x000001febabab9ec: ;   {runtime_call _new_instance_Java}
  0x000001febabab9ec: c5f8 77e8 

  0x000001febabab9f0: ; ImmutableOopMap {rbp=Oop [40]=NarrowOop [72]=Oop [80]=Oop [120]=Oop [128]=Oop [152]=Oop [176]=Oop [184]=Oop [212]=NarrowOop [216]=Oop [224]=Oop [232]=Oop [240]=Oop [248]=Oop }
                      ;*new {reexecute=0 rethrow=0 return_oop=1}
                      ; - java.util.jar.JarVerifier::<init>@35
                      ; - java.util.jar.JarFile::getManifestFromReference@78
                      ; - java.util.jar.JarFile::getManifest@1
                      ; - jdk.internal.loader.URLClassPath$JarLoader$2::getManifest@22
                      ; - java.net.URLClassLoader::defineClass@34
                      ; - java.net.URLClassLoader$1::run@43
                      ; - java.net.URLClassLoader$1::run@1
                      ; - java.security.AccessController::executePrivileged@29
                      ; - java.security.AccessController::doPrivileged@13
                      ; - java.net.URLClassLoader::findClass@13
                      ; - java.lang.ClassLoader::loadClass@69
                      ; - java.lang.ClassLoader::loadClass@38
  0x000001febabab9f0: 8cd6 a2ff 

  0x000001febabab9f4: ;   {other}
  0x000001febabab9f4: 0f1f 8400 | e466 0069 | 488b e8e9 | b1e0 ffff 

  0x000001febababa04: ;   {metadata('java/util/Hashtable$Entry'[])}
  0x000001febababa04: 48ba a87f | 13cd fe01 | 0000 41b8 | 0b00 0000 

  0x000001febababa14: ;   {runtime_call _new_array_Java}
  0x000001febababa14: c5f8 77e8 

  0x000001febababa18: ; ImmutableOopMap {rbp=Oop [40]=NarrowOop [72]=Oop [80]=Oop [120]=Oop [128]=Oop [152]=Oop [176]=Oop [184]=Oop [212]=NarrowOop [216]=Oop [224]=Oop [232]=Oop [240]=Oop [248]=Oop }
                      ;*anewarray {reexecute=0 rethrow=0 return_oop=1}
                      ; - java.util.Hashtable::<init>@93
                      ; - java.util.Hashtable::<init>@5
                      ; - java.util.jar.JarVerifier::<init>@39
                      ; - java.util.jar.JarFile::getManifestFromReference@78
                      ; - java.util.jar.JarFile::getManifest@1
                      ; - jdk.internal.loader.URLClassPath$JarLoader$2::getManifest@22
                      ; - java.net.URLClassLoader::defineClass@34
                      ; - java.net.URLClassLoader$1::run@43
                      ; - java.net.URLClassLoader$1::run@1
                      ; - java.security.AccessController::executePrivileged@29
                      ; - java.security.AccessController::doPrivileged@13
                      ; - java.net.URLClassLoader::findClass@13
                      ; - java.lang.ClassLoader::loadClass@69
                      ; - java.lang.ClassLoader::loadClass@38
  0x000001febababa18: e4a8 a2ff 

  0x000001febababa1c: ;   {other}
  0x000001febababa1c: 0f1f 8400 | 0c67 006a | 4c8b d0e9 | 24e1 ffff 

  0x000001febababa2c: ;   {metadata('java/util/Hashtable')}
  0x000001febababa2c: 48ba b8d3 | 00cd fe01 | 0000 488b | 6c24 4890 

  0x000001febababa3c: ;   {runtime_call _new_instance_Java}
  0x000001febababa3c: c5f8 77e8 

  0x000001febababa40: ; ImmutableOopMap {rbp=Oop [40]=NarrowOop [72]=Oop [80]=Oop [120]=Oop [128]=Oop [152]=Oop [176]=Oop [184]=Oop [212]=NarrowOop [216]=Oop [224]=Oop [232]=Oop [240]=Oop [248]=Oop }
                      ;*new {reexecute=0 rethrow=0 return_oop=1}
                      ; - java.util.jar.JarVerifier::<init>@46
                      ; - java.util.jar.JarFile::getManifestFromReference@78
                      ; - java.util.jar.JarFile::getManifest@1
                      ; - jdk.internal.loader.URLClassPath$JarLoader$2::getManifest@22
                      ; - java.net.URLClassLoader::defineClass@34
                      ; - java.net.URLClassLoader$1::run@43
                      ; - java.net.URLClassLoader$1::run@1
                      ; - java.security.AccessController::executePrivileged@29
                      ; - java.security.AccessController::doPrivileged@13
                      ; - java.net.URLClassLoader::findClass@13
                      ; - java.lang.ClassLoader::loadClass@69
                      ; - java.lang.ClassLoader::loadClass@38
  0x000001febababa40: 3cd6 a2ff 

  0x000001febababa44: ;   {other}
  0x000001febababa44: 0f1f 8400 | 3467 006b | 488b e8e9 | e4e1 ffff 

  0x000001febababa54: ;   {metadata('java/util/Hashtable$Entry'[])}
  0x000001febababa54: 48ba a87f | 13cd fe01 | 0000 41b8 | 0b00 0000 

  0x000001febababa64: ;   {runtime_call _new_array_Java}
  0x000001febababa64: c5f8 77e8 

  0x000001febababa68: ; ImmutableOopMap {rbp=Oop [40]=NarrowOop [72]=Oop [80]=Oop [120]=Oop [128]=Oop [152]=Oop [176]=Oop [184]=Oop [212]=NarrowOop [216]=Oop [224]=Oop [232]=Oop [240]=Oop [248]=Oop }
                      ;*anewarray {reexecute=0 rethrow=0 return_oop=1}
                      ; - java.util.Hashtable::<init>@93
                      ; - java.util.Hashtable::<init>@5
                      ; - java.util.jar.JarVerifier::<init>@50
                      ; - java.util.jar.JarFile::getManifestFromReference@78
                      ; - java.util.jar.JarFile::getManifest@1
                      ; - jdk.internal.loader.URLClassPath$JarLoader$2::getManifest@22
                      ; - java.net.URLClassLoader::defineClass@34
                      ; - java.net.URLClassLoader$1::run@43
                      ; - java.net.URLClassLoader$1::run@1
                      ; - java.security.AccessController::executePrivileged@29
                      ; - java.security.AccessController::doPrivileged@13
                      ; - java.net.URLClassLoader::findClass@13
                      ; - java.lang.ClassLoader::loadClass@69
                      ; - java.lang.ClassLoader::loadClass@38
  0x000001febababa68: 94a8 a2ff 

  0x000001febababa6c: ;   {other}
  0x000001febababa6c: 0f1f 8400 | 5c67 006c | 4c8b d0e9 | 54e2 ffff 

  0x000001febababa7c: ;   {metadata('java/util/Hashtable')}
  0x000001febababa7c: 48ba b8d3 | 00cd fe01 | 0000 488b | 6c24 4890 

  0x000001febababa8c: ;   {runtime_call _new_instance_Java}
  0x000001febababa8c: c5f8 77e8 

  0x000001febababa90: ; ImmutableOopMap {rbp=Oop [40]=NarrowOop [72]=Oop [80]=Oop [120]=Oop [128]=Oop [152]=Oop [176]=Oop [184]=Oop [212]=NarrowOop [216]=Oop [224]=Oop [232]=Oop [240]=Oop [248]=Oop }
                      ;*new {reexecute=0 rethrow=0 return_oop=1}
                      ; - java.util.jar.JarVerifier::<init>@57
                      ; - java.util.jar.JarFile::getManifestFromReference@78
                      ; - java.util.jar.JarFile::getManifest@1
                      ; - jdk.internal.loader.URLClassPath$JarLoader$2::getManifest@22
                      ; - java.net.URLClassLoader::defineClass@34
                      ; - java.net.URLClassLoader$1::run@43
                      ; - java.net.URLClassLoader$1::run@1
                      ; - java.security.AccessController::executePrivileged@29
                      ; - java.security.AccessController::doPrivileged@13
                      ; - java.net.URLClassLoader::findClass@13
                      ; - java.lang.ClassLoader::loadClass@69
                      ; - java.lang.ClassLoader::loadClass@38
  0x000001febababa90: ecd5 a2ff 

  0x000001febababa94: ;   {other}
  0x000001febababa94: 0f1f 8400 | 8467 006d | 488b e8e9 | 14e3 ffff 

  0x000001febababaa4: ;   {metadata('java/util/Hashtable$Entry'[])}
  0x000001febababaa4: 48ba a87f | 13cd fe01 | 0000 41b8 | 0b00 0000 

  0x000001febababab4: ;   {runtime_call _new_array_Java}
  0x000001febababab4: c5f8 77e8 

  0x000001febababab8: ; ImmutableOopMap {rbp=Oop [40]=NarrowOop [72]=Oop [80]=Oop [120]=Oop [128]=Oop [152]=Oop [176]=Oop [184]=Oop [212]=NarrowOop [216]=Oop [224]=Oop [232]=Oop [240]=Oop [248]=Oop }
                      ;*anewarray {reexecute=0 rethrow=0 return_oop=1}
                      ; - java.util.Hashtable::<init>@93
                      ; - java.util.Hashtable::<init>@4
                      ; - java.util.jar.JarVerifier::<init>@63
                      ; - java.util.jar.JarFile::getManifestFromReference@78
                      ; - java.util.jar.JarFile::getManifest@1
                      ; - jdk.internal.loader.URLClassPath$JarLoader$2::getManifest@22
                      ; - java.net.URLClassLoader::defineClass@34
                      ; - java.net.URLClassLoader$1::run@43
                      ; - java.net.URLClassLoader$1::run@1
                      ; - java.security.AccessController::executePrivileged@29
                      ; - java.security.AccessController::doPrivileged@13
                      ; - java.net.URLClassLoader::findClass@13
                      ; - java.lang.ClassLoader::loadClass@69
                      ; - java.lang.ClassLoader::loadClass@38
  0x000001febababab8: 44a8 a2ff 

  0x000001febabababc: ;   {other}
  0x000001febabababc: 0f1f 8400 | ac67 006e | 4c8b d0e9 | 84e3 ffff 

  0x000001febababacc: ;   {metadata('java/util/ArrayList')}
  0x000001febababacc: 48ba d089 | 0bcd fe01 | 0000 488b | 6c24 4890 

  0x000001febababadc: ;   {runtime_call _new_instance_Java}
  0x000001febababadc: c5f8 77e8 

  0x000001febababae0: ; ImmutableOopMap {rbp=Oop [40]=NarrowOop [72]=Oop [80]=Oop [120]=Oop [128]=Oop [152]=Oop [176]=Oop [184]=Oop [212]=NarrowOop [216]=Oop [224]=Oop [232]=Oop [240]=Oop [248]=Oop }
                      ;*new {reexecute=0 rethrow=0 return_oop=1}
                      ; - java.util.jar.JarVerifier::<init>@70
                      ; - java.util.jar.JarFile::getManifestFromReference@78
                      ; - java.util.jar.JarFile::getManifest@1
                      ; - jdk.internal.loader.URLClassPath$JarLoader$2::getManifest@22
                      ; - java.net.URLClassLoader::defineClass@34
                      ; - java.net.URLClassLoader$1::run@43
                      ; - java.net.URLClassLoader$1::run@1
                      ; - java.security.AccessController::executePrivileged@29
                      ; - java.security.AccessController::doPrivileged@13
                      ; - java.net.URLClassLoader::findClass@13
                      ; - java.lang.ClassLoader::loadClass@69
                      ; - java.lang.ClassLoader::loadClass@38
  0x000001febababae0: 9cd5 a2ff 

  0x000001febababae4: ;   {other}
  0x000001febababae4: 0f1f 8400 | d467 006f | e93a e4ff 

  0x000001febababaf0: ;   {metadata('java/io/ByteArrayOutputStream')}
  0x000001febababaf0: ff48 ba18 | ff21 cdfe | 0100 0048 | 8b6c 2448 

  0x000001febababb00: ;   {runtime_call _new_instance_Java}
  0x000001febababb00: c5f8 77e8 

  0x000001febababb04: ; ImmutableOopMap {rbp=Oop [40]=NarrowOop [72]=Oop [80]=Oop [120]=Oop [128]=Oop [152]=Oop [176]=Oop [184]=Oop [212]=NarrowOop [216]=Oop [224]=Oop [232]=Oop [240]=Oop [248]=Oop }
                      ;*new {reexecute=0 rethrow=0 return_oop=1}
                      ; - java.util.jar.JarVerifier::<init>@81
                      ; - java.util.jar.JarFile::getManifestFromReference@78
                      ; - java.util.jar.JarFile::getManifest@1
                      ; - jdk.internal.loader.URLClassPath$JarLoader$2::getManifest@22
                      ; - java.net.URLClassLoader::defineClass@34
                      ; - java.net.URLClassLoader$1::run@43
                      ; - java.net.URLClassLoader$1::run@1
                      ; - java.security.AccessController::executePrivileged@29
                      ; - java.security.AccessController::doPrivileged@13
                      ; - java.net.URLClassLoader::findClass@13
                      ; - java.lang.ClassLoader::loadClass@69
                      ; - java.lang.ClassLoader::loadClass@38
  0x000001febababb04: 78d5 a2ff 

  0x000001febababb08: ;   {other}
  0x000001febababb08: 0f1f 8400 | f867 0070 | e9be e4ff 

  0x000001febababb14: ;   {metadata('java/util/ArrayList')}
  0x000001febababb14: ff48 bad0 | 890b cdfe | 0100 0048 | 8b6c 2448 

  0x000001febababb24: ;   {runtime_call _new_instance_Java}
  0x000001febababb24: c5f8 77e8 

  0x000001febababb28: ; ImmutableOopMap {rbp=Oop [40]=NarrowOop [72]=Oop [80]=Oop [120]=Oop [128]=Oop [152]=Oop [176]=Oop [184]=Oop [212]=NarrowOop [216]=Oop [224]=Oop [232]=Oop [240]=Oop [248]=Oop }
                      ;*new {reexecute=0 rethrow=0 return_oop=1}
                      ; - java.util.jar.JarVerifier::<init>@92
                      ; - java.util.jar.JarFile::getManifestFromReference@78
                      ; - java.util.jar.JarFile::getManifest@1
                      ; - jdk.internal.loader.URLClassPath$JarLoader$2::getManifest@22
                      ; - java.net.URLClassLoader::defineClass@34
                      ; - java.net.URLClassLoader$1::run@43
                      ; - java.net.URLClassLoader$1::run@1
                      ; - java.security.AccessController::executePrivileged@29
                      ; - java.security.AccessController::doPrivileged@13
                      ; - java.net.URLClassLoader::findClass@13
                      ; - java.lang.ClassLoader::loadClass@69
                      ; - java.lang.ClassLoader::loadClass@38
  0x000001febababb28: 54d5 a2ff 

  0x000001febababb2c: ;   {other}
  0x000001febababb2c: 0f1f 8400 | 1c68 0071 | e942 e5ff 

  0x000001febababb38: ;   {metadata('java/util/HashMap')}
  0x000001febababb38: ff48 ba68 | a908 cdfe | 0100 0048 | 8b6c 2448 

  0x000001febababb48: ;   {runtime_call _new_instance_Java}
  0x000001febababb48: c5f8 77e8 

  0x000001febababb4c: ; ImmutableOopMap {rbp=Oop [40]=NarrowOop [72]=Oop [80]=Oop [120]=Oop [128]=Oop [152]=Oop [176]=Oop [184]=Oop [212]=NarrowOop [216]=Oop [224]=Oop [232]=Oop [240]=Oop [248]=Oop }
                      ;*new {reexecute=0 rethrow=0 return_oop=1}
                      ; - java.util.jar.JarVerifier::<init>@103
                      ; - java.util.jar.JarFile::getManifestFromReference@78
                      ; - java.util.jar.JarFile::getManifest@1
                      ; - jdk.internal.loader.URLClassPath$JarLoader$2::getManifest@22
                      ; - java.net.URLClassLoader::defineClass@34
                      ; - java.net.URLClassLoader$1::run@43
                      ; - java.net.URLClassLoader$1::run@1
                      ; - java.security.AccessController::executePrivileged@29
                      ; - java.security.AccessController::doPrivileged@13
                      ; - java.net.URLClassLoader::findClass@13
                      ; - java.lang.ClassLoader::loadClass@69
                      ; - java.lang.ClassLoader::loadClass@38
  0x000001febababb4c: 30d5 a2ff 

  0x000001febababb50: ;   {other}
  0x000001febababb50: 0f1f 8400 | 4068 0072 | e9d2 e5ff 

  0x000001febababb5c: ;   {metadata('java/io/ByteArrayInputStream')}
  0x000001febababb5c: ff48 baa0 | 2305 cdfe | 0100 004c | 8b94 24e0 | 0000 004c | 8994 24a0 | 0000 0090 

  0x000001febababb78: ;   {runtime_call _new_instance_Java}
  0x000001febababb78: c5f8 77e8 

  0x000001febababb7c: ; ImmutableOopMap {rbp=NarrowOop [32]=Oop [40]=NarrowOop [72]=Oop [80]=Oop [120]=Oop [128]=Oop [160]=Oop [176]=Oop [184]=Oop [212]=NarrowOop [216]=Oop [224]=Oop [232]=Oop [240]=Oop }
                      ;*new {reexecute=0 rethrow=0 return_oop=1}
                      ; - java.util.jar.JarFile::getManifestFromReference@109
                      ; - java.util.jar.JarFile::getManifest@1
                      ; - jdk.internal.loader.URLClassPath$JarLoader$2::getManifest@22
                      ; - java.net.URLClassLoader::defineClass@34
                      ; - java.net.URLClassLoader$1::run@43
                      ; - java.net.URLClassLoader$1::run@1
                      ; - java.security.AccessController::executePrivileged@29
                      ; - java.security.AccessController::doPrivileged@13
                      ; - java.net.URLClassLoader::findClass@13
                      ; - java.lang.ClassLoader::loadClass@69
                      ; - java.lang.ClassLoader::loadClass@38
  0x000001febababb7c: 00d5 a2ff 

  0x000001febababb80: ;   {other}
  0x000001febababb80: 0f1f 8400 | 7068 0073 | e9f6 e6ff 

  0x000001febababb8c: ;   {metadata('java/util/jar/Manifest')}
  0x000001febababb8c: ff48 baa0 | e104 cdfe | 0100 0048 | 8b6c 2448 

  0x000001febababb9c: ;   {runtime_call _new_instance_Java}
  0x000001febababb9c: c5f8 77e8 

  0x000001febababba0: ; ImmutableOopMap {rbp=Oop [40]=NarrowOop [72]=Oop [80]=Oop [120]=Oop [128]=Oop [152]=Oop [176]=Oop [184]=Oop [212]=NarrowOop [216]=Oop [224]=Oop [232]=Oop [240]=Oop }
                      ;*new {reexecute=0 rethrow=0 return_oop=1}
                      ; - java.util.jar.JarFile::getManifestFromReference@101
                      ; - java.util.jar.JarFile::getManifest@1
                      ; - jdk.internal.loader.URLClassPath$JarLoader$2::getManifest@22
                      ; - java.net.URLClassLoader::defineClass@34
                      ; - java.net.URLClassLoader$1::run@43
                      ; - java.net.URLClassLoader$1::run@1
                      ; - java.security.AccessController::executePrivileged@29
                      ; - java.security.AccessController::doPrivileged@13
                      ; - java.net.URLClassLoader::findClass@13
                      ; - java.lang.ClassLoader::loadClass@69
                      ; - java.lang.ClassLoader::loadClass@38
  0x000001febababba0: dcd4 a2ff 

  0x000001febababba4: ;   {other}
  0x000001febababba4: 0f1f 8400 | 9468 0074 | e97a e6ff | ff48 8b54 | 2450 4c8d | 8424 3001 | 0000 488b | 6c24 4890 
  0x000001febababbc4: ;   {runtime_call _complete_monitor_locking_Java}
  0x000001febababbc4: c5f8 77e8 

  0x000001febababbc8: ; ImmutableOopMap {rbp=Oop [72]=Oop [80]=Oop [176]=Oop }
                      ;*monitorenter {reexecute=0 rethrow=0 return_oop=0}
                      ; - java.lang.ClassLoader::loadClass@7
  0x000001febababbc8: 344e a3ff 

  0x000001febababbcc: ;   {other}
  0x000001febababbcc: 0f1f 8400 | bc68 0075 | e951 a3ff | ffba 45ff | ffff 488b | 6c24 484c | 8b94 24b0 | 0000 004c 
  0x000001febababbec: 8954 2420 | 448b 5424 | 3044 8954 | 2428 6690 

  0x000001febababbfc: ;   {runtime_call UncommonTrapBlob}
  0x000001febababbfc: c5f8 77e8 

  0x000001febababc00: ; ImmutableOopMap {rbp=Oop [32]=Oop [80]=Oop }
                      ;*ifeq {reexecute=1 rethrow=0 return_oop=0}
                      ; - (reexecute) java.lang.ClassLoader::checkName@8
                      ; - java.lang.ClassLoader::findLoadedClass@1
                      ; - java.lang.ClassLoader::loadClass@10
  0x000001febababc00: 7c87 96ff 

  0x000001febababc04: ;   {other}
  0x000001febababc04: 0f1f 8400 | f468 0076 | 488b 6c24 | 484c 8b9c | 24b0 0000 | 004c 895c | 2420 448b | 4424 3044 
  0x000001febababc24: 8944 2428 | 4c8b 5c24 | 504c 895c | 2438 4489 | 5424 2c89 | 5424 58ba | ceff ffff 

  0x000001febababc40: ;   {runtime_call UncommonTrapBlob}
  0x000001febababc40: c5f8 77e8 

  0x000001febababc44: ; ImmutableOopMap {rbp=Oop [32]=Oop [44]=NarrowOop [56]=Oop }
                      ;*invokestatic indexOfChar {reexecute=0 rethrow=0 return_oop=0}
                      ; - java.lang.StringLatin1::indexOf@33
                      ; - java.lang.String::indexOf@17
                      ; - java.lang.String::indexOf@3
                      ; - java.lang.ClassLoader::checkName@16
                      ; - java.lang.ClassLoader::findLoadedClass@1
                      ; - java.lang.ClassLoader::loadClass@10
  0x000001febababc44: 3887 96ff 

  0x000001febababc48: ;   {other}
  0x000001febababc48: 0f1f 8400 | 3869 0077 

  0x000001febababc50: ;   {metadata('java/util/jar/Manifest')}
  0x000001febababc50: 48ba a0e1 | 04cd fe01 | 0000 6690 

  0x000001febababc5c: ;   {runtime_call _new_instance_Java}
  0x000001febababc5c: c5f8 77e8 

  0x000001febababc60: ; ImmutableOopMap {rbp=Oop [40]=NarrowOop [72]=Oop [80]=Oop [120]=Oop [128]=Oop [152]=Oop [176]=Oop [184]=Oop [212]=NarrowOop [224]=Oop [232]=Oop [240]=Oop }
                      ;*new {reexecute=0 rethrow=0 return_oop=1}
                      ; - java.util.jar.JarFile::getManifestFromReference@134
                      ; - java.util.jar.JarFile::getManifest@1
                      ; - jdk.internal.loader.URLClassPath$JarLoader$2::getManifest@22
                      ; - java.net.URLClassLoader::defineClass@34
                      ; - java.net.URLClassLoader$1::run@43
                      ; - java.net.URLClassLoader$1::run@1
                      ; - java.security.AccessController::executePrivileged@29
                      ; - java.security.AccessController::doPrivileged@13
                      ; - java.net.URLClassLoader::findClass@13
                      ; - java.lang.ClassLoader::loadClass@69
                      ; - java.lang.ClassLoader::loadClass@38
  0x000001febababc60: 1cd4 a2ff 

  0x000001febababc64: ;   {other}
  0x000001febababc64: 0f1f 8400 | 5469 0078 | e9de dbff | ff48 8b4c | 2450 488d | 9424 3001 | 0000 4d8b | c7c5 f877 
  0x000001febababc84: 49ba 80d3 | d486 f87f | 0000 41ff 

  0x000001febababc90: ;   {other}
  0x000001febababc90: d20f 1f84 | 0000 0000 | 00e9 05d7 | ffff 488b | 6c24 2048 | 8b54 2420 | 4c8d 8424 | 3801 0000 
  0x000001febababcb0: 4c8b 9424 | b000 0000 | 4c89 5424 | 3866 6690 

  0x000001febababcc0: ;   {runtime_call _complete_monitor_locking_Java}
  0x000001febababcc0: c5f8 77e8 

  0x000001febababcc4: ; ImmutableOopMap {rbp=Oop [40]=NarrowOop [56]=Oop [72]=Oop [80]=Oop [176]=Oop [184]=Oop }
                      ;*monitorenter {reexecute=0 rethrow=0 return_oop=0}
                      ; - java.lang.ClassLoader::loadClass@7
                      ; - java.lang.ClassLoader::loadClass@38
  0x000001febababcc4: 384d a3ff 

  0x000001febababcc8: ;   {other}
  0x000001febababcc8: 0f1f 8400 | b869 0079 | 4c8b c5e9 | 89a8 ffff | ba45 ffff | ff48 8b6c | 2448 448b | 5c24 3044 
  0x000001febababce8: 895c 2428 | 4c8b 5424 | 404c 8954 | 2438 4c8b | 5424 504c | 8954 2440 | 4c89 4c24 | 504c 8944 
  0x000001febababd08: 2460 4c89 | 4c24 7090 

  0x000001febababd10: ;   {runtime_call UncommonTrapBlob}
  0x000001febababd10: c5f8 77e8 

  0x000001febababd14: ; ImmutableOopMap {rbp=Oop [64]=Oop [80]=Oop [96]=Oop [112]=Oop [184]=Oop }
                      ;*ifeq {reexecute=1 rethrow=0 return_oop=0}
                      ; - (reexecute) java.lang.ClassLoader::checkName@8
                      ; - java.lang.ClassLoader::findLoadedClass@1
                      ; - java.lang.ClassLoader::loadClass@10
                      ; - java.lang.ClassLoader::loadClass@38
  0x000001febababd14: 6886 96ff 

  0x000001febababd18: ;   {other}
  0x000001febababd18: 0f1f 8400 | 086a 007a | 488b 6c24 | 4844 8b44 | 2430 4489 | 4424 284c | 8b5c 2440 | 4c89 5c24 
  0x000001febababd38: 384c 8b5c | 2450 4c89 | 5c24 404c | 894c 2450 | 4c8b 5c24 | 784c 895c | 2460 4c89 | 4c24 7044 
  0x000001febababd58: 8954 242c | 8994 2480 | 0000 00ba | ceff ffff 

  0x000001febababd68: ;   {runtime_call UncommonTrapBlob}
  0x000001febababd68: c5f8 77e8 

  0x000001febababd6c: ; ImmutableOopMap {rbp=Oop [44]=NarrowOop [64]=Oop [80]=Oop [96]=Oop [112]=Oop [184]=Oop }
                      ;*invokestatic indexOfChar {reexecute=0 rethrow=0 return_oop=0}
                      ; - java.lang.StringLatin1::indexOf@33
                      ; - java.lang.String::indexOf@17
                      ; - java.lang.String::indexOf@3
                      ; - java.lang.ClassLoader::checkName@16
                      ; - java.lang.ClassLoader::findLoadedClass@1
                      ; - java.lang.ClassLoader::loadClass@10
                      ; - java.lang.ClassLoader::loadClass@38
  0x000001febababd6c: 1086 96ff 

  0x000001febababd70: ;   {other}
  0x000001febababd70: 0f1f 8400 | 606a 007b | 33ed 4585 | db40 0f94 | c5ba 45ff | ffff 4c8b | 9424 b000 | 0000 4c89 
  0x000001febababd90: 5424 284c | 8b54 2450 | 4c89 5424 | 4066 6690 

  0x000001febababda0: ;   {runtime_call UncommonTrapBlob}
  0x000001febababda0: c5f8 77e8 

  0x000001febababda4: ; ImmutableOopMap {[40]=Oop [64]=Oop [72]=Oop }
                      ;*ifeq {reexecute=1 rethrow=0 return_oop=0}
                      ; - (reexecute) java.lang.String::indexOf@4
                      ; - java.lang.String::indexOf@3
                      ; - java.lang.ClassLoader::checkName@16
                      ; - java.lang.ClassLoader::findLoadedClass@1
                      ; - java.lang.ClassLoader::loadClass@10
  0x000001febababda4: d885 96ff 

  0x000001febababda8: ;   {other}
  0x000001febababda8: 0f1f 8400 | 986a 007c | ba45 ffff | ff48 8b6c | 2448 4c8b | 9424 b000 | 0000 4c89 | 5424 2044 
  0x000001febababdc8: 8b54 2430 | 4489 5424 | 2889 5c24 | 2c66 6690 

  0x000001febababdd8: ;   {runtime_call UncommonTrapBlob}
  0x000001febababdd8: c5f8 77e8 

  0x000001febababddc: ; ImmutableOopMap {rbp=Oop [32]=Oop [80]=Oop }
                      ;*if_icmpne {reexecute=1 rethrow=0 return_oop=0}
                      ; - (reexecute) java.lang.ClassLoader::checkName@20
                      ; - java.lang.ClassLoader::findLoadedClass@1
                      ; - java.lang.ClassLoader::loadClass@10
  0x000001febababddc: a085 96ff 

  0x000001febababde0: ;   {other}
  0x000001febababde0: 0f1f 8400 | d06a 007d | ba45 ffff | ff48 8b6c | 2448 4489 | 4c24 2844 | 895c 242c 

  0x000001febababdfc: ;   {runtime_call UncommonTrapBlob}
  0x000001febababdfc: c5f8 77e8 

  0x000001febababe00: ; ImmutableOopMap {rbp=Oop [44]=NarrowOop [176]=Oop }
                      ;*ifnull {reexecute=1 rethrow=0 return_oop=0}
                      ; - (reexecute) java.lang.ClassLoader::getClassLoadingLock@6
                      ; - java.lang.ClassLoader::loadClass@2
  0x000001febababe00: 7c85 96ff 

  0x000001febababe04: ;   {other}
  0x000001febababe04: 0f1f 8400 | f46a 007e | ba45 ffff | ff48 8b6c | 2448 4c8b | 9424 b000 | 0000 4c89 | 5424 2044 
  0x000001febababe24: 8b54 2430 | 4489 5424 | 2844 895c | 242c 6690 

  0x000001febababe34: ;   {runtime_call UncommonTrapBlob}
  0x000001febababe34: c5f8 77e8 

  0x000001febababe38: ; ImmutableOopMap {rbp=Oop [32]=Oop [80]=Oop }
                      ;*if_icmpne {reexecute=1 rethrow=0 return_oop=0}
                      ; - (reexecute) java.lang.ClassLoader::checkName@30
                      ; - java.lang.ClassLoader::findLoadedClass@1
                      ; - java.lang.ClassLoader::loadClass@10
  0x000001febababe38: 4485 96ff 

  0x000001febababe3c: ;   {other}
  0x000001febababe3c: 0f1f 8400 | 2c6b 007f | ba76 ffff | ff48 8b6c | 2448 4c8b | 9424 b000 | 0000 4c89 | 5424 2044 
  0x000001febababe5c: 8b44 2430 | 4489 4424 | 284c 8b54 | 2440 4c89 | 5424 384c | 8b54 2450 | 4c89 5424 | 404c 8b54 
  0x000001febababe7c: 2478 4c89 | 5424 5044 | 895c 247c 

  0x000001febababe88: ;   {runtime_call UncommonTrapBlob}
  0x000001febababe88: c5f8 77e8 

  0x000001febababe8c: ; ImmutableOopMap {rbp=Oop [32]=Oop [44]=NarrowOop [64]=Oop [80]=Oop [104]=Oop }
                      ;*iflt {reexecute=1 rethrow=0 return_oop=0}
                      ; - (reexecute) java.lang.StringLatin1::lastIndexOf@19
                      ; - java.lang.String::lastIndexOf@13
                      ; - java.lang.String::lastIndexOf@8
                      ; - jdk.internal.loader.BuiltinClassLoader::findLoadedModule@3
                      ; - jdk.internal.loader.BuiltinClassLoader::loadClassOrNull@22
                      ; - jdk.internal.loader.BuiltinClassLoader::loadClass@3
                      ; - java.lang.ClassLoader::loadClass@38
  0x000001febababe8c: f084 96ff 

  0x000001febababe90: ;   {other}
  0x000001febababe90: 0f1f 8400 | 806b 0080 | bac6 ffff | ff48 8b6c | 2448 4c8b | 9424 b000 | 0000 4c89 | 5424 2044 
  0x000001febababeb0: 8b54 2430 | 4489 5424 | 2848 8944 | 2438 4489 | 4424 2c90 

  0x000001febababec4: ;   {runtime_call UncommonTrapBlob}
  0x000001febababec4: c5f8 77e8 

  0x000001febababec8: ; ImmutableOopMap {rbp=Oop [32]=Oop [44]=NarrowOop [80]=Oop }
                      ;*invokevirtual loadClass {reexecute=0 rethrow=0 return_oop=0}
                      ; - java.lang.ClassLoader::loadClass@38
  0x000001febababec8: b484 96ff 

  0x000001febababecc: ;   {other}
  0x000001febababecc: 0f1f 8400 | bc6b 0081 | 488b 6c24 | 2048 8b54 | 2420 4c8d | 8424 3801 | 0000 4c8b | 9424 b000 
  0x000001febababeec: 0000 4c89 | 5424 2890 

  0x000001febababef4: ;   {runtime_call _complete_monitor_locking_Java}
  0x000001febababef4: c5f8 77e8 

  0x000001febababef8: ; ImmutableOopMap {rbp=Oop [40]=Oop [72]=Oop [80]=Oop [120]=Oop [176]=Oop }
                      ;*monitorenter {reexecute=0 rethrow=0 return_oop=0}
                      ; - jdk.internal.loader.BuiltinClassLoader::loadClassOrNull@7
                      ; - jdk.internal.loader.BuiltinClassLoader::loadClass@3
                      ; - java.lang.ClassLoader::loadClass@38
  0x000001febababef8: 044b a3ff 

  0x000001febababefc: ;   {other}
  0x000001febababefc: 0f1f 8400 | ec6b 0082 | 4c8b d5e9 | ada2 ffff | ba45 ffff | ff48 8b6c | 2448 448b | 4c24 3044 
  0x000001febababf1c: 894c 2428 | 4c8b 4424 | 404c 8944 | 2438 4c8b | 4424 504c | 8944 2440 | 4c89 5c24 | 484c 8b44 
  0x000001febababf3c: 2478 4c89 | 5c24 584c | 8954 2468 | 4c89 4424 | 7066 6690 

  0x000001febababf50: ;   {runtime_call UncommonTrapBlob}
  0x000001febababf50: c5f8 77e8 

  0x000001febababf54: ; ImmutableOopMap {rbp=Oop [64]=Oop [72]=Oop [88]=Oop [104]=Oop [112]=Oop }
                      ;*ifeq {reexecute=1 rethrow=0 return_oop=0}
                      ; - (reexecute) java.lang.ClassLoader::checkName@8
                      ; - java.lang.ClassLoader::findLoadedClass@1
                      ; - jdk.internal.loader.BuiltinClassLoader::loadClassOrNull@10
                      ; - jdk.internal.loader.BuiltinClassLoader::loadClass@3
                      ; - java.lang.ClassLoader::loadClass@38
  0x000001febababf54: 2884 96ff 

  0x000001febababf58: ;   {other}
  0x000001febababf58: 0f1f 8400 | 486c 0083 | 498b cb48 | 8d94 2438 | 0100 004d | 8bc7 c5f8 | 7749 ba80 | d3d4 86f8 
  0x000001febababf78: 7f00 0041 

  0x000001febababf7c: ;   {other}
  0x000001febababf7c: ffd2 0f1f | 8400 0000 | 0000 e93a | d2ff ffba | 6eff ffff | 488b 6c24 | 484c 8b94 | 24b0 0000 
  0x000001febababf9c: 004c 8954 | 2420 448b | 5424 3044 | 8954 2428 | 4c8b 5424 | 404c 8954 | 2438 4c8b | 5424 504c 
  0x000001febababfbc: 8954 2440 | 4c8b 5424 | 784c 8954 | 2450 4489 | 5c24 7c90 

  0x000001febababfd0: ;   {runtime_call UncommonTrapBlob}
  0x000001febababfd0: c5f8 77e8 

  0x000001febababfd4: ; ImmutableOopMap {rbp=Oop [32]=Oop [44]=NarrowOop [64]=Oop [80]=Oop [104]=Oop }
                      ;*iflt {reexecute=1 rethrow=0 return_oop=0}
                      ; - (reexecute) java.lang.StringLatin1::lastIndexOf@19
                      ; - java.lang.String::lastIndexOf@13
                      ; - java.lang.String::lastIndexOf@8
                      ; - jdk.internal.loader.BuiltinClassLoader::findLoadedModule@3
                      ; - jdk.internal.loader.BuiltinClassLoader::loadClassOrNull@22
                      ; - jdk.internal.loader.BuiltinClassLoader::loadClass@3
                      ; - java.lang.ClassLoader::loadClass@38
  0x000001febababfd4: a883 96ff 

  0x000001febababfd8: ;   {other}
  0x000001febababfd8: 0f1f 8400 | c86c 0084 | 488b 6c24 | 488b 4c24 | 3089 4c24 | 284c 8b4c | 2440 4c89 | 4c24 384c 
  0x000001febababff8: 8b4c 2450 | 4c89 4c24 | 404c 895c | 2448 4c8b | 4c24 784c | 895c 2458 | 4c89 5424 | 684c 894c 
  0x000001febabac018: 2470 4489 | 4424 2c89 | 9424 8800 | 0000 bace | ffff ff90 

  0x000001febabac02c: ;   {runtime_call UncommonTrapBlob}
  0x000001febabac02c: c5f8 77e8 

  0x000001febabac030: ; ImmutableOopMap {rbp=Oop [44]=NarrowOop [64]=Oop [72]=Oop [88]=Oop [104]=Oop [112]=Oop }
                      ;*invokestatic indexOfChar {reexecute=0 rethrow=0 return_oop=0}
                      ; - java.lang.StringLatin1::indexOf@33
                      ; - java.lang.String::indexOf@17
                      ; - java.lang.String::indexOf@3
                      ; - java.lang.ClassLoader::checkName@16
                      ; - java.lang.ClassLoader::findLoadedClass@1
                      ; - jdk.internal.loader.BuiltinClassLoader::loadClassOrNull@10
                      ; - jdk.internal.loader.BuiltinClassLoader::loadClass@3
                      ; - java.lang.ClassLoader::loadClass@38
  0x000001febabac030: 4c83 96ff 

  0x000001febabac034: ;   {other}
  0x000001febabac034: 0f1f 8400 | 246d 0085 | ba45 ffff | ff48 8b6c | 2448 4889 | 5c24 2890 

  0x000001febabac04c: ;   {runtime_call UncommonTrapBlob}
  0x000001febabac04c: c5f8 77e8 

  0x000001febabac050: ; ImmutableOopMap {rbp=Oop [40]=Oop [80]=Oop }
                      ;*ifeq {reexecute=1 rethrow=0 return_oop=0}
                      ; - (reexecute) java.lang.ClassLoader::loadClass@100
  0x000001febabac050: 2c83 96ff 

  0x000001febabac054: ;   {other}
  0x000001febabac054: 0f1f 8400 | 446d 0086 | baf6 ffff | ff48 8b6c | 2448 448b | 5424 3044 | 8954 2428 | 4c8b 5424 
  0x000001febabac074: 404c 8954 | 2438 4c8b | 5424 504c | 8954 2440 | 4c8b 5424 | 784c 8954 | 2450 4c8b | 5424 684c 
  0x000001febabac094: 8954 2458 | 4c8b 5424 | 704c 8954 | 2460 4c8b | 9424 8000 | 0000 4c89 | 5424 7890 

  0x000001febabac0b0: ;   {runtime_call UncommonTrapBlob}
  0x000001febabac0b0: c5f8 77e8 

  0x000001febabac0b4: ; ImmutableOopMap {rbp=Oop [64]=Oop [80]=Oop [120]=Oop [160]=Oop [176]=Oop [184]=Oop }
                      ;*invokevirtual getResource {reexecute=0 rethrow=0 return_oop=0}
                      ; - java.net.URLClassLoader$1::run@26
                      ; - java.net.URLClassLoader$1::run@1
                      ; - java.security.AccessController::executePrivileged@29
                      ; - java.security.AccessController::doPrivileged@13
                      ; - java.net.URLClassLoader::findClass@13
                      ; - java.lang.ClassLoader::loadClass@69
                      ; - java.lang.ClassLoader::loadClass@38
  0x000001febabac0b4: c882 96ff 

  0x000001febabac0b8: ;   {other}
  0x000001febabac0b8: 0f1f 8400 | a86d 0087 | ba76 ffff | ff48 8b6c | 2448 8b5c | 2430 895c | 2428 488b | 4c24 4048 
  0x000001febabac0d8: 894c 2438 | 488b 4c24 | 5048 894c | 2440 488b | 4c24 7848 | 894c 2450 | 488b 4c24 | 6848 894c 
  0x000001febabac0f8: 2458 488b | 4c24 7048 | 894c 2460 | 4c89 4c24 | 704c 895c | 2478 4c89 | 8c24 8000 | 0000 4489 
  0x000001febabac118: 9424 8800 | 0000 4489 | 8424 8c00 | 0000 6690 

  0x000001febabac128: ;   {runtime_call UncommonTrapBlob}
  0x000001febabac128: c5f8 77e8 

  0x000001febabac12c: ; ImmutableOopMap {rbp=Oop [64]=Oop [80]=Oop [112]=Oop [120]=Oop [128]=Oop [140]=NarrowOop [184]=Oop }
                      ;*if_icmpge {reexecute=1 rethrow=0 return_oop=0}
                      ; - (reexecute) java.lang.StringLatin1::replace@19
                      ; - java.lang.String::replace@18
                      ; - java.net.URLClassLoader$1::run@8
                      ; - java.net.URLClassLoader$1::run@1
                      ; - java.security.AccessController::executePrivileged@29
                      ; - java.security.AccessController::doPrivileged@13
                      ; - java.net.URLClassLoader::findClass@13
                      ; - java.lang.ClassLoader::loadClass@69
                      ; - java.lang.ClassLoader::loadClass@38
  0x000001febabac12c: 5082 96ff 

  0x000001febabac130: ;   {other}
  0x000001febabac130: 0f1f 8400 | 206e 0088 | baf6 ffff | ff48 8b6c | 2448 448b | 5424 3044 | 8954 2428 | 4c8b 5424 
  0x000001febabac150: 404c 8954 | 2438 4c8b | 5424 504c | 8954 2440 | 4c8b 5424 | 784c 8954 | 2450 4c8b | 5424 684c 
  0x000001febabac170: 8954 2458 | 4c8b 5424 | 704c 8954 | 2460 4c8b | 9424 b000 | 0000 4c89 | 5424 704c | 8b94 2480 
  0x000001febabac190: 0000 004c | 8954 2478 | 448b 9c24 | 8800 0000 | 4489 5c24 | 2c4c 8b94 | 2498 0000 | 004c 8994 
  0x000001febabac1b0: 2490 0000 | 004c 8b94 | 24b0 0000 | 004c 8994 | 24a8 0000 | 0066 6690 

  0x000001febabac1c8: ;   {runtime_call UncommonTrapBlob}
  0x000001febabac1c8: c5f8 77e8 

  0x000001febabac1cc: ; ImmutableOopMap {rbp=Oop [44]=NarrowOop [64]=Oop [80]=Oop [112]=Oop [120]=Oop [144]=Oop [160]=Oop [168]=Oop [184]=Oop }
                      ;*invokevirtual getJarEntry {reexecute=0 rethrow=0 return_oop=0}
                      ; - jdk.internal.loader.URLClassPath$JarLoader::getResource@22
                      ; - jdk.internal.loader.URLClassPath::getResource@53
                      ; - java.net.URLClassLoader$1::run@26
                      ; - java.net.URLClassLoader$1::run@1
                      ; - java.security.AccessController::executePrivileged@29
                      ; - java.security.AccessController::doPrivileged@13
                      ; - java.net.URLClassLoader::findClass@13
                      ; - java.lang.ClassLoader::loadClass@69
                      ; - java.lang.ClassLoader::loadClass@38
  0x000001febabac1cc: b081 96ff 

  0x000001febabac1d0: ;   {other}
  0x000001febabac1d0: 0f1f 8400 | c06e 0089 | 4d63 d2e9 | e0c0 ffff | bacc ffff | ff48 8b6c | 2448 4c8b | 9424 b000 
  0x000001febabac1f0: 0000 4c89 | 5424 2044 | 8b5c 2430 | 4489 5c24 | 284c 8b54 | 2440 4c89 | 5424 384c | 8b54 2450 
  0x000001febabac210: 4c89 5424 | 404c 8b54 | 2478 4c89 | 5424 504c | 8b54 2468 | 4c89 5424 | 584c 8b54 | 2470 4c89 
  0x000001febabac230: 5424 604c | 8b94 2480 | 0000 004c | 8954 2478 | 4c89 8c24 | b000 0000 

  0x000001febabac248: ;   {runtime_call UncommonTrapBlob}
  0x000001febabac248: c5f8 77e8 

  0x000001febabac24c: ; ImmutableOopMap {rbp=Oop [32]=Oop [64]=Oop [80]=Oop [120]=Oop [152]=Oop [176]=Oop [184]=Oop [192]=Oop }
                      ;*invokestatic arraycopy {reexecute=0 rethrow=0 return_oop=0}
                      ; - java.lang.String::getBytes@22
                      ; - java.lang.StringConcatHelper::prepend@21
                      ; - java.lang.StringConcatHelper::simpleConcat@71
                      ; - java.lang.String::concat@11
                      ; - java.net.URLClassLoader$1::run@13
                      ; - java.net.URLClassLoader$1::run@1
                      ; - java.security.AccessController::executePrivileged@29
                      ; - java.security.AccessController::doPrivileged@13
                      ; - java.net.URLClassLoader::findClass@13
                      ; - java.lang.ClassLoader::loadClass@69
                      ; - java.lang.ClassLoader::loadClass@38
  0x000001febabac24c: 3081 96ff 

  0x000001febabac250: ;   {other}
  0x000001febabac250: 0f1f 8400 | 406f 008a | bacc ffff | ff48 8b6c | 2448 4c8b | 9424 b000 | 0000 4c89 | 5424 2044 
  0x000001febabac270: 8b5c 2430 | 4489 5c24 | 284c 8b54 | 2440 4c89 | 5424 384c | 8b54 2450 | 4c89 5424 | 404c 8b54 
  0x000001febabac290: 2478 4c89 | 5424 504c | 8b54 2468 | 4c89 5424 | 584c 8b54 | 2470 4c89 | 5424 604c | 8b94 2480 
  0x000001febabac2b0: 0000 004c | 8954 2478 | 4c8b 9424 | 8800 0000 | 4c89 9424 | 8000 0000 | 4c89 8c24 | a000 0000 
  0x000001febabac2d0: ;   {runtime_call UncommonTrapBlob}
  0x000001febabac2d0: c5f8 77e8 

  0x000001febabac2d4: ; ImmutableOopMap {rbp=Oop [32]=Oop [64]=Oop [80]=Oop [120]=Oop [128]=Oop [160]=Oop [184]=Oop [192]=Oop }
                      ;*invokestatic arraycopy {reexecute=0 rethrow=0 return_oop=0}
                      ; - java.lang.String::getBytes@22
                      ; - java.lang.StringConcatHelper::prepend@21
                      ; - java.lang.StringConcatHelper::simpleConcat@81
                      ; - java.lang.String::concat@11
                      ; - java.net.URLClassLoader$1::run@13
                      ; - java.net.URLClassLoader$1::run@1
                      ; - java.security.AccessController::executePrivileged@29
                      ; - java.security.AccessController::doPrivileged@13
                      ; - java.net.URLClassLoader::findClass@13
                      ; - java.lang.ClassLoader::loadClass@69
                      ; - java.lang.ClassLoader::loadClass@38
  0x000001febabac2d4: a880 96ff 

  0x000001febabac2d8: ;   {other}
  0x000001febabac2d8: 0f1f 8400 | c86f 008b | 498b cb48 | 8d94 2438 | 0100 004d | 8bc7 c5f8 | 7749 ba80 | d3d4 86f8 
  0x000001febabac2f8: 7f00 0041 

  0x000001febabac2fc: ;   {other}
  0x000001febabac2fc: ffd2 0f1f | 8400 0000 | 0000 e941 | c4ff ffba | 76ff ffff | 4c8b 5424 | 484c 8954 | 2420 4c8b 
  0x000001febabac31c: 9424 b000 | 0000 4c89 | 5424 284c | 8b54 2450 | 4c89 5424 | 484c 8b54 | 2478 4c89 | 5424 584c 
  0x000001febabac33c: 8b54 2468 | 4c89 5424 | 604c 8b54 | 2470 4c89 | 5424 6890 

  0x000001febabac350: ;   {runtime_call UncommonTrapBlob}
  0x000001febabac350: c5f8 77e8 

  0x000001febabac354: ; ImmutableOopMap {[32]=Oop [40]=Oop [72]=Oop [88]=Oop [128]=Oop [144]=Oop [184]=Oop [192]=NarrowOop }
                      ;*if_icmpge {reexecute=1 rethrow=0 return_oop=0}
                      ; - (reexecute) java.lang.StringLatin1::replace@82
                      ; - java.lang.String::replace@18
                      ; - java.net.URLClassLoader$1::run@8
                      ; - java.net.URLClassLoader$1::run@1
                      ; - java.security.AccessController::executePrivileged@29
                      ; - java.security.AccessController::doPrivileged@13
                      ; - java.net.URLClassLoader::findClass@13
                      ; - java.lang.ClassLoader::loadClass@69
                      ; - java.lang.ClassLoader::loadClass@38
  0x000001febabac354: 2880 96ff 

  0x000001febabac358: ;   {other}
  0x000001febabac358: 0f1f 8400 | 4870 008c | bade ffff | ff4c 8b54 | 2448 4c89 | 5424 204c | 8b94 24b0 | 0000 004c 
  0x000001febabac378: 8954 2428 | 4c8b 5424 | 504c 8954 | 2448 6690 

  0x000001febabac388: ;   {runtime_call UncommonTrapBlob}
  0x000001febabac388: c5f8 77e8 

  0x000001febabac38c: ; ImmutableOopMap {rbp=NarrowOop [32]=Oop [40]=Oop [72]=Oop [104]=Oop [120]=Oop }
                      ;*invokevirtual loadClassOrNull {reexecute=0 rethrow=0 return_oop=0}
                      ; - jdk.internal.loader.BuiltinClassLoader::loadClassOrNull@3
                      ; - jdk.internal.loader.BuiltinClassLoader::loadClassOrNull@66
                      ; - jdk.internal.loader.BuiltinClassLoader::loadClass@3
                      ; - java.lang.ClassLoader::loadClass@38
  0x000001febabac38c: f07f 96ff 

  0x000001febabac390: ;   {other}
  0x000001febabac390: 0f1f 8400 | 8070 008d | ba45 ffff | ff48 8b6c | 2448 448b | 5c24 3044 | 895c 2428 | 4c8b 5424 
  0x000001febabac3b0: 404c 8954 | 2438 4c8b | 5424 504c | 8954 2440 | 4889 7424 | 484c 8b54 | 2468 4c89 | 5424 6048 
  0x000001febabac3d0: 8974 2468 

  0x000001febabac3d4: ;   {runtime_call UncommonTrapBlob}
  0x000001febabac3d4: c5f8 77e8 

  0x000001febabac3d8: ; ImmutableOopMap {rbp=Oop [64]=Oop [72]=Oop [96]=Oop [104]=Oop [120]=Oop }
                      ;*ifeq {reexecute=1 rethrow=0 return_oop=0}
                      ; - (reexecute) java.lang.ClassLoader::checkName@8
                      ; - java.lang.ClassLoader::findBootstrapClassOrNull@1
                      ; - java.lang.System$2::findBootstrapClassOrNull@1
                      ; - jdk.internal.loader.ClassLoaders$BootClassLoader::loadClassOrNull@4
                      ; - jdk.internal.loader.BuiltinClassLoader::loadClassOrNull@3
                      ; - jdk.internal.loader.BuiltinClassLoader::loadClassOrNull@66
                      ; - jdk.internal.loader.BuiltinClassLoader::loadClass@3
                      ; - java.lang.ClassLoader::loadClass@38
  0x000001febabac3d8: a47f 96ff 

  0x000001febabac3dc: ;   {other}
  0x000001febabac3dc: 0f1f 8400 | cc70 008e | bace ffff | ff4c 8b5c | 2448 4c89 | 5c24 204c | 8b5c 2450 | 4c89 5c24 
  0x000001febabac3fc: 4848 8974 | 2450 48ff | 7424 7848 | 8f44 2458 | 4889 7424 | 7044 8954 | 2434 6690 

  0x000001febabac418: ;   {runtime_call UncommonTrapBlob}
  0x000001febabac418: c5f8 77e8 

  0x000001febabac41c: ; ImmutableOopMap {rbp=NarrowOop [32]=Oop [72]=Oop [80]=Oop [88]=Oop [104]=Oop [112]=Oop }
                      ;*invokestatic indexOfChar {reexecute=0 rethrow=0 return_oop=0}
                      ; - java.lang.StringLatin1::indexOf@33
                      ; - java.lang.String::indexOf@17
                      ; - java.lang.String::indexOf@3
                      ; - java.lang.ClassLoader::checkName@16
                      ; - java.lang.ClassLoader::findBootstrapClassOrNull@1
                      ; - java.lang.System$2::findBootstrapClassOrNull@1
                      ; - jdk.internal.loader.ClassLoaders$BootClassLoader::loadClassOrNull@4
                      ; - jdk.internal.loader.BuiltinClassLoader::loadClassOrNull@3
                      ; - jdk.internal.loader.BuiltinClassLoader::loadClassOrNull@66
                      ; - jdk.internal.loader.BuiltinClassLoader::loadClass@3
                      ; - java.lang.ClassLoader::loadClass@38
  0x000001febabac41c: 607f 96ff 

  0x000001febabac420: ;   {other}
  0x000001febabac420: 0f1f 8400 | 1071 008f | 33ed 85db | 400f 94c5 | ba45 ffff | ff4c 8b54 | 2448 4c89 | 5424 204c 
  0x000001febabac440: 8b54 2450 | 4c89 5424 | 484c 894c | 2458 4c89 | 4424 684c | 894c 2478 

  0x000001febabac458: ;   {runtime_call UncommonTrapBlob}
  0x000001febabac458: c5f8 77e8 

  0x000001febabac45c: ; ImmutableOopMap {[32]=Oop [72]=Oop [88]=Oop [104]=Oop [120]=Oop [184]=Oop }
                      ;*ifeq {reexecute=1 rethrow=0 return_oop=0}
                      ; - (reexecute) java.lang.String::indexOf@4
                      ; - java.lang.String::indexOf@3
                      ; - java.lang.ClassLoader::checkName@16
                      ; - java.lang.ClassLoader::findLoadedClass@1
                      ; - java.lang.ClassLoader::loadClass@10
                      ; - java.lang.ClassLoader::loadClass@38
  0x000001febabac45c: 207f 96ff 

  0x000001febabac460: ;   {other}
  0x000001febabac460: 0f1f 8400 | 5071 0090 | ba45 ffff | ff48 8b6c | 2448 448b | 5424 3044 | 8954 2428 | 4c8b 5424 
  0x000001febabac480: 404c 8954 | 2438 4c8b | 5424 504c | 8954 2440 | 4c89 4c24 | 504c 8b54 | 2478 4c89 | 5424 604c 
  0x000001febabac4a0: 894c 2470 | 895c 242c 

  0x000001febabac4a8: ;   {runtime_call UncommonTrapBlob}
  0x000001febabac4a8: c5f8 77e8 

  0x000001febabac4ac: ; ImmutableOopMap {rbp=Oop [64]=Oop [80]=Oop [96]=Oop [112]=Oop [120]=Oop [184]=Oop }
                      ;*if_icmpne {reexecute=1 rethrow=0 return_oop=0}
                      ; - (reexecute) java.lang.ClassLoader::checkName@20
                      ; - java.lang.ClassLoader::findLoadedClass@1
                      ; - java.lang.ClassLoader::loadClass@10
                      ; - java.lang.ClassLoader::loadClass@38
  0x000001febabac4ac: d07e 96ff 

  0x000001febabac4b0: ;   {other}
  0x000001febabac4b0: 0f1f 8400 | a071 0091 | 4963 d0e9 | aec5 ffff | 4983 c0fe | 498b c848 | 8bfa 4833 | c048 83f9 
  0x000001febabac4d0: 087f 1048 | ffc9 784f | 4889 04cf | 48ff c97d | f7eb 44c5 | fdef c0e9 | 0d00 0000 | c5fe 7f07 
  0x000001febabac4f0: c5fe 7f47 | 2048 83c7 | 4048 83e9 | 087d ed48 | 83c1 047c | 0cc5 fe7f | 0748 83c7 | 2048 83e9 
  0x000001febabac510: 0448 83c1 | 047e 1048 | ffc9 c5f9 | d607 4883 | c708 48ff | c97d f3e9 | 4ec6 ffff | ba45 ffff 
  0x000001febabac530: ff4c 8b5c | 2448 4c89 | 5c24 204c | 8b9c 24b0 | 0000 004c | 895c 2428 | 4c8b 5c24 | 504c 895c 
  0x000001febabac550: 2448 4c89 | 5424 6090 

  0x000001febabac558: ;   {runtime_call UncommonTrapBlob}
  0x000001febabac558: c5f8 77e8 

  0x000001febabac55c: ; ImmutableOopMap {rbp=NarrowOop [32]=Oop [40]=Oop [72]=Oop [96]=Oop }
                      ;*ifnull {reexecute=1 rethrow=0 return_oop=0}
                      ; - (reexecute) java.lang.ClassLoader::getClassLoadingLock@6
                      ; - java.lang.ClassLoader::loadClass@2
                      ; - java.lang.ClassLoader::loadClass@38
  0x000001febabac55c: 207e 96ff 

  0x000001febabac560: ;   {other}
  0x000001febabac560: 0f1f 8400 | 5072 0092 | ba45 ffff | ff48 8b6c | 2448 448b | 5c24 3044 | 895c 2428 | 4c8b 5c24 
  0x000001febabac580: 404c 895c | 2438 4c8b | 5c24 504c | 895c 2440 | 4c89 4c24 | 504c 8b5c | 2478 4c89 | 5c24 604c 
  0x000001febabac5a0: 894c 2470 | 4489 5424 | 2c66 6690 

  0x000001febabac5ac: ;   {runtime_call UncommonTrapBlob}
  0x000001febabac5ac: c5f8 77e8 

  0x000001febabac5b0: ; ImmutableOopMap {rbp=Oop [64]=Oop [80]=Oop [96]=Oop [112]=Oop [120]=Oop [184]=Oop }
                      ;*if_icmpne {reexecute=1 rethrow=0 return_oop=0}
                      ; - (reexecute) java.lang.ClassLoader::checkName@30
                      ; - java.lang.ClassLoader::findLoadedClass@1
                      ; - java.lang.ClassLoader::loadClass@10
                      ; - java.lang.ClassLoader::loadClass@38
  0x000001febabac5b0: cc7d 96ff 

  0x000001febabac5b4: ;   {other}
  0x000001febabac5b4: 0f1f 8400 | a472 0093 | bacc ffff | ff48 8b6c | 2448 4c8b | 9c24 b000 | 0000 4c89 | 5c24 208b 
  0x000001febabac5d4: 4c24 3089 | 4c24 284c | 8b5c 2440 | 4c89 5c24 | 384c 8b5c | 2450 4c89 | 5c24 404c | 8b5c 2478 
  0x000001febabac5f4: 4c89 5c24 | 504c 894c | 2478 4489 | 8424 8400 | 0000 6690 

  0x000001febabac608: ;   {runtime_call UncommonTrapBlob}
  0x000001febabac608: c5f8 77e8 

  0x000001febabac60c: ; ImmutableOopMap {rbp=Oop [32]=Oop [44]=NarrowOop [64]=Oop [80]=Oop [104]=Oop [120]=Oop }
                      ;*newarray {reexecute=1 rethrow=0 return_oop=0}
                      ; - (reexecute) java.util.Arrays::copyOfRangeByte@10
                      ; - java.util.Arrays::copyOfRange@13
                      ; - java.lang.StringLatin1::newString@16
                      ; - java.lang.String::substring@41
                      ; - jdk.internal.loader.BuiltinClassLoader::findLoadedModule@16
                      ; - jdk.internal.loader.BuiltinClassLoader::loadClassOrNull@22
                      ; - jdk.internal.loader.BuiltinClassLoader::loadClass@3
                      ; - java.lang.ClassLoader::loadClass@38
  0x000001febabac60c: 707d 96ff 

  0x000001febabac610: ;   {other}
  0x000001febabac610: 0f1f 8400 | 0073 0094 | ba76 ffff | ff48 8b6c | 2448 4c8b | 5424 584c | 8954 2420 | 448b 5424 
  0x000001febabac630: 3044 8954 | 2428 4c8b | 5424 404c | 8954 2438 | 4c8b 5424 | 504c 8954 | 2440 4c8b | 5424 784c 
  0x000001febabac650: 8954 2458 | 4c8b 5424 | 684c 8954 | 2460 4489 | 9c24 8800 | 0000 4c8b | 9424 a000 | 0000 4c89 
  0x000001febabac670: 9424 9000 | 0000 4c8b | 9424 a800 | 0000 4c89 | 9424 a000 | 0000 6690 

  0x000001febabac688: ;   {runtime_call UncommonTrapBlob}
  0x000001febabac688: c5f8 77e8 

  0x000001febabac68c: ; ImmutableOopMap {rbp=Oop [32]=Oop [64]=Oop [88]=Oop [140]=NarrowOop [144]=Oop [160]=Oop [168]=Oop [184]=Oop }
                      ;*iflt {reexecute=1 rethrow=0 return_oop=0}
                      ; - (reexecute) java.lang.StringLatin1::lastIndexOf@19
                      ; - java.lang.String::lastIndexOf@13
                      ; - java.lang.String::lastIndexOf@8
                      ; - jdk.internal.loader.BuiltinClassLoader::findLoadedModule@3
                      ; - jdk.internal.loader.BuiltinClassLoader::loadClassOrNull@22
                      ; - jdk.internal.loader.BuiltinClassLoader::loadClass@3
                      ; - java.lang.ClassLoader::loadClass@38
                      ; - java.lang.ClassLoader::loadClass@38
  0x000001febabac68c: f07c 96ff 

  0x000001febabac690: ;   {other}
  0x000001febabac690: 0f1f 8400 | 8073 0095 | bac6 ffff | ff48 8b6c | 2448 448b | 4424 3044 | 8944 2428 | 4c8b 5424 
  0x000001febabac6b0: 404c 8954 | 2438 4c8b | 5424 504c | 8954 2440 | 4c8b 5424 | 784c 8954 | 2458 4889 | 4424 6044 
  0x000001febabac6d0: 895c 242c 

  0x000001febabac6d4: ;   {runtime_call UncommonTrapBlob}
  0x000001febabac6d4: c5f8 77e8 

  0x000001febabac6d8: ; ImmutableOopMap {rbp=Oop [32]=Oop [44]=NarrowOop [64]=Oop [88]=Oop [184]=Oop }
                      ;*invokevirtual loadClass {reexecute=0 rethrow=0 return_oop=0}
                      ; - java.lang.ClassLoader::loadClass@38
                      ; - java.lang.ClassLoader::loadClass@38
  0x000001febabac6d8: a47c 96ff 

  0x000001febabac6dc: ;   {other}
  0x000001febabac6dc: 0f1f 8400 | cc73 0096 | 488b 6c24 | 2048 8b54 | 2420 4c8d | 8424 4001 | 0000 4c8b | 9424 b000 
  0x000001febabac6fc: 0000 4c89 | 5424 3890 

  0x000001febabac704: ;   {runtime_call _complete_monitor_locking_Java}
  0x000001febabac704: c5f8 77e8 

  0x000001febabac708: ; ImmutableOopMap {rbp=Oop [40]=NarrowOop [56]=Oop [72]=Oop [80]=Oop [120]=Oop [160]=Oop [176]=Oop [184]=Oop }
                      ;*monitorenter {reexecute=0 rethrow=0 return_oop=0}
                      ; - jdk.internal.loader.BuiltinClassLoader::loadClassOrNull@7
                      ; - jdk.internal.loader.BuiltinClassLoader::loadClass@3
                      ; - java.lang.ClassLoader::loadClass@38
                      ; - java.lang.ClassLoader::loadClass@38
  0x000001febabac708: f442 a3ff 

  0x000001febabac70c: ;   {other}
  0x000001febabac70c: 0f1f 8400 | fc73 0097 | 4c8b c5e9 | eda0 ffff | ba45 ffff | ff48 8b6c | 2448 448b | 5424 3044 
  0x000001febabac72c: 8954 2428 | 4c8b 5424 | 404c 8954 | 2438 4c8b | 5424 504c | 8954 2440 | 4c89 4c24 | 504c 8b54 
  0x000001febabac74c: 2478 4c89 | 5424 584c | 8b54 2468 | 4c89 5424 | 604c 894c | 2470 4c89 | 8424 9800 | 0000 6690 
  0x000001febabac76c: ;   {runtime_call UncommonTrapBlob}
  0x000001febabac76c: c5f8 77e8 

  0x000001febabac770: ; ImmutableOopMap {rbp=Oop [64]=Oop [80]=Oop [88]=Oop [112]=Oop [152]=Oop [160]=Oop [184]=Oop }
                      ;*ifeq {reexecute=1 rethrow=0 return_oop=0}
                      ; - (reexecute) java.lang.ClassLoader::checkName@8
                      ; - java.lang.ClassLoader::findLoadedClass@1
                      ; - jdk.internal.loader.BuiltinClassLoader::loadClassOrNull@10
                      ; - jdk.internal.loader.BuiltinClassLoader::loadClass@3
                      ; - java.lang.ClassLoader::loadClass@38
                      ; - java.lang.ClassLoader::loadClass@38
  0x000001febabac770: 0c7c 96ff 

  0x000001febabac774: ;   {other}
  0x000001febabac774: 0f1f 8400 | 6474 0098 | 498b f849 | 8bcb 488d | 9424 4001 | 0000 4d8b | c7c5 f877 | 49ba 80d3 
  0x000001febabac794: d486 f87f | 0000 41ff 

  0x000001febabac79c: ;   {other}
  0x000001febabac79c: d20f 1f84 | 0000 0000 | 004c 8bc7 | e98a acff | ffba 6eff | ffff 488b | 6c24 484c | 8b54 2458 
  0x000001febabac7bc: 4c89 5424 | 2044 8b44 | 2430 4489 | 4424 284c | 8b54 2440 | 4c89 5424 | 384c 8b54 | 2450 4c89 
  0x000001febabac7dc: 5424 404c | 8b54 2478 | 4c89 5424 | 584c 8b54 | 2468 4c89 | 5424 6044 | 899c 2488 | 0000 004c 
  0x000001febabac7fc: 8b94 24a0 | 0000 004c | 8994 2490 | 0000 004c | 8b94 24a8 | 0000 004c | 8994 24a0 | 0000 0090 
  0x000001febabac81c: ;   {runtime_call UncommonTrapBlob}
  0x000001febabac81c: c5f8 77e8 

  0x000001febabac820: ; ImmutableOopMap {rbp=Oop [32]=Oop [64]=Oop [88]=Oop [140]=NarrowOop [144]=Oop [160]=Oop [168]=Oop [184]=Oop }
                      ;*iflt {reexecute=1 rethrow=0 return_oop=0}
                      ; - (reexecute) java.lang.StringLatin1::lastIndexOf@19
                      ; - java.lang.String::lastIndexOf@13
                      ; - java.lang.String::lastIndexOf@8
                      ; - jdk.internal.loader.BuiltinClassLoader::findLoadedModule@3
                      ; - jdk.internal.loader.BuiltinClassLoader::loadClassOrNull@22
                      ; - jdk.internal.loader.BuiltinClassLoader::loadClass@3
                      ; - java.lang.ClassLoader::loadClass@38
                      ; - java.lang.ClassLoader::loadClass@38
  0x000001febabac820: 5c7b 96ff 

  0x000001febabac824: ;   {other}
  0x000001febabac824: 0f1f 8400 | 1475 0099 | bace ffff | ff4c 8b5c | 2448 4c89 | 5c24 204c | 8b5c 2450 | 4c89 5c24 
  0x000001febabac844: 484c 894c | 2458 4c8b | 5c24 784c | 895c 2470 | 4c89 4c24 | 784c 8984 | 24b0 0000 | 0044 8954 
  0x000001febabac864: 2434 6690 

  0x000001febabac868: ;   {runtime_call UncommonTrapBlob}
  0x000001febabac868: c5f8 77e8 

  0x000001febabac86c: ; ImmutableOopMap {rbp=NarrowOop [32]=Oop [72]=Oop [88]=Oop [112]=Oop [120]=Oop [160]=Oop [176]=Oop [184]=Oop }
                      ;*invokestatic indexOfChar {reexecute=0 rethrow=0 return_oop=0}
                      ; - java.lang.StringLatin1::indexOf@33
                      ; - java.lang.String::indexOf@17
                      ; - java.lang.String::indexOf@3
                      ; - java.lang.ClassLoader::checkName@16
                      ; - java.lang.ClassLoader::findLoadedClass@1
                      ; - jdk.internal.loader.BuiltinClassLoader::loadClassOrNull@10
                      ; - jdk.internal.loader.BuiltinClassLoader::loadClass@3
                      ; - java.lang.ClassLoader::loadClass@38
                      ; - java.lang.ClassLoader::loadClass@38
  0x000001febabac86c: 107b 96ff 

  0x000001febabac870: ;   {other}
  0x000001febabac870: 0f1f 8400 | 6075 009a | 33ed 85c9 | 400f 94c5 | ba45 ffff | ff4c 8b44 | 2448 4c89 | 4424 204c 
  0x000001febabac890: 8b44 2450 | 4c89 4424 | 484c 895c | 2450 4c89 | 5c24 604c | 8954 2470 

  0x000001febabac8a8: ;   {runtime_call UncommonTrapBlob}
  0x000001febabac8a8: c5f8 77e8 

  0x000001febabac8ac: ; ImmutableOopMap {[32]=Oop [72]=Oop [80]=Oop [96]=Oop [112]=Oop [120]=Oop }
                      ;*ifeq {reexecute=1 rethrow=0 return_oop=0}
                      ; - (reexecute) java.lang.String::indexOf@4
                      ; - java.lang.String::indexOf@3
                      ; - java.lang.ClassLoader::checkName@16
                      ; - java.lang.ClassLoader::findLoadedClass@1
                      ; - jdk.internal.loader.BuiltinClassLoader::loadClassOrNull@10
                      ; - jdk.internal.loader.BuiltinClassLoader::loadClass@3
                      ; - java.lang.ClassLoader::loadClass@38
  0x000001febabac8ac: d07a 96ff 

  0x000001febabac8b0: ;   {other}
  0x000001febabac8b0: 0f1f 8400 | a075 009b | 33ed 4585 | db40 0f94 | c5ba 45ff | ffff 4c8b | 5424 484c | 8954 2420 
  0x000001febabac8d0: 4c8b 9424 | b000 0000 | 4c89 5424 | 284c 8b54 | 2450 4c89 | 5424 484c | 8b54 2478 | 4c89 5424 
  0x000001febabac8f0: 5844 894c | 2434 6690 

  0x000001febabac8f8: ;   {runtime_call UncommonTrapBlob}
  0x000001febabac8f8: c5f8 77e8 

  0x000001febabac8fc: ; ImmutableOopMap {[32]=Oop [40]=Oop [72]=Oop [88]=Oop [104]=Oop }
                      ;*ifeq {reexecute=1 rethrow=0 return_oop=0}
                      ; - (reexecute) java.lang.String::lastIndexOf@4
                      ; - java.lang.String::lastIndexOf@8
                      ; - jdk.internal.loader.BuiltinClassLoader::findLoadedModule@3
                      ; - jdk.internal.loader.BuiltinClassLoader::loadClassOrNull@22
                      ; - jdk.internal.loader.BuiltinClassLoader::loadClass@3
                      ; - java.lang.ClassLoader::loadClass@38
  0x000001febabac8fc: 807a 96ff 

  0x000001febabac900: ;   {other}
  0x000001febabac900: 0f1f 8400 | f075 009c | ba45 ffff | ff48 8b6c | 2448 448b | 4424 3044 | 8944 2428 | 4c8b 4424 
  0x000001febabac920: 404c 8944 | 2438 4c8b | 4424 504c | 8944 2440 | 4c89 5c24 | 484c 8b44 | 2478 4c89 | 5c24 584c 
  0x000001febabac940: 8954 2468 | 4c89 4424 | 7089 5c24 | 2c66 6690 

  0x000001febabac950: ;   {runtime_call UncommonTrapBlob}
  0x000001febabac950: c5f8 77e8 

  0x000001febabac954: ; ImmutableOopMap {rbp=Oop [64]=Oop [72]=Oop [88]=Oop [104]=Oop [112]=Oop }
                      ;*if_icmpne {reexecute=1 rethrow=0 return_oop=0}
                      ; - (reexecute) java.lang.ClassLoader::checkName@20
                      ; - java.lang.ClassLoader::findLoadedClass@1
                      ; - jdk.internal.loader.BuiltinClassLoader::loadClassOrNull@10
                      ; - jdk.internal.loader.BuiltinClassLoader::loadClass@3
                      ; - java.lang.ClassLoader::loadClass@38
  0x000001febabac954: 287a 96ff 

  0x000001febabac958: ;   {other}
  0x000001febabac958: 0f1f 8400 | 4876 009d | baf6 ffff | ff48 8b6c | 2448 448b | 5424 3044 | 8954 2428 | 4c8b 5424 
  0x000001febabac978: 404c 8954 | 2438 4c8b | 5424 504c | 8954 2440 | 4c8b 5424 | 784c 8954 | 2450 4c8b | 5424 684c 
  0x000001febabac998: 8954 2458 | 4c8b 5424 | 704c 8954 | 2460 4c8b | 9424 b000 | 0000 4c89 | 5424 704c | 8b94 2480 
  0x000001febabac9b8: 0000 004c | 8954 2478 | 4c8b 9424 | e000 0000 | 4c89 9424 | 8000 0000 | 4c8b 9424 | b000 0000 
  0x000001febabac9d8: 4c89 9424 | 9000 0000 

  0x000001febabac9e0: ;   {runtime_call UncommonTrapBlob}
  0x000001febabac9e0: c5f8 77e8 

  0x000001febabac9e4: ; ImmutableOopMap {rbp=Oop [64]=Oop [80]=Oop [112]=Oop [120]=Oop [128]=Oop [144]=Oop [184]=Oop [212]=NarrowOop [232]=Oop [240]=NarrowOop [244]=NarrowOop }
                      ;*invokevirtual ensureInitialization {reexecute=0 rethrow=0 return_oop=0}
                      ; - java.util.jar.JavaUtilJarAccessImpl::ensureInitialization@1
                      ; - jdk.internal.loader.URLClassPath$JarLoader$2::getManifest@10
                      ; - java.net.URLClassLoader::defineClass@34
                      ; - java.net.URLClassLoader$1::run@43
                      ; - java.net.URLClassLoader$1::run@1
                      ; - java.security.AccessController::executePrivileged@29
                      ; - java.security.AccessController::doPrivileged@13
                      ; - java.net.URLClassLoader::findClass@13
                      ; - java.lang.ClassLoader::loadClass@69
                      ; - java.lang.ClassLoader::loadClass@38
  0x000001febabac9e4: 9879 96ff 

  0x000001febabac9e8: ;   {other}
  0x000001febabac9e8: 0f1f 8400 | d876 009e | ba76 ffff | ff48 8b6c | 2448 448b | 5424 3044 | 8954 2428 | 4c8b 5424 
  0x000001febabaca08: 404c 8954 | 2438 4c8b | 5424 504c | 8954 2440 | 4c8b 5424 | 784c 8954 | 2450 4c8b | 5424 684c 
  0x000001febabaca28: 8954 2458 | 4c8b 5424 | 704c 8954 | 2460 4c8b | 9424 b000 | 0000 4c89 | 5424 704c | 8b94 2480 
  0x000001febabaca48: 0000 004c | 8954 2478 | 4c8b 9424 | e000 0000 | 4c89 9424 | 8000 0000 | 4c8b 9424 | b000 0000 
  0x000001febabaca68: 4c89 9424 | 9000 0000 | 4489 9c24 | a000 0000 

  0x000001febabaca78: ;   {runtime_call UncommonTrapBlob}
  0x000001febabaca78: c5f8 77e8 

  0x000001febabaca7c: ; ImmutableOopMap {rbp=Oop [64]=Oop [80]=Oop [112]=Oop [120]=Oop [128]=Oop [144]=Oop [184]=Oop [208]=NarrowOop [240]=NarrowOop [244]=NarrowOop }
                      ;*iflt {reexecute=1 rethrow=0 return_oop=0}
                      ; - (reexecute) java.lang.StringLatin1::lastIndexOf@19
                      ; - java.lang.String::lastIndexOf@13
                      ; - java.lang.String::lastIndexOf@8
                      ; - java.net.URLClassLoader::defineClass@7
                      ; - java.net.URLClassLoader$1::run@43
                      ; - java.net.URLClassLoader$1::run@1
                      ; - java.security.AccessController::executePrivileged@29
                      ; - java.security.AccessController::doPrivileged@13
                      ; - java.net.URLClassLoader::findClass@13
                      ; - java.lang.ClassLoader::loadClass@69
                      ; - java.lang.ClassLoader::loadClass@38
  0x000001febabaca7c: 0079 96ff 

  0x000001febabaca80: ;   {other}
  0x000001febabaca80: 0f1f 8400 | 7077 009f | 33ed 4585 | c040 0f94 | c5ba 45ff | ffff 4c8b | 5424 484c | 8954 2420 
  0x000001febabacaa0: 4c8b 5424 | 504c 8954 | 2448 4c8b | 5424 784c | 8954 2458 | 4c8b 5424 | 684c 8954 | 2460 4c8b 
  0x000001febabacac0: 5424 704c | 8954 2468 | 4c89 4c24 | 784c 899c | 2480 0000 | 004c 898c | 2488 0000 | 0066 6690 
  0x000001febabacae0: ;   {runtime_call UncommonTrapBlob}
  0x000001febabacae0: c5f8 77e8 

  0x000001febabacae4: ; ImmutableOopMap {[32]=Oop [72]=Oop [88]=Oop [120]=Oop [128]=Oop [136]=Oop [184]=Oop }
                      ;*ifeq {reexecute=1 rethrow=0 return_oop=0}
                      ; - (reexecute) java.lang.String::replace@9
                      ; - java.net.URLClassLoader$1::run@8
                      ; - java.net.URLClassLoader$1::run@1
                      ; - java.security.AccessController::executePrivileged@29
                      ; - java.security.AccessController::doPrivileged@13
                      ; - java.net.URLClassLoader::findClass@13
                      ; - java.lang.ClassLoader::loadClass@69
                      ; - java.lang.ClassLoader::loadClass@38
  0x000001febabacae4: 9878 96ff 

  0x000001febabacae8: ;   {other}
  0x000001febabacae8: 0f1f 8400 | d877 00a0 | ba45 ffff | ff4c 8b5c | 2448 4c89 | 5c24 204c | 8b9c 24b0 | 0000 004c 
  0x000001febabacb08: 895c 2428 | 4c8b 5c24 | 504c 895c | 2448 4c89 | 5424 6890 

  0x000001febabacb1c: ;   {runtime_call UncommonTrapBlob}
  0x000001febabacb1c: c5f8 77e8 

  0x000001febabacb20: ; ImmutableOopMap {rbp=NarrowOop [32]=Oop [40]=Oop [72]=Oop [104]=Oop }
                      ;*ifnull {reexecute=1 rethrow=0 return_oop=0}
                      ; - (reexecute) java.lang.ClassLoader::getClassLoadingLock@6
                      ; - jdk.internal.loader.BuiltinClassLoader::loadClassOrNull@2
                      ; - jdk.internal.loader.BuiltinClassLoader::loadClass@3
                      ; - java.lang.ClassLoader::loadClass@38
  0x000001febabacb20: 5c78 96ff 

  0x000001febabacb24: ;   {other}
  0x000001febabacb24: 0f1f 8400 | 1478 00a1 | ba45 ffff | ff48 8b6c | 2448 8b4c | 2430 894c | 2428 4c8b | 4424 404c 
  0x000001febabacb44: 8944 2438 | 4c8b 4424 | 504c 8944 | 2440 4c89 | 5c24 484c | 8b44 2478 | 4c89 5c24 | 584c 8954 
  0x000001febabacb64: 2468 4c89 | 4424 7044 | 894c 242c 

  0x000001febabacb70: ;   {runtime_call UncommonTrapBlob}
  0x000001febabacb70: c5f8 77e8 

  0x000001febabacb74: ; ImmutableOopMap {rbp=Oop [64]=Oop [72]=Oop [88]=Oop [104]=Oop [112]=Oop }
                      ;*if_icmpne {reexecute=1 rethrow=0 return_oop=0}
                      ; - (reexecute) java.lang.ClassLoader::checkName@30
                      ; - java.lang.ClassLoader::findLoadedClass@1
                      ; - jdk.internal.loader.BuiltinClassLoader::loadClassOrNull@10
                      ; - jdk.internal.loader.BuiltinClassLoader::loadClass@3
                      ; - java.lang.ClassLoader::loadClass@38
  0x000001febabacb74: 0878 96ff 

  0x000001febabacb78: ;   {other}
  0x000001febabacb78: 0f1f 8400 | 6878 00a2 | bade ffff | ff48 8b6c | 2448 448b | 5c24 3044 | 895c 2428 | 4c8b 5424 
  0x000001febabacb98: 404c 8954 | 2438 4c8b | 5424 504c | 8954 2440 | 4c8b 5424 | 784c 8954 | 2450 4c8b | 5424 684c 
  0x000001febabacbb8: 8954 2458 | 4c8b 5424 | 704c 8954 | 2460 4c8b | 9424 b000 | 0000 4c89 | 5424 704c | 8b94 2480 
  0x000001febabacbd8: 0000 004c | 8954 2478 | 4c8b 9424 | e000 0000 | 4c89 9424 | 8000 0000 | 4c8b 9424 | b800 0000 
  0x000001febabacbf8: 4c89 9424 | 8800 0000 | 4c8b 9424 | b000 0000 | 4c89 9424 | 9000 0000 | 4c8b 9424 | c000 0000 
  0x000001febabacc18: 4c89 9424 | b000 0000 | 4489 8424 | c000 0000 

  0x000001febabacc28: ;   {runtime_call UncommonTrapBlob}
  0x000001febabacc28: c5f8 77e8 

  0x000001febabacc2c: ; ImmutableOopMap {rbp=Oop [64]=Oop [80]=Oop [112]=Oop [120]=Oop [128]=Oop [136]=Oop [144]=Oop [192]=NarrowOop [200]=NarrowOop [212]=NarrowOop [232]=Oop [240]=NarrowOop [244]=NarrowOop }
                      ;*invokeinterface ensureInitialization {reexecute=0 rethrow=0 return_oop=0}
                      ; - jdk.internal.loader.URLClassPath$JarLoader$2::getManifest@10
                      ; - java.net.URLClassLoader::defineClass@34
                      ; - java.net.URLClassLoader$1::run@43
                      ; - java.net.URLClassLoader$1::run@1
                      ; - java.security.AccessController::executePrivileged@29
                      ; - java.security.AccessController::doPrivileged@13
                      ; - java.net.URLClassLoader::findClass@13
                      ; - java.lang.ClassLoader::loadClass@69
                      ; - java.lang.ClassLoader::loadClass@38
  0x000001febabacc2c: 5077 96ff 

  0x000001febabacc30: ;   {other}
  0x000001febabacc30: 0f1f 8400 | 2079 00a3 | 8bac 24f4 | 0000 0044 | 8b9c 24f0 | 0000 0044 | 895c 2420 | 488b 5424 
  0x000001febabacc50: 384c 8d84 | 2440 0100 | 004c 8b94 | 24e0 0000 | 004c 8994 | 24a0 0000 | 0066 6690 

  0x000001febabacc6c: ;   {runtime_call _complete_monitor_locking_Java}
  0x000001febabacc6c: c5f8 77e8 

  0x000001febabacc70: ; ImmutableOopMap {rbp=NarrowOop [32]=NarrowOop [40]=NarrowOop [56]=Oop [72]=Oop [80]=Oop [120]=Oop [128]=Oop [160]=Oop [176]=Oop [184]=Oop [200]=NarrowOop [212]=NarrowOop [224]=Oop [232]=Oop }
                      ;*synchronization entry
                      ; - java.util.jar.JarFile::ensureInitialization@-1
                      ; - java.util.jar.JavaUtilJarAccessImpl::ensureInitialization@1
                      ; - jdk.internal.loader.URLClassPath$JarLoader$2::getManifest@10
                      ; - java.net.URLClassLoader::defineClass@34
                      ; - java.net.URLClassLoader$1::run@43
                      ; - java.net.URLClassLoader$1::run@1
                      ; - java.security.AccessController::executePrivileged@29
                      ; - java.security.AccessController::doPrivileged@13
                      ; - java.net.URLClassLoader::findClass@13
                      ; - java.lang.ClassLoader::loadClass@69
                      ; - java.lang.ClassLoader::loadClass@38
  0x000001febabacc70: 8c3d a3ff 

  0x000001febabacc74: ;   {other}
  0x000001febabacc74: 0f1f 8400 | 6479 00a4 | e9d7 adff | ff4d 8bd3 | 498b ca48 | 8d94 2440 | 0100 004d | 8bc7 c5f8 
  0x000001febabacc94: 7749 ba80 | d3d4 86f8 | 7f00 0041 

  0x000001febabacca0: ;   {other}
  0x000001febabacca0: ffd2 0f1f | 8400 0000 | 0000 e970 | aeff ffba | deff ffff | 4c8b 5424 | 484c 8954 | 2420 4c8b 
  0x000001febabaccc0: 5424 504c | 8954 2448 | 4c8b 5424 | 784c 8954 | 2458 4c8b | 5424 684c | 8954 2460 | 4c8b 5424 
  0x000001febabacce0: 704c 8954 | 2468 4c8b | 9424 b000 | 0000 4c89 | 5424 784c | 8b94 24e0 | 0000 004c | 8994 2488 
  0x000001febabacd00: 0000 004c | 8b94 24b8 | 0000 004c | 8994 2490 | 0000 004c | 8b94 24b0 | 0000 004c | 8994 2498 
  0x000001febabacd20: 0000 004c | 8b94 24b8 | 0000 004c | 8994 24b0 | 0000 004c | 8b94 24c0 | 0000 004c | 8994 24b8 
  0x000001febabacd40: 0000 0090 

  0x000001febabacd44: ;   {runtime_call UncommonTrapBlob}
  0x000001febabacd44: c5f8 77e8 

  0x000001febabacd48: ; ImmutableOopMap {rbp=NarrowOop [32]=Oop [72]=Oop [88]=Oop [120]=Oop [128]=Oop [136]=Oop [144]=Oop [152]=Oop [176]=Oop [212]=NarrowOop [232]=Oop }
                      ;*invokevirtual getManifest {reexecute=0 rethrow=0 return_oop=0}
                      ; - jdk.internal.loader.URLClassPath$JarLoader$2::getManifest@22
                      ; - java.net.URLClassLoader::defineClass@34
                      ; - java.net.URLClassLoader$1::run@43
                      ; - java.net.URLClassLoader$1::run@1
                      ; - java.security.AccessController::executePrivileged@29
                      ; - java.security.AccessController::doPrivileged@13
                      ; - java.net.URLClassLoader::findClass@13
                      ; - java.lang.ClassLoader::loadClass@69
                      ; - java.lang.ClassLoader::loadClass@38
  0x000001febabacd48: 3476 96ff 

  0x000001febabacd4c: ;   {other}
  0x000001febabacd4c: 0f1f 8400 | 3c7a 00a5 | baec ffff | ff48 8b6c | 2448 448b | 5424 3044 | 8954 2428 | 4c8b 5424 
  0x000001febabacd6c: 404c 8954 | 2438 4c8b | 5424 504c | 8954 2440 | 4c8b 5424 | 784c 8954 | 2450 4c8b | 5424 684c 
  0x000001febabacd8c: 8954 2458 | 4c8b 5424 | 704c 8954 | 2460 4c8b | 9424 b000 | 0000 4c89 | 5424 704c | 8b94 2480 
  0x000001febabacdac: 0000 004c | 8954 2478 | 4c8b 9424 | b800 0000 | 4c89 9424 | 8800 0000 | 4c8b 9424 | b000 0000 
  0x000001febabacdcc: 4c89 9424 | 9000 0000 | 4c8b 9424 | b800 0000 | 4c89 9424 | a000 0000 | 4889 8424 | b800 0000 
  0x000001febabacdec: ;   {runtime_call UncommonTrapBlob}
  0x000001febabacdec: c5f8 77e8 

  0x000001febabacdf0: ; ImmutableOopMap {rbp=Oop [64]=Oop [80]=Oop [112]=Oop [120]=Oop [136]=Oop [144]=Oop [160]=Oop [168]=Oop [184]=Oop [212]=NarrowOop [224]=Oop }
                      ;*astore {reexecute=0 rethrow=0 return_oop=0}
                      ; - java.net.URLClassLoader::defineClass@188
                      ; - java.net.URLClassLoader$1::run@43
                      ; - java.net.URLClassLoader$1::run@1
                      ; - java.security.AccessController::executePrivileged@29
                      ; - java.security.AccessController::doPrivileged@13
                      ; - java.net.URLClassLoader::findClass@13
                      ; - java.lang.ClassLoader::loadClass@69
                      ; - java.lang.ClassLoader::loadClass@38
  0x000001febabacdf0: 8c75 96ff 

  0x000001febabacdf4: ;   {other}
  0x000001febabacdf4: 0f1f 8400 | e47a 00a6 | ba45 ffff | ff48 8b6c | 2448 4c8b | 9424 b000 | 0000 4c89 | 5424 2044 
  0x000001febabace14: 8b54 2430 | 4489 5424 | 284c 8b54 | 2440 4c89 | 5424 384c | 8b54 2450 | 4c89 5424 | 4044 8944 
  0x000001febabace34: 242c 6690 

  0x000001febabace38: ;   {runtime_call UncommonTrapBlob}
  0x000001febabace38: c5f8 77e8 

  0x000001febabace3c: ; ImmutableOopMap {rbp=Oop [32]=Oop [64]=Oop [104]=Oop [120]=Oop }
                      ;*ifle {reexecute=1 rethrow=0 return_oop=0}
                      ; - (reexecute) java.util.concurrent.ConcurrentHashMap::get@23
                      ; - jdk.internal.loader.BuiltinClassLoader::findLoadedModule@24
                      ; - jdk.internal.loader.BuiltinClassLoader::loadClassOrNull@22
                      ; - jdk.internal.loader.BuiltinClassLoader::loadClass@3
                      ; - java.lang.ClassLoader::loadClass@38
  0x000001febabace3c: 4075 96ff 

  0x000001febabace40: ;   {other}
  0x000001febabace40: 0f1f 8400 | 307b 00a7 | ba6e ffff | ff48 8b6c | 2448 448b | 4424 3044 | 8944 2428 | 4c8b 5424 
  0x000001febabace60: 404c 8954 | 2438 4c8b | 5424 504c | 8954 2440 | 4c8b 5424 | 784c 8954 | 2450 4c8b | 5424 684c 
  0x000001febabace80: 8954 2458 | 4c8b 5424 | 704c 8954 | 2460 4c8b | 9424 b000 | 0000 4c89 | 5424 704c | 8b94 2480 
  0x000001febabacea0: 0000 004c | 8954 2478 | 4c8b 9424 | e000 0000 | 4c89 9424 | 8000 0000 | 4c8b 9424 | b000 0000 
  0x000001febabacec0: 4c89 9424 | 9000 0000 | 4489 9c24 | a000 0000 

  0x000001febabaced0: ;   {runtime_call UncommonTrapBlob}
  0x000001febabaced0: c5f8 77e8 

  0x000001febabaced4: ; ImmutableOopMap {rbp=Oop [64]=Oop [80]=Oop [112]=Oop [120]=Oop [128]=Oop [144]=Oop [184]=Oop [208]=NarrowOop [240]=NarrowOop [244]=NarrowOop }
                      ;*iflt {reexecute=1 rethrow=0 return_oop=0}
                      ; - (reexecute) java.lang.StringLatin1::lastIndexOf@19
                      ; - java.lang.String::lastIndexOf@13
                      ; - java.lang.String::lastIndexOf@8
                      ; - java.net.URLClassLoader::defineClass@7
                      ; - java.net.URLClassLoader$1::run@43
                      ; - java.net.URLClassLoader$1::run@1
                      ; - java.security.AccessController::executePrivileged@29
                      ; - java.security.AccessController::doPrivileged@13
                      ; - java.net.URLClassLoader::findClass@13
                      ; - java.lang.ClassLoader::loadClass@69
                      ; - java.lang.ClassLoader::loadClass@38
  0x000001febabaced4: a874 96ff 

  0x000001febabaced8: ;   {other}
  0x000001febabaced8: 0f1f 8400 | c87b 00a8 | ba45 ffff | ff48 8b6c | 2448 4c8b | 9424 b000 | 0000 4c89 | 5424 2044 
  0x000001febabacef8: 8b5c 2430 | 4489 5c24 | 284c 8b54 | 2440 4c89 | 5424 384c | 8b54 2450 | 4c89 5424 | 4044 8944 
  0x000001febabacf18: 242c 6690 

  0x000001febabacf1c: ;   {runtime_call UncommonTrapBlob}
  0x000001febabacf1c: c5f8 77e8 

  0x000001febabacf20: ; ImmutableOopMap {rbp=Oop [32]=Oop [64]=Oop [104]=Oop [120]=Oop }
                      ;*ifge {reexecute=1 rethrow=0 return_oop=0}
                      ; - (reexecute) jdk.internal.loader.BuiltinClassLoader::findLoadedModule@8
                      ; - jdk.internal.loader.BuiltinClassLoader::loadClassOrNull@22
                      ; - jdk.internal.loader.BuiltinClassLoader::loadClass@3
                      ; - java.lang.ClassLoader::loadClass@38
  0x000001febabacf20: 5c74 96ff 

  0x000001febabacf24: ;   {other}
  0x000001febabacf24: 0f1f 8400 | 147c 00a9 | ba45 ffff | ff48 8b6c | 2448 4c8b | 9c24 b000 | 0000 4c89 | 5c24 2044 
  0x000001febabacf44: 8b5c 2430 | 4489 5c24 | 284c 8b5c | 2440 4c89 | 5c24 384c | 8b5c 2450 | 4c89 5c24 | 404c 8b5c 
  0x000001febabacf64: 2478 4c89 | 5c24 5044 | 8944 247c | 4489 9424 | 8000 0000 | 4489 8424 | 8400 0000 | 4489 9424 
  0x000001febabacf84: 8800 0000 

  0x000001febabacf88: ;   {runtime_call UncommonTrapBlob}
  0x000001febabacf88: c5f8 77e8 

  0x000001febabacf8c: ; ImmutableOopMap {rbp=Oop [32]=Oop [64]=Oop [80]=Oop [104]=Oop }
                      ;*if_icmple {reexecute=1 rethrow=0 return_oop=0}
                      ; - (reexecute) jdk.internal.util.Preconditions::checkFromToIndex@11
                      ; - java.lang.String::checkBoundsBeginEnd@6
                      ; - java.lang.String::substring@8
                      ; - jdk.internal.loader.BuiltinClassLoader::findLoadedModule@16
                      ; - jdk.internal.loader.BuiltinClassLoader::loadClassOrNull@22
                      ; - jdk.internal.loader.BuiltinClassLoader::loadClass@3
                      ; - java.lang.ClassLoader::loadClass@38
  0x000001febabacf8c: f073 96ff 

  0x000001febabacf90: ;   {other}
  0x000001febabacf90: 0f1f 8400 | 807c 00aa | ba76 ffff | ff4c 8b54 | 2448 4c89 | 5424 204c | 8b94 24b0 | 0000 004c 
  0x000001febabacfb0: 8954 2428 | 4c8b 5424 | 504c 8954 | 2448 4c8b | 5424 784c | 8954 2458 | 4c8b 5424 | 684c 8954 
  0x000001febabacfd0: 2460 4c8b | 5424 704c | 8954 2468 

  0x000001febabacfdc: ;   {runtime_call UncommonTrapBlob}
  0x000001febabacfdc: c5f8 77e8 

  0x000001febabacfe0: ; ImmutableOopMap {[32]=Oop [40]=Oop [72]=Oop [88]=Oop [128]=Oop [144]=Oop [184]=Oop [192]=NarrowOop }
                      ;*if_icmpge {reexecute=1 rethrow=0 return_oop=0}
                      ; - (reexecute) java.lang.StringLatin1::replace@61
                      ; - java.lang.String::replace@18
                      ; - java.net.URLClassLoader$1::run@8
                      ; - java.net.URLClassLoader$1::run@1
                      ; - java.security.AccessController::executePrivileged@29
                      ; - java.security.AccessController::doPrivileged@13
                      ; - java.net.URLClassLoader::findClass@13
                      ; - java.lang.ClassLoader::loadClass@69
                      ; - java.lang.ClassLoader::loadClass@38
  0x000001febabacfe0: 9c73 96ff 

  0x000001febabacfe4: ;   {other}
  0x000001febabacfe4: 0f1f 8400 | d47c 00ab | 498b fb49 | 8bd7 c5f8 | 7749 ba60 | a393 86f8 | 7f00 0041 

  0x000001febabad000: ;   {other}
  0x000001febabad000: ffd2 0f1f | 8400 0000 | 0000 4c8b | dfe9 78bb | ffff ba45 | ffff ff48 | 8b6c 2448 | 448b 5c24 
  0x000001febabad020: 3044 895c | 2428 4c8b | 5424 404c | 8954 2438 | 4c8b 5424 | 504c 8954 | 2440 4c8b | 5424 784c 
  0x000001febabad040: 8954 2450 | 4c8b 5424 | 684c 8954 | 2458 4c8b | 5424 704c | 8954 2460 | 4c89 4c24 | 704c 8b94 
  0x000001febabad060: 2480 0000 | 004c 8954 | 2478 4c89 | 8c24 8000 | 0000 6690 

  0x000001febabad074: ;   {runtime_call UncommonTrapBlob}
  0x000001febabad074: c5f8 77e8 

  0x000001febabad078: ; ImmutableOopMap {rbp=Oop [64]=Oop [80]=Oop [112]=Oop [120]=Oop [128]=Oop [152]=Oop [184]=Oop }
                      ;*iflt {reexecute=1 rethrow=0 return_oop=0}
                      ; - (reexecute) java.lang.StringConcatHelper::checkOverflow@2
                      ; - java.lang.StringConcatHelper::mix@23
                      ; - java.lang.StringConcatHelper::simpleConcat@46
                      ; - java.lang.String::concat@11
                      ; - java.net.URLClassLoader$1::run@13
                      ; - java.net.URLClassLoader$1::run@1
                      ; - java.security.AccessController::executePrivileged@29
                      ; - java.security.AccessController::doPrivileged@13
                      ; - java.net.URLClassLoader::findClass@13
                      ; - java.lang.ClassLoader::loadClass@69
                      ; - java.lang.ClassLoader::loadClass@38
  0x000001febabad078: 0473 96ff 

  0x000001febabad07c: ;   {other}
  0x000001febabad07c: 0f1f 8400 | 6c7d 00ac | ba45 ffff | ff4c 8b54 | 2448 4c89 | 5424 204c | 8b54 2450 | 4c89 5424 
  0x000001febabad09c: 484c 8b54 | 2478 4c89 | 5424 584c | 8b54 2468 | 4c89 5424 | 604c 8b54 | 2470 4c89 | 5424 684c 
  0x000001febabad0bc: 894c 2478 | 4c89 8c24 | 8800 0000 

  0x000001febabad0c8: ;   {runtime_call UncommonTrapBlob}
  0x000001febabad0c8: c5f8 77e8 

  0x000001febabad0cc: ; ImmutableOopMap {[32]=Oop [72]=Oop [88]=Oop [120]=Oop [128]=Oop [136]=Oop [152]=Oop [184]=Oop }
                      ;*iflt {reexecute=1 rethrow=0 return_oop=0}
                      ; - (reexecute) java.lang.StringConcatHelper::checkOverflow@2
                      ; - java.lang.StringConcatHelper::mix@23
                      ; - java.lang.StringConcatHelper::simpleConcat@54
                      ; - java.lang.String::concat@11
                      ; - java.net.URLClassLoader$1::run@13
                      ; - java.net.URLClassLoader$1::run@1
                      ; - java.security.AccessController::executePrivileged@29
                      ; - java.security.AccessController::doPrivileged@13
                      ; - java.net.URLClassLoader::findClass@13
                      ; - java.lang.ClassLoader::loadClass@69
                      ; - java.lang.ClassLoader::loadClass@38
  0x000001febabad0cc: b072 96ff 

  0x000001febabad0d0: ;   {other}
  0x000001febabad0d0: 0f1f 8400 | c07d 00ad | ba45 ffff | ff48 8b6c | 2448 4c8b | 9424 b000 | 0000 4c89 | 5424 2044 
  0x000001febabad0f0: 8b54 2430 | 4489 5424 | 284c 8b54 | 2440 4c89 | 5424 384c | 8b54 2450 | 4c89 5424 | 404c 8b54 
  0x000001febabad110: 2478 4c89 | 5424 504c | 8b54 2468 | 4c89 5424 | 584c 8b54 | 2470 4c89 | 5424 604c | 8b94 2480 
  0x000001febabad130: 0000 004c | 8954 2478 | 4c89 8c24 | a000 0000 | 4489 5c24 | 2c66 6690 

  0x000001febabad148: ;   {runtime_call UncommonTrapBlob}
  0x000001febabad148: c5f8 77e8 

  0x000001febabad14c: ; ImmutableOopMap {rbp=Oop [32]=Oop [64]=Oop [80]=Oop [120]=Oop [152]=Oop [160]=Oop [184]=Oop [192]=Oop }
                      ;*if_icmpne {reexecute=1 rethrow=0 return_oop=0}
                      ; - (reexecute) java.lang.String::getBytes@5
                      ; - java.lang.StringConcatHelper::prepend@21
                      ; - java.lang.StringConcatHelper::simpleConcat@81
                      ; - java.lang.String::concat@11
                      ; - java.net.URLClassLoader$1::run@13
                      ; - java.net.URLClassLoader$1::run@1
                      ; - java.security.AccessController::executePrivileged@29
                      ; - java.security.AccessController::doPrivileged@13
                      ; - java.net.URLClassLoader::findClass@13
                      ; - java.lang.ClassLoader::loadClass@69
                      ; - java.lang.ClassLoader::loadClass@38
  0x000001febabad14c: 3072 96ff 

  0x000001febabad150: ;   {other}
  0x000001febabad150: 0f1f 8400 | 407e 00ae | ba45 ffff | ff48 8b6c | 2448 448b | 5424 3044 | 8954 2428 | 4c8b 5424 
  0x000001febabad170: 404c 8954 | 2438 4c8b | 5424 504c | 8954 2440 | 4c8b 5424 | 784c 8954 | 2450 4c8b | 5424 684c 
  0x000001febabad190: 8954 2458 | 4c8b 5424 | 704c 8954 | 2460 4c89 | 4c24 704c | 8b94 2480 | 0000 004c | 8954 2478 
  0x000001febabad1b0: 4c89 8c24 | 8000 0000 

  0x000001febabad1b8: ;   {runtime_call UncommonTrapBlob}
  0x000001febabad1b8: c5f8 77e8 

  0x000001febabad1bc: ; ImmutableOopMap {rbp=Oop [64]=Oop [80]=Oop [112]=Oop [120]=Oop [128]=Oop [152]=Oop [184]=Oop }
                      ;*if_icmpne {reexecute=1 rethrow=0 return_oop=0}
                      ; - (reexecute) java.lang.StringConcatHelper::mix@13
                      ; - java.lang.StringConcatHelper::simpleConcat@46
                      ; - java.lang.String::concat@11
                      ; - java.net.URLClassLoader$1::run@13
                      ; - java.net.URLClassLoader$1::run@1
                      ; - java.security.AccessController::executePrivileged@29
                      ; - java.security.AccessController::doPrivileged@13
                      ; - java.net.URLClassLoader::findClass@13
                      ; - java.lang.ClassLoader::loadClass@69
                      ; - java.lang.ClassLoader::loadClass@38
  0x000001febabad1bc: c071 96ff 

  0x000001febabad1c0: ;   {other}
  0x000001febabad1c0: 0f1f 8400 | b07e 00af | ba45 ffff | ff48 8b6c | 2448 448b | 5424 3044 | 8954 2428 | 4c8b 5424 
  0x000001febabad1e0: 404c 8954 | 2438 4c8b | 5424 504c | 8954 2440 | 4c8b 5424 | 784c 8954 | 2450 4c8b | 5424 684c 
  0x000001febabad200: 8954 2458 | 4c8b 5424 | 704c 8954 | 2460 4c89 | 4c24 704c | 8b94 2480 | 0000 004c | 8954 2478 
  0x000001febabad220: 4c89 8c24 | 8000 0000 | 4889 8c24 | 9000 0000 | 4c89 9c24 | 9800 0000 

  0x000001febabad238: ;   {runtime_call UncommonTrapBlob}
  0x000001febabad238: c5f8 77e8 

  0x000001febabad23c: ; ImmutableOopMap {rbp=Oop [64]=Oop [80]=Oop [112]=Oop [120]=Oop [128]=Oop [144]=Oop [184]=Oop }
                      ;*ifge {reexecute=1 rethrow=0 return_oop=0}
                      ; - (reexecute) java.lang.StringConcatHelper::newArray@13
                      ; - java.lang.StringConcatHelper::simpleConcat@61
                      ; - java.lang.String::concat@11
                      ; - java.net.URLClassLoader$1::run@13
                      ; - java.net.URLClassLoader$1::run@1
                      ; - java.security.AccessController::executePrivileged@29
                      ; - java.security.AccessController::doPrivileged@13
                      ; - java.net.URLClassLoader::findClass@13
                      ; - java.lang.ClassLoader::loadClass@69
                      ; - java.lang.ClassLoader::loadClass@38
  0x000001febabad23c: 4071 96ff 

  0x000001febabad240: ;   {other}
  0x000001febabad240: 0f1f 8400 | 307f 00b0 | bade ffff | ff4c 8b54 | 2448 4c89 | 5424 204c | 8b94 24b0 | 0000 004c 
  0x000001febabad260: 8954 2428 | 4c8b 5424 | 504c 8954 | 2448 48ff | 7424 7848 | 8f44 2458 

  0x000001febabad278: ;   {runtime_call UncommonTrapBlob}
  0x000001febabad278: c5f8 77e8 

  0x000001febabad27c: ; ImmutableOopMap {rbp=NarrowOop [32]=Oop [40]=Oop [72]=Oop [88]=Oop [104]=Oop }
                      ;*invokevirtual loadClassOrNull {reexecute=0 rethrow=0 return_oop=0}
                      ; - jdk.internal.loader.BuiltinClassLoader::loadClassOrNull@3
                      ; - jdk.internal.loader.BuiltinClassLoader::loadClassOrNull@86
                      ; - jdk.internal.loader.BuiltinClassLoader::loadClass@3
                      ; - java.lang.ClassLoader::loadClass@38
  0x000001febabad27c: 0071 96ff 

  0x000001febabad280: ;   {other}
  0x000001febabad280: 0f1f 8400 | 707f 00b1 | ba45 ffff | ff48 8b6c | 2448 448b | 5424 3044 | 8954 2428 | 4c8b 5424 
  0x000001febabad2a0: 404c 8954 | 2438 4c8b | 5424 504c | 8954 2440 | 4c89 4424 | 484c 8944 | 2458 6690 

  0x000001febabad2bc: ;   {runtime_call UncommonTrapBlob}
  0x000001febabad2bc: c5f8 77e8 

  0x000001febabad2c0: ; ImmutableOopMap {rbp=Oop [64]=Oop [72]=Oop [88]=Oop [104]=Oop [120]=Oop }
                      ;*ifeq {reexecute=1 rethrow=0 return_oop=0}
                      ; - (reexecute) java.lang.ClassLoader::checkName@8
                      ; - java.lang.ClassLoader::findBootstrapClassOrNull@1
                      ; - java.lang.System$2::findBootstrapClassOrNull@1
                      ; - jdk.internal.loader.ClassLoaders$BootClassLoader::loadClassOrNull@4
                      ; - jdk.internal.loader.BuiltinClassLoader::loadClassOrNull@3
                      ; - jdk.internal.loader.BuiltinClassLoader::loadClassOrNull@86
                      ; - jdk.internal.loader.BuiltinClassLoader::loadClass@3
                      ; - java.lang.ClassLoader::loadClass@38
  0x000001febabad2c0: bc70 96ff 

  0x000001febabad2c4: ;   {other}
  0x000001febabad2c4: 0f1f 8400 | b47f 00b2 | bace ffff | ff4c 8b5c | 2448 4c89 | 5c24 204c | 8b5c 2450 | 4c89 5c24 
  0x000001febabad2e4: 484c 8944 | 2450 48ff | 7424 7848 | 8f44 2458 | 4c89 4424 | 6044 8954 | 2434 6690 

  0x000001febabad300: ;   {runtime_call UncommonTrapBlob}
  0x000001febabad300: c5f8 77e8 

  0x000001febabad304: ; ImmutableOopMap {rbp=NarrowOop [32]=Oop [72]=Oop [80]=Oop [88]=Oop [96]=Oop [104]=Oop }
                      ;*invokestatic indexOfChar {reexecute=0 rethrow=0 return_oop=0}
                      ; - java.lang.StringLatin1::indexOf@33
                      ; - java.lang.String::indexOf@17
                      ; - java.lang.String::indexOf@3
                      ; - java.lang.ClassLoader::checkName@16
                      ; - java.lang.ClassLoader::findBootstrapClassOrNull@1
                      ; - java.lang.System$2::findBootstrapClassOrNull@1
                      ; - jdk.internal.loader.ClassLoaders$BootClassLoader::loadClassOrNull@4
                      ; - jdk.internal.loader.BuiltinClassLoader::loadClassOrNull@3
                      ; - jdk.internal.loader.BuiltinClassLoader::loadClassOrNull@86
                      ; - jdk.internal.loader.BuiltinClassLoader::loadClass@3
                      ; - java.lang.ClassLoader::loadClass@38
  0x000001febabad304: 7870 96ff 

  0x000001febabad308: ;   {other}
  0x000001febabad308: 0f1f 8400 | f87f 00b3 | 458b c3e9 | 0ab6 ffff | bade ffff | ff4c 8b54 | 2448 4c89 | 5424 204c 
  0x000001febabad328: 8b94 24b0 | 0000 004c | 8954 2428 | 4c8b 5424 | 504c 8954 | 2448 4c8b | 5424 784c | 8954 2470 
  0x000001febabad348: 4c8b 9424 | a800 0000 | 4c89 9424 | 9800 0000 

  0x000001febabad358: ;   {runtime_call UncommonTrapBlob}
  0x000001febabad358: c5f8 77e8 

  0x000001febabad35c: ; ImmutableOopMap {rbp=NarrowOop [32]=Oop [40]=Oop [72]=Oop [112]=Oop [152]=Oop [160]=Oop [168]=Oop [184]=Oop }
                      ;*invokevirtual loadClassOrNull {reexecute=0 rethrow=0 return_oop=0}
                      ; - jdk.internal.loader.BuiltinClassLoader::loadClassOrNull@3
                      ; - jdk.internal.loader.BuiltinClassLoader::loadClassOrNull@66
                      ; - jdk.internal.loader.BuiltinClassLoader::loadClass@3
                      ; - java.lang.ClassLoader::loadClass@38
                      ; - java.lang.ClassLoader::loadClass@38
  0x000001febabad35c: 2070 96ff 

  0x000001febabad360: ;   {other}
  0x000001febabad360: 0f1f 8400 | 5080 00b4 | ba45 ffff | ff48 8b6c | 2448 448b | 5c24 3044 | 895c 2428 | 4c8b 5424 
  0x000001febabad380: 404c 8954 | 2438 4c8b | 5424 504c | 8954 2440 | 4c89 4c24 | 504c 8b54 | 2478 4c89 | 5424 584c 
  0x000001febabad3a0: 8b54 2468 | 4c89 5424 | 604c 894c | 2470 4c8b | 9424 a800 | 0000 4c89 | 9424 9000 | 0000 6690 
  0x000001febabad3c0: ;   {runtime_call UncommonTrapBlob}
  0x000001febabad3c0: c5f8 77e8 

  0x000001febabad3c4: ; ImmutableOopMap {rbp=Oop [64]=Oop [80]=Oop [88]=Oop [112]=Oop [144]=Oop [160]=Oop [168]=Oop [184]=Oop }
                      ;*ifeq {reexecute=1 rethrow=0 return_oop=0}
                      ; - (reexecute) java.lang.ClassLoader::checkName@8
                      ; - java.lang.ClassLoader::findBootstrapClassOrNull@1
                      ; - java.lang.System$2::findBootstrapClassOrNull@1
                      ; - jdk.internal.loader.ClassLoaders$BootClassLoader::loadClassOrNull@4
                      ; - jdk.internal.loader.BuiltinClassLoader::loadClassOrNull@3
                      ; - jdk.internal.loader.BuiltinClassLoader::loadClassOrNull@66
                      ; - jdk.internal.loader.BuiltinClassLoader::loadClass@3
                      ; - java.lang.ClassLoader::loadClass@38
                      ; - java.lang.ClassLoader::loadClass@38
  0x000001febabad3c4: b86f 96ff 

  0x000001febabad3c8: ;   {other}
  0x000001febabad3c8: 0f1f 8400 | b880 00b5 | 33ed eb02 | 8be8 ba45 | ffff ff4c | 8b44 2448 | 4c89 4424 | 204c 8b84 
  0x000001febabad3e8: 24b0 0000 | 004c 8944 | 2428 4c8b | 4424 504c | 8944 2448 | 4c8b 4424 | 784c 8944 | 2458 4c89 
  0x000001febabad408: 4c24 7844 | 895c 2434 | 4489 9424 | 8000 0000 

  0x000001febabad418: ;   {runtime_call UncommonTrapBlob}
  0x000001febabad418: c5f8 77e8 

  0x000001febabad41c: ; ImmutableOopMap {[32]=Oop [40]=Oop [52]=NarrowOop [72]=Oop [88]=Oop [104]=Oop [120]=Oop }
                      ;*ifeq {reexecute=1 rethrow=0 return_oop=0}
                      ; - (reexecute) java.util.concurrent.ConcurrentHashMap::get@76
                      ; - jdk.internal.loader.BuiltinClassLoader::findLoadedModule@24
                      ; - jdk.internal.loader.BuiltinClassLoader::loadClassOrNull@22
                      ; - jdk.internal.loader.BuiltinClassLoader::loadClass@3
                      ; - java.lang.ClassLoader::loadClass@38
  0x000001febabad41c: 606f 96ff 

  0x000001febabad420: ;   {other}
  0x000001febabad420: 0f1f 8400 | 1081 00b6 | bace ffff | ff4c 8b5c | 2448 4c89 | 5c24 204c | 8b5c 2450 | 4c89 5c24 
  0x000001febabad440: 484c 894c | 2458 4c8b | 5c24 784c | 895c 2470 | 4c89 4c24 | 7848 ffb4 | 24a0 0000 | 0048 8f84 
  0x000001febabad460: 2490 0000 | 004c 8b9c | 24a8 0000 | 004c 899c | 24a0 0000 | 0044 8954 | 2434 6690 

  0x000001febabad47c: ;   {runtime_call UncommonTrapBlob}
  0x000001febabad47c: c5f8 77e8 

  0x000001febabad480: ; ImmutableOopMap {rbp=NarrowOop [32]=Oop [72]=Oop [88]=Oop [112]=Oop [120]=Oop [144]=Oop [160]=Oop [168]=Oop [184]=Oop }
                      ;*invokestatic indexOfChar {reexecute=0 rethrow=0 return_oop=0}
                      ; - java.lang.StringLatin1::indexOf@33
                      ; - java.lang.String::indexOf@17
                      ; - java.lang.String::indexOf@3
                      ; - java.lang.ClassLoader::checkName@16
                      ; - java.lang.ClassLoader::findBootstrapClassOrNull@1
                      ; - java.lang.System$2::findBootstrapClassOrNull@1
                      ; - jdk.internal.loader.ClassLoaders$BootClassLoader::loadClassOrNull@4
                      ; - jdk.internal.loader.BuiltinClassLoader::loadClassOrNull@3
                      ; - jdk.internal.loader.BuiltinClassLoader::loadClassOrNull@66
                      ; - jdk.internal.loader.BuiltinClassLoader::loadClass@3
                      ; - java.lang.ClassLoader::loadClass@38
                      ; - java.lang.ClassLoader::loadClass@38
  0x000001febabad480: fc6e 96ff 

  0x000001febabad484: ;   {other}
  0x000001febabad484: 0f1f 8400 | 7481 00b7 | 33ed 4585 | d240 0f94 | c5ba 45ff | ffff 4c8b | 5424 484c | 8954 2420 
  0x000001febabad4a4: 4c8b 5424 | 504c 8954 | 2448 4889 | 7424 5048 | ff74 2478 | 488f 4424 | 5848 8974 | 2470 6690 
  0x000001febabad4c4: ;   {runtime_call UncommonTrapBlob}
  0x000001febabad4c4: c5f8 77e8 

  0x000001febabad4c8: ; ImmutableOopMap {[32]=Oop [72]=Oop [80]=Oop [88]=Oop [104]=Oop [112]=Oop }
                      ;*ifeq {reexecute=1 rethrow=0 return_oop=0}
                      ; - (reexecute) java.lang.String::indexOf@4
                      ; - java.lang.String::indexOf@3
                      ; - java.lang.ClassLoader::checkName@16
                      ; - java.lang.ClassLoader::findBootstrapClassOrNull@1
                      ; - java.lang.System$2::findBootstrapClassOrNull@1
                      ; - jdk.internal.loader.ClassLoaders$BootClassLoader::loadClassOrNull@4
                      ; - jdk.internal.loader.BuiltinClassLoader::loadClassOrNull@3
                      ; - jdk.internal.loader.BuiltinClassLoader::loadClassOrNull@66
                      ; - jdk.internal.loader.BuiltinClassLoader::loadClass@3
                      ; - java.lang.ClassLoader::loadClass@38
  0x000001febabad4c8: b46e 96ff 

  0x000001febabad4cc: ;   {other}
  0x000001febabad4cc: 0f1f 8400 | bc81 00b8 | ba45 ffff | ff48 8b6c | 2448 448b | 5c24 3044 | 895c 2428 | 4c8b 5424 
  0x000001febabad4ec: 404c 8954 | 2438 4c8b | 5424 504c | 8954 2440 | 4889 7424 | 484c 8b54 | 2468 4c89 | 5424 6048 
  0x000001febabad50c: 8974 2468 | 895c 242c 

  0x000001febabad514: ;   {runtime_call UncommonTrapBlob}
  0x000001febabad514: c5f8 77e8 

  0x000001febabad518: ; ImmutableOopMap {rbp=Oop [64]=Oop [72]=Oop [96]=Oop [104]=Oop [120]=Oop }
                      ;*if_icmpne {reexecute=1 rethrow=0 return_oop=0}
                      ; - (reexecute) java.lang.ClassLoader::checkName@20
                      ; - java.lang.ClassLoader::findBootstrapClassOrNull@1
                      ; - java.lang.System$2::findBootstrapClassOrNull@1
                      ; - jdk.internal.loader.ClassLoaders$BootClassLoader::loadClassOrNull@4
                      ; - jdk.internal.loader.BuiltinClassLoader::loadClassOrNull@3
                      ; - jdk.internal.loader.BuiltinClassLoader::loadClassOrNull@66
                      ; - jdk.internal.loader.BuiltinClassLoader::loadClass@3
                      ; - java.lang.ClassLoader::loadClass@38
  0x000001febabad518: 646e 96ff 

  0x000001febabad51c: ;   {other}
  0x000001febabad51c: 0f1f 8400 | 0c82 00b9 | 4c89 4c24 | 384c 899c | 2488 0000 | 0044 8944 | 242c 458b | c24c 6354 
  0x000001febabad53c: 2424 4d8b | dae9 5c97 | ffff 4983 | c2fe 498b | ca48 8bfa | 4833 c048 | 83f9 087f | 1048 ffc9 
  0x000001febabad55c: 784f 4889 | 04cf 48ff | c97d f7eb | 44c5 fdef | c0e9 0d00 | 0000 c5fe | 7f07 c5fe | 7f47 2048 
  0x000001febabad57c: 83c7 4048 | 83e9 087d | ed48 83c1 | 047c 0cc5 | fe7f 0748 | 83c7 2048 | 83e9 0448 | 83c1 047e 
  0x000001febabad59c: 1048 ffc9 | c5f9 d607 | 4883 c708 | 48ff c97d | f3e9 e797 | ffff bacc | ffff ff48 | 8b6c 2448 
  0x000001febabad5bc: 4c8b 9424 | b000 0000 | 4c89 5424 | 2044 8b54 | 2430 4489 | 5424 284c | 8b54 2440 | 4c89 5424 
  0x000001febabad5dc: 384c 8b54 | 2450 4c89 | 5424 404c | 8b54 2478 | 4c89 5424 | 584c 8b54 | 2468 4c89 | 5424 604c 
  0x000001febabad5fc: 8b94 24a0 | 0000 004c | 8994 2490 | 0000 004c | 8b94 24a8 | 0000 004c | 8994 24a0 

  0x000001febabad618: ;   {no_reloc}
  0x000001febabad618: 0000 0044 | 8984 2484 | 0000 0090 

  0x000001febabad624: ;   {runtime_call UncommonTrapBlob}
  0x000001febabad624: c5f8 77e8 

  0x000001febabad628: ; ImmutableOopMap {rbp=Oop [32]=Oop [64]=Oop [88]=Oop [132]=NarrowOop [136]=Oop [144]=Oop [160]=Oop [184]=Oop }
                      ;*newarray {reexecute=1 rethrow=0 return_oop=0}
                      ; - (reexecute) java.util.Arrays::copyOfRangeByte@10
                      ; - java.util.Arrays::copyOfRange@13
                      ; - java.lang.StringLatin1::newString@16
                      ; - java.lang.String::substring@41
                      ; - jdk.internal.loader.BuiltinClassLoader::findLoadedModule@16
                      ; - jdk.internal.loader.BuiltinClassLoader::loadClassOrNull@22
                      ; - jdk.internal.loader.BuiltinClassLoader::loadClass@3
                      ; - java.lang.ClassLoader::loadClass@38
                      ; - java.lang.ClassLoader::loadClass@38
  0x000001febabad628: 546d 96ff 

  0x000001febabad62c: ;   {other}
  0x000001febabad62c: 0f1f 8400 | 1c83 00ba | ba45 ffff | ff4c 8b54 | 2448 4c89 | 5424 204c | 8b54 2450 | 4c89 5424 
  0x000001febabad64c: 4848 8974 | 2450 4889 | 7424 7090 

  0x000001febabad658: ;   {runtime_call UncommonTrapBlob}
  0x000001febabad658: c5f8 77e8 

  0x000001febabad65c: ; ImmutableOopMap {[32]=Oop [72]=Oop [80]=Oop [104]=Oop [112]=Oop [120]=Oop }
                      ;*if_icmpne {reexecute=1 rethrow=0 return_oop=0}
                      ; - (reexecute) java.lang.ClassLoader::checkName@30
                      ; - java.lang.ClassLoader::findBootstrapClassOrNull@1
                      ; - java.lang.System$2::findBootstrapClassOrNull@1
                      ; - jdk.internal.loader.ClassLoaders$BootClassLoader::loadClassOrNull@4
                      ; - jdk.internal.loader.BuiltinClassLoader::loadClassOrNull@3
                      ; - jdk.internal.loader.BuiltinClassLoader::loadClassOrNull@66
                      ; - jdk.internal.loader.BuiltinClassLoader::loadClass@3
                      ; - java.lang.ClassLoader::loadClass@38
  0x000001febabad65c: 206d 96ff 

  0x000001febabad660: ;   {other}
  0x000001febabad660: 0f1f 8400 | 5083 00bb | 33ed 4585 | d240 0f94 | c5ba 45ff | ffff 4c8b | 5424 484c | 8954 2420 
  0x000001febabad680: 4c8b 5424 | 504c 8954 | 2448 4c8b | 9424 b800 | 0000 4c89 | 5424 504c | 894c 2458 | 4c8b 5424 
  0x000001febabad6a0: 784c 8954 | 2470 4c89 | 4c24 784c | 8984 24b0 | 0000 0090 

  0x000001febabad6b4: ;   {runtime_call UncommonTrapBlob}
  0x000001febabad6b4: c5f8 77e8 

  0x000001febabad6b8: ; ImmutableOopMap {[32]=Oop [72]=Oop [80]=Oop [88]=Oop [112]=Oop [120]=Oop [160]=Oop [176]=Oop }
                      ;*ifeq {reexecute=1 rethrow=0 return_oop=0}
                      ; - (reexecute) java.lang.String::indexOf@4
                      ; - java.lang.String::indexOf@3
                      ; - java.lang.ClassLoader::checkName@16
                      ; - java.lang.ClassLoader::findLoadedClass@1
                      ; - jdk.internal.loader.BuiltinClassLoader::loadClassOrNull@10
                      ; - jdk.internal.loader.BuiltinClassLoader::loadClass@3
                      ; - java.lang.ClassLoader::loadClass@38
                      ; - java.lang.ClassLoader::loadClass@38
  0x000001febabad6b8: c46c 96ff 

  0x000001febabad6bc: ;   {other}
  0x000001febabad6bc: 0f1f 8400 | ac83 00bc | 4c63 9424 | a800 0000 | 4d8b dae9 | 31a1 ffff | 4983 c2fe | 498b ca48 
  0x000001febabad6dc: 8bfa 4833 | c048 83f9 | 087f 1048 | ffc9 784f | 4889 04cf | 48ff c97d | f7eb 44c5 | fdef c0e9 
  0x000001febabad6fc: 0d00 0000 | c5fe 7f07 | c5fe 7f47 | 2048 83c7 | 4048 83e9 | 087d ed48 | 83c1 047c | 0cc5 fe7f 
  0x000001febabad71c: 0748 83c7 | 2048 83e9 | 0448 83c1 | 047e 1048 | ffc9 c5f9 | d607 4883 | c708 48ff | c97d f3e9 
  0x000001febabad73c: bda1 ffff | 33ed 4585 | db40 0f94 | c5ba 45ff | ffff 4c8b | 5c24 484c | 895c 2420 | 4c8b 5c24 
  0x000001febabad75c: 584c 895c | 2428 4c8b | 5c24 504c | 895c 2448 | 4c8b 5c24 | 784c 895c | 2470 4c8b | 9c24 a000 
  0x000001febabad77c: 0000 4c89 | 9c24 9800 | 0000 4489 | 5424 3490 

  0x000001febabad78c: ;   {runtime_call UncommonTrapBlob}
  0x000001febabad78c: c5f8 77e8 

  0x000001febabad790: ; ImmutableOopMap {[32]=Oop [40]=Oop [72]=Oop [112]=Oop [152]=Oop [168]=Oop [184]=Oop }
                      ;*ifeq {reexecute=1 rethrow=0 return_oop=0}
                      ; - (reexecute) java.lang.String::lastIndexOf@4
                      ; - java.lang.String::lastIndexOf@8
                      ; - jdk.internal.loader.BuiltinClassLoader::findLoadedModule@3
                      ; - jdk.internal.loader.BuiltinClassLoader::loadClassOrNull@22
                      ; - jdk.internal.loader.BuiltinClassLoader::loadClass@3
                      ; - java.lang.ClassLoader::loadClass@38
                      ; - java.lang.ClassLoader::loadClass@38
  0x000001febabad790: ec6b 96ff 

  0x000001febabad794: ;   {other}
  0x000001febabad794: 0f1f 8400 | 8484 00bd | ba45 ffff | ff48 8b6c | 2448 448b | 5c24 3044 | 895c 2428 | 4c8b 5424 
  0x000001febabad7b4: 404c 8954 | 2438 4c8b | 5424 504c | 8954 2440 | 4c89 4c24 | 504c 8b54 | 2478 4c89 | 5424 584c 
  0x000001febabad7d4: 8b54 2468 | 4c89 5424 | 604c 894c | 2470 4c89 | 8424 9800 | 0000 895c | 242c 6690 

  0x000001febabad7f0: ;   {runtime_call UncommonTrapBlob}
  0x000001febabad7f0: c5f8 77e8 

  0x000001febabad7f4: ; ImmutableOopMap {rbp=Oop [64]=Oop [80]=Oop [88]=Oop [112]=Oop [152]=Oop [160]=Oop [184]=Oop }
                      ;*if_icmpne {reexecute=1 rethrow=0 return_oop=0}
                      ; - (reexecute) java.lang.ClassLoader::checkName@20
                      ; - java.lang.ClassLoader::findLoadedClass@1
                      ; - jdk.internal.loader.BuiltinClassLoader::loadClassOrNull@10
                      ; - jdk.internal.loader.BuiltinClassLoader::loadClass@3
                      ; - java.lang.ClassLoader::loadClass@38
                      ; - java.lang.ClassLoader::loadClass@38
  0x000001febabad7f4: 886b 96ff 

  0x000001febabad7f8: ;   {other}
  0x000001febabad7f8: 0f1f 8400 | e884 00be | bacc ffff | ff48 8b6c | 2448 448b | 5c24 3044 | 895c 2428 | 4c8b 5424 
  0x000001febabad818: 404c 8954 | 2438 4c8b | 5424 504c | 8954 2440 | 4c8b 5424 | 784c 8954 | 2450 4c8b | 5424 684c 
  0x000001febabad838: 8954 2458 | 4c8b 5424 | 704c 8954 | 2460 4c8b | 9424 b000 | 0000 4c89 | 5424 704c | 8b94 2480 
  0x000001febabad858: 0000 004c | 8954 2478 | 4c8b 9424 | e000 0000 | 4c89 9424 | 8000 0000 | 4c8b 9424 | b800 0000 
  0x000001febabad878: 4c89 9424 | 8800 0000 | 4c8b 9424 | b000 0000 | 4c89 9424 | 9000 0000 | 4489 8424 | a000 0000 
  0x000001febabad898: 4c8b 9424 | b800 0000 | 4c89 9424 | b000 0000 | 4c8b 9424 | c000 0000 | 4c89 9424 | b800 0000 
  0x000001febabad8b8: 4c8b 9424 | e800 0000 | 4c89 9424 | c800 0000 

  0x000001febabad8c8: ;   {runtime_call UncommonTrapBlob}
  0x000001febabad8c8: c5f8 77e8 

  0x000001febabad8cc: ; ImmutableOopMap {rbp=Oop [64]=Oop [80]=Oop [112]=Oop [120]=Oop [128]=Oop [136]=Oop [144]=Oop [176]=Oop [200]=Oop [208]=NarrowOop [212]=NarrowOop [232]=Oop }
                      ;*newarray {reexecute=1 rethrow=0 return_oop=0}
                      ; - (reexecute) java.util.Arrays::copyOfRangeByte@10
                      ; - java.util.Arrays::copyOfRange@13
                      ; - java.lang.StringLatin1::newString@16
                      ; - java.lang.String::substring@41
                      ; - java.net.URLClassLoader::defineClass@28
                      ; - java.net.URLClassLoader$1::run@43
                      ; - java.net.URLClassLoader$1::run@1
                      ; - java.security.AccessController::executePrivileged@29
                      ; - java.security.AccessController::doPrivileged@13
                      ; - java.net.URLClassLoader::findClass@13
                      ; - java.lang.ClassLoader::loadClass@69
                      ; - java.lang.ClassLoader::loadClass@38
  0x000001febabad8cc: b06a 96ff 

  0x000001febabad8d0: ;   {other}
  0x000001febabad8d0: 0f1f 8400 | c085 00bf | ba45 ffff | ff4c 8b54 | 2448 4c89 | 5424 204c | 8b94 24b0 | 0000 004c 
  0x000001febabad8f0: 8954 2428 | 4c8b 5424 | 504c 8954 | 2448 4c8b | 5424 784c | 8954 2470 | 4c89 9c24 | 9000 0000 
  0x000001febabad910: ;   {runtime_call UncommonTrapBlob}
  0x000001febabad910: c5f8 77e8 

  0x000001febabad914: ; ImmutableOopMap {rbp=NarrowOop [32]=Oop [40]=Oop [72]=Oop [112]=Oop [144]=Oop [184]=Oop }
                      ;*ifnull {reexecute=1 rethrow=0 return_oop=0}
                      ; - (reexecute) java.lang.ClassLoader::getClassLoadingLock@6
                      ; - jdk.internal.loader.BuiltinClassLoader::loadClassOrNull@2
                      ; - jdk.internal.loader.BuiltinClassLoader::loadClass@3
                      ; - java.lang.ClassLoader::loadClass@38
                      ; - java.lang.ClassLoader::loadClass@38
  0x000001febabad914: 686a 96ff 

  0x000001febabad918: ;   {other}
  0x000001febabad918: 0f1f 8400 | 0886 00c0 | ba45 ffff | ff4c 8b54 | 2448 4c89 | 5424 204c | 8b54 2450 | 4c89 5424 
  0x000001febabad938: 484c 894c | 2458 4c8b | 5424 784c | 8954 2470 | 4c89 4c24 | 784c 8984 | 24a8 0000 | 0066 6690 
  0x000001febabad958: ;   {runtime_call UncommonTrapBlob}
  0x000001febabad958: c5f8 77e8 

  0x000001febabad95c: ; ImmutableOopMap {[32]=Oop [72]=Oop [88]=Oop [112]=Oop [120]=Oop [160]=Oop [168]=Oop [184]=Oop }
                      ;*if_icmpne {reexecute=1 rethrow=0 return_oop=0}
                      ; - (reexecute) java.lang.ClassLoader::checkName@30
                      ; - java.lang.ClassLoader::findLoadedClass@1
                      ; - jdk.internal.loader.BuiltinClassLoader::loadClassOrNull@10
                      ; - jdk.internal.loader.BuiltinClassLoader::loadClass@3
                      ; - java.lang.ClassLoader::loadClass@38
                      ; - java.lang.ClassLoader::loadClass@38
  0x000001febabad95c: 206a 96ff 

  0x000001febabad960: ;   {other}
  0x000001febabad960: 0f1f 8400 | 5086 00c1 | ba45 ffff | ff48 8b6c | 2448 4c8b | 9424 b000 | 0000 4c89 | 5424 2044 
  0x000001febabad980: 8b54 2430 | 4489 5424 | 284c 8b54 | 2440 4c89 | 5424 384c | 8b54 2450 | 4c89 5424 | 404c 8b54 
  0x000001febabad9a0: 2478 4c89 | 5424 584c | 8b54 2468 | 4c89 5424 | 604c 8b94 | 24a8 0000 | 004c 8994 | 2490 0000 
  0x000001febabad9c0: 0044 894c | 242c 6690 

  0x000001febabad9c8: ;   {runtime_call UncommonTrapBlob}
  0x000001febabad9c8: c5f8 77e8 

  0x000001febabad9cc: ; ImmutableOopMap {rbp=Oop [32]=Oop [64]=Oop [88]=Oop [144]=Oop [160]=Oop [168]=Oop [184]=Oop }
                      ;*ifle {reexecute=1 rethrow=0 return_oop=0}
                      ; - (reexecute) java.util.concurrent.ConcurrentHashMap::get@23
                      ; - jdk.internal.loader.BuiltinClassLoader::findLoadedModule@24
                      ; - jdk.internal.loader.BuiltinClassLoader::loadClassOrNull@22
                      ; - jdk.internal.loader.BuiltinClassLoader::loadClass@3
                      ; - java.lang.ClassLoader::loadClass@38
                      ; - java.lang.ClassLoader::loadClass@38
  0x000001febabad9cc: b069 96ff 

  0x000001febabad9d0: ;   {other}
  0x000001febabad9d0: 0f1f 8400 | c086 00c2 | ba45 ffff | ff48 8b6c | 2448 4c8b | 9424 b000 | 0000 4c89 | 5424 2044 
  0x000001febabad9f0: 8b5c 2430 | 4489 5c24 | 284c 8b54 | 2440 4c89 | 5424 384c | 8b54 2450 | 4c89 5424 | 404c 8b54 
  0x000001febabada10: 2478 4c89 | 5424 584c | 8b54 2468 | 4c89 5424 | 6044 8944 | 242c 4c8b | 9424 a800 | 0000 4c89 
  0x000001febabada30: 9424 9000 | 0000 6690 

  0x000001febabada38: ;   {runtime_call UncommonTrapBlob}
  0x000001febabada38: c5f8 77e8 

  0x000001febabada3c: ; ImmutableOopMap {rbp=Oop [32]=Oop [64]=Oop [88]=Oop [144]=Oop [160]=Oop [168]=Oop [184]=Oop }
                      ;*ifge {reexecute=1 rethrow=0 return_oop=0}
                      ; - (reexecute) jdk.internal.loader.BuiltinClassLoader::findLoadedModule@8
                      ; - jdk.internal.loader.BuiltinClassLoader::loadClassOrNull@22
                      ; - jdk.internal.loader.BuiltinClassLoader::loadClass@3
                      ; - java.lang.ClassLoader::loadClass@38
                      ; - java.lang.ClassLoader::loadClass@38
  0x000001febabada3c: 4069 96ff 

  0x000001febabada40: ;   {other}
  0x000001febabada40: 0f1f 8400 | 3087 00c3 | ba45 ffff | ff48 8b6c | 2448 4c8b | 9424 b000 | 0000 4c89 | 5424 2044 
  0x000001febabada60: 8b54 2430 | 4489 5424 | 284c 8b54 | 2440 4c89 | 5424 384c | 8b54 2450 | 4c89 5424 | 404c 8b54 
  0x000001febabada80: 2478 4c89 | 5424 584c | 8b54 2468 | 4c89 5424 | 6044 8984 | 2488 0000 | 0044 8984 | 248c 0000 
  0x000001febabadaa0: 004c 8b94 | 24a0 0000 | 004c 8994 | 2490 0000 | 004c 8b94 | 24a8 0000 | 004c 8994 | 24a0 0000 
  0x000001febabadac0: 0044 898c | 24ac 0000 | 0044 898c | 24b0 0000 | 0066 6690 

  0x000001febabadad4: ;   {runtime_call UncommonTrapBlob}
  0x000001febabadad4: c5f8 77e8 

  0x000001febabadad8: ; ImmutableOopMap {rbp=Oop [32]=Oop [64]=Oop [88]=Oop [144]=Oop [160]=Oop [184]=Oop }
                      ;*if_icmple {reexecute=1 rethrow=0 return_oop=0}
                      ; - (reexecute) jdk.internal.util.Preconditions::checkFromToIndex@11
                      ; - java.lang.String::checkBoundsBeginEnd@6
                      ; - java.lang.String::substring@8
                      ; - jdk.internal.loader.BuiltinClassLoader::findLoadedModule@16
                      ; - jdk.internal.loader.BuiltinClassLoader::loadClassOrNull@22
                      ; - jdk.internal.loader.BuiltinClassLoader::loadClass@3
                      ; - java.lang.ClassLoader::loadClass@38
                      ; - java.lang.ClassLoader::loadClass@38
  0x000001febabadad8: a468 96ff 

  0x000001febabadadc: ;   {other}
  0x000001febabadadc: 0f1f 8400 | cc87 00c4 | 33ed 4585 | db40 0f94 | c5ba 45ff | ffff 4c8b | 5424 484c | 8954 2420 
  0x000001febabadafc: 4c8b 5424 | 504c 8954 | 2448 4c8b | 5424 784c | 8954 2458 | 4c8b 5424 | 684c 8954 | 2460 4c8b 
  0x000001febabadb1c: 5424 704c | 8954 2468 | 4c8b 9424 | b000 0000 | 4c89 5424 | 784c 8b94 | 24e0 0000 | 004c 8994 
  0x000001febabadb3c: 2488 0000 | 004c 8b94 | 24b8 0000 | 004c 8994 | 2490 0000 | 004c 8b94 | 24b0 0000 | 004c 8994 
  0x000001febabadb5c: 2498 0000 | 0044 8984 | 24b4 0000 | 0066 6690 

  0x000001febabadb6c: ;   {runtime_call UncommonTrapBlob}
  0x000001febabadb6c: c5f8 77e8 

  0x000001febabadb70: ; ImmutableOopMap {[32]=Oop [72]=Oop [88]=Oop [120]=Oop [128]=Oop [136]=Oop [144]=Oop [152]=Oop [240]=NarrowOop [244]=NarrowOop }
                      ;*ifeq {reexecute=1 rethrow=0 return_oop=0}
                      ; - (reexecute) java.lang.String::lastIndexOf@4
                      ; - java.lang.String::lastIndexOf@8
                      ; - java.net.URLClassLoader::defineClass@7
                      ; - java.net.URLClassLoader$1::run@43
                      ; - java.net.URLClassLoader$1::run@1
                      ; - java.security.AccessController::executePrivileged@29
                      ; - java.security.AccessController::doPrivileged@13
                      ; - java.net.URLClassLoader::findClass@13
                      ; - java.lang.ClassLoader::loadClass@69
                      ; - java.lang.ClassLoader::loadClass@38
  0x000001febabadb70: 0c68 96ff 

  0x000001febabadb74: ;   {other}
  0x000001febabadb74: 0f1f 8400 | 6488 00c5 | ba45 ffff | ff48 8b6c | 2448 448b | 5c24 3044 | 895c 2428 | 4c8b 5424 
  0x000001febabadb94: 404c 8954 | 2438 4c8b | 5424 504c | 8954 2440 | 4c8b 5424 | 784c 8954 | 2450 4c8b | 5424 684c 
  0x000001febabadbb4: 8954 2458 | 4c8b 5424 | 704c 8954 | 2460 4c8b | 9424 b000 | 0000 4c89 | 5424 704c | 8b94 2480 
  0x000001febabadbd4: 0000 004c | 8954 2478 | 4c8b 9424 | e000 0000 | 4c89 9424 | 8000 0000 | 4c8b 9424 | b800 0000 
  0x000001febabadbf4: 4c89 9424 | 8800 0000 | 4c8b 9424 | b000 0000 | 4c89 9424 | 9000 0000 | 4c8b 9424 | c000 0000 
  0x000001febabadc14: 4c89 9424 | b800 0000 | 4489 8c24 | c800 0000 

  0x000001febabadc24: ;   {runtime_call UncommonTrapBlob}
  0x000001febabadc24: c5f8 77e8 

  0x000001febabadc28: ; ImmutableOopMap {rbp=Oop [64]=Oop [80]=Oop [112]=Oop [120]=Oop [128]=Oop [136]=Oop [144]=Oop [212]=NarrowOop [240]=NarrowOop [244]=NarrowOop }
                      ;*if_icmpgt {reexecute=1 rethrow=0 return_oop=0}
                      ; - (reexecute) jdk.internal.util.Preconditions::checkFromToIndex@6
                      ; - java.lang.String::checkBoundsBeginEnd@6
                      ; - java.lang.String::substring@8
                      ; - java.net.URLClassLoader::defineClass@28
                      ; - java.net.URLClassLoader$1::run@43
                      ; - java.net.URLClassLoader$1::run@1
                      ; - java.security.AccessController::executePrivileged@29
                      ; - java.security.AccessController::doPrivileged@13
                      ; - java.net.URLClassLoader::findClass@13
                      ; - java.lang.ClassLoader::loadClass@69
                      ; - java.lang.ClassLoader::loadClass@38
  0x000001febabadc28: 5467 96ff 

  0x000001febabadc2c: ;   {other}
  0x000001febabadc2c: 0f1f 8400 | 1c89 00c6 | ba45 ffff | ff48 8b6c | 2448 448b | 5424 3044 | 8954 2428 | 4c8b 5424 
  0x000001febabadc4c: 404c 8954 | 2438 4c8b | 5424 504c | 8954 2440 | 4c8b 5424 | 784c 8954 | 2450 4c8b | 5424 684c 
  0x000001febabadc6c: 8954 2458 | 4c8b 5424 | 704c 8954 | 2460 4c8b | 9424 b000 | 0000 4c89 | 5424 704c | 8b94 2480 
  0x000001febabadc8c: 0000 004c | 8954 2478 | 4c8b 9424 | e000 0000 | 4c89 9424 | 8000 0000 | 4c8b 9424 | b000 0000 
  0x000001febabadcac: 4c89 9424 | 9000 0000 | 4489 5c24 | 2c66 6690 

  0x000001febabadcbc: ;   {runtime_call UncommonTrapBlob}
  0x000001febabadcbc: c5f8 77e8 

  0x000001febabadcc0: ; ImmutableOopMap {rbp=Oop [64]=Oop [80]=Oop [112]=Oop [120]=Oop [128]=Oop [144]=Oop [184]=Oop [212]=NarrowOop [240]=NarrowOop [244]=NarrowOop }
                      ;*if_icmpeq {reexecute=1 rethrow=0 return_oop=0}
                      ; - (reexecute) java.net.URLClassLoader::defineClass@21
                      ; - java.net.URLClassLoader$1::run@43
                      ; - java.net.URLClassLoader$1::run@1
                      ; - java.security.AccessController::executePrivileged@29
                      ; - java.security.AccessController::doPrivileged@13
                      ; - java.net.URLClassLoader::findClass@13
                      ; - java.lang.ClassLoader::loadClass@69
                      ; - java.lang.ClassLoader::loadClass@38
  0x000001febabadcc0: bc66 96ff 

  0x000001febabadcc4: ;   {other}
  0x000001febabadcc4: 0f1f 8400 | b489 00c7 | ba45 ffff | ff48 8b6c | 2448 448b | 5424 3044 | 8954 2428 | 4c8b 5424 
  0x000001febabadce4: 404c 8954 | 2438 4c8b | 5424 504c | 8954 2440 | 4c8b 5424 | 784c 8954 | 2450 4c8b | 5424 684c 
  0x000001febabadd04: 8954 2458 | 4c8b 5424 | 704c 8954 | 2460 4c8b | 9424 b000 | 0000 4c89 | 5424 704c | 8b94 2480 
  0x000001febabadd24: 0000 004c | 8954 2478 | 4c8b 9424 | e000 0000 | 4c89 9424 | 8000 0000 | 4c8b 9424 | b800 0000 
  0x000001febabadd44: 4c89 9424 | 8800 0000 | 4c8b 9424 | b000 0000 | 4c89 9424 | 9000 0000 | 4c8b 9424 | c000 0000 
  0x000001febabadd64: 4c89 9424 | b800 0000 | 4489 8c24 | c800 0000 | 4489 8c24 | cc00 0000 

  0x000001febabadd7c: ;   {runtime_call UncommonTrapBlob}
  0x000001febabadd7c: c5f8 77e8 

  0x000001febabadd80: ; ImmutableOopMap {rbp=Oop [64]=Oop [80]=Oop [112]=Oop [120]=Oop [128]=Oop [136]=Oop [144]=Oop [212]=NarrowOop [240]=NarrowOop [244]=NarrowOop }
                      ;*if_icmple {reexecute=1 rethrow=0 return_oop=0}
                      ; - (reexecute) jdk.internal.util.Preconditions::checkFromToIndex@11
                      ; - java.lang.String::checkBoundsBeginEnd@6
                      ; - java.lang.String::substring@8
                      ; - java.net.URLClassLoader::defineClass@28
                      ; - java.net.URLClassLoader$1::run@43
                      ; - java.net.URLClassLoader$1::run@1
                      ; - java.security.AccessController::executePrivileged@29
                      ; - java.security.AccessController::doPrivileged@13
                      ; - java.net.URLClassLoader::findClass@13
                      ; - java.lang.ClassLoader::loadClass@69
                      ; - java.lang.ClassLoader::loadClass@38
  0x000001febabadd80: fc65 96ff 

  0x000001febabadd84: ;   {other}
  0x000001febabadd84: 0f1f 8400 | 748a 00c8 | ba45 ffff | ff4c 8b54 | 2448 4c89 | 5424 204c | 8b54 2450 | 4c89 5424 
  0x000001febabadda4: 484c 8b54 | 2478 4c89 | 5424 584c | 8b54 2468 | 4c89 5424 | 604c 8b54 | 2470 4c89 | 5424 684c 
  0x000001febabaddc4: 8b94 24e0 | 0000 004c | 8994 2488 | 0000 0044 | 8b9c 24d4 | 0000 0044 | 895c 2434 

  0x000001febabadde0: ;   {runtime_call UncommonTrapBlob}
  0x000001febabadde0: c5f8 77e8 

  0x000001febabadde4: ; ImmutableOopMap {rbp=NarrowOop [32]=Oop [52]=NarrowOop [72]=Oop [88]=Oop [128]=Oop [136]=Oop [176]=Oop [184]=Oop [200]=NarrowOop [232]=Oop }
                      ;*ifnull {reexecute=1 rethrow=0 return_oop=0}
                      ; - (reexecute) java.util.jar.JarFile::maybeInstantiateVerifier@4
                      ; - java.util.jar.JarFile::ensureInitialization@1
                      ; - java.util.jar.JavaUtilJarAccessImpl::ensureInitialization@1
                      ; - jdk.internal.loader.URLClassPath$JarLoader$2::getManifest@10
                      ; - java.net.URLClassLoader::defineClass@34
                      ; - java.net.URLClassLoader$1::run@43
                      ; - java.net.URLClassLoader$1::run@1
                      ; - java.security.AccessController::executePrivileged@29
                      ; - java.security.AccessController::doPrivileged@13
                      ; - java.net.URLClassLoader::findClass@13
                      ; - java.lang.ClassLoader::loadClass@69
                      ; - java.lang.ClassLoader::loadClass@38
  0x000001febabadde4: 9865 96ff 

  0x000001febabadde8: ;   {other}
  0x000001febabadde8: 0f1f 8400 | d88a 00c9 | ba45 ffff | ff48 8b6c | 2448 448b | 5c24 3044 | 895c 2428 | 4c8b 5424 
  0x000001febabade08: 404c 8954 | 2438 4c8b | 5424 504c | 8954 2440 | 4c8b 5424 | 784c 8954 | 2450 4c8b | 5424 684c 
  0x000001febabade28: 8954 2458 | 4c8b 5424 | 704c 8954 | 2460 4c8b | 9424 b000 | 0000 4c89 | 5424 704c | 8b94 2480 
  0x000001febabade48: 0000 004c | 8954 2478 | 4c8b 9424 | 9000 0000 | 4c89 9424 | 8000 0000 | 4c8b 9424 | b800 0000 
  0x000001febabade68: 4c89 9424 | 8800 0000 | 4c8b 9424 | b000 0000 | 4c89 9424 | 9000 0000 | 4c8b 9424 | b800 0000 
  0x000001febabade88: 4c89 9424 | a800 0000 | 4c8b 9424 | c000 0000 | 4c89 9424 | b000 0000 | 4889 8424 | c000 0000 
  0x000001febabadea8: ;   {runtime_call UncommonTrapBlob}
  0x000001febabadea8: c5f8 77e8 

  0x000001febabadeac: ; ImmutableOopMap {rbp=Oop [64]=Oop [80]=Oop [112]=Oop [120]=Oop [128]=Oop [136]=Oop [144]=Oop [168]=Oop [192]=Oop [212]=NarrowOop }
                      ;*ifnull {reexecute=1 rethrow=0 return_oop=0}
                      ; - (reexecute) java.net.URLClassLoader::defineClass@139
                      ; - java.net.URLClassLoader$1::run@43
                      ; - java.net.URLClassLoader$1::run@1
                      ; - java.security.AccessController::executePrivileged@29
                      ; - java.security.AccessController::doPrivileged@13
                      ; - java.net.URLClassLoader::findClass@13
                      ; - java.lang.ClassLoader::loadClass@69
                      ; - java.lang.ClassLoader::loadClass@38
  0x000001febabadeac: d064 96ff 

  0x000001febabadeb0: ;   {other}
  0x000001febabadeb0: 0f1f 8400 | a08b 00ca | 488b bc24 | 8800 0000 | 498b d7c5 | f877 49ba | 60a3 9386 | f87f 0000 
  0x000001febabaded0: ;   {other}
  0x000001febabaded0: 41ff d20f | 1f84 0000 | 0000 00e9 | 3ec9 ffff | 498b d7c5 | f877 49ba | 60a3 9386 | f87f 0000 
  0x000001febabadef0: ;   {other}
  0x000001febabadef0: 41ff d20f | 1f84 0000 | 0000 00e9 | adc9 ffff | 498b d7c5 | f877 49ba | 60a3 9386 | f87f 0000 
  0x000001febabadf10: ;   {other}
  0x000001febabadf10: 41ff d20f | 1f84 0000 | 0000 00e9 | e899 ffff | bade ffff | ff4c 8b54 | 2448 4c89 | 5424 204c 
  0x000001febabadf30: 8b94 24b0 | 0000 004c | 8954 2428 | 4c8b 5424 | 504c 8954 | 2448 4c8b | 5424 784c | 8954 2470 
  0x000001febabadf50: 48ff b424 | a000 0000 | 488f 8424 | 9000 0000 | 4c8b 9424 | a800 0000 | 4c89 9424 | a000 0000 
  0x000001febabadf70: ;   {runtime_call UncommonTrapBlob}
  0x000001febabadf70: c5f8 77e8 

  0x000001febabadf74: ; ImmutableOopMap {rbp=NarrowOop [32]=Oop [40]=Oop [72]=Oop [112]=Oop [144]=Oop [160]=Oop [168]=Oop [184]=Oop }
                      ;*invokevirtual loadClassOrNull {reexecute=0 rethrow=0 return_oop=0}
                      ; - jdk.internal.loader.BuiltinClassLoader::loadClassOrNull@3
                      ; - jdk.internal.loader.BuiltinClassLoader::loadClassOrNull@86
                      ; - jdk.internal.loader.BuiltinClassLoader::loadClass@3
                      ; - java.lang.ClassLoader::loadClass@38
                      ; - java.lang.ClassLoader::loadClass@38
  0x000001febabadf74: 0864 96ff 

  0x000001febabadf78: ;   {other}
  0x000001febabadf78: 0f1f 8400 | 688c 00cb | ba45 ffff | ff48 8b6c | 2448 448b | 5424 3044 | 8954 2428 | 4c8b 5424 
  0x000001febabadf98: 404c 8954 | 2438 4c8b | 5424 504c | 8954 2440 | 4c89 4c24 | 504c 8b54 | 2478 4c89 | 5424 584c 
  0x000001febabadfb8: 8b54 2468 | 4c89 5424 | 604c 894c | 2470 4c8b | 9424 a800 | 0000 4c89 | 9424 9800 | 0000 6690 
  0x000001febabadfd8: ;   {runtime_call UncommonTrapBlob}
  0x000001febabadfd8: c5f8 77e8 

  0x000001febabadfdc: ; ImmutableOopMap {rbp=Oop [64]=Oop [80]=Oop [88]=Oop [112]=Oop [152]=Oop [160]=Oop [168]=Oop [184]=Oop }
                      ;*ifeq {reexecute=1 rethrow=0 return_oop=0}
                      ; - (reexecute) java.lang.ClassLoader::checkName@8
                      ; - java.lang.ClassLoader::findBootstrapClassOrNull@1
                      ; - java.lang.System$2::findBootstrapClassOrNull@1
                      ; - jdk.internal.loader.ClassLoaders$BootClassLoader::loadClassOrNull@4
                      ; - jdk.internal.loader.BuiltinClassLoader::loadClassOrNull@3
                      ; - jdk.internal.loader.BuiltinClassLoader::loadClassOrNull@86
                      ; - jdk.internal.loader.BuiltinClassLoader::loadClass@3
                      ; - java.lang.ClassLoader::loadClass@38
                      ; - java.lang.ClassLoader::loadClass@38
  0x000001febabadfdc: a063 96ff 

  0x000001febabadfe0: ;   {other}
  0x000001febabadfe0: 0f1f 8400 | d08c 00cc | bace ffff | ff4c 8b5c | 2448 4c89 | 5c24 204c | 8b5c 2450 | 4c89 5c24 
  0x000001febabae000: 484c 894c | 2458 4c8b | 5c24 784c | 895c 2470 | 4c89 4c24 | 7848 ffb4 | 24a0 0000 | 0048 8f84 
  0x000001febabae020: 2498 0000 | 0044 8954 | 2434 6690 

  0x000001febabae02c: ;   {runtime_call UncommonTrapBlob}
  0x000001febabae02c: c5f8 77e8 

  0x000001febabae030: ; ImmutableOopMap {rbp=NarrowOop [32]=Oop [72]=Oop [88]=Oop [112]=Oop [120]=Oop [152]=Oop [168]=Oop [184]=Oop }
                      ;*invokestatic indexOfChar {reexecute=0 rethrow=0 return_oop=0}
                      ; - java.lang.StringLatin1::indexOf@33
                      ; - java.lang.String::indexOf@17
                      ; - java.lang.String::indexOf@3
                      ; - java.lang.ClassLoader::checkName@16
                      ; - java.lang.ClassLoader::findBootstrapClassOrNull@1
                      ; - java.lang.System$2::findBootstrapClassOrNull@1
                      ; - jdk.internal.loader.ClassLoaders$BootClassLoader::loadClassOrNull@4
                      ; - jdk.internal.loader.BuiltinClassLoader::loadClassOrNull@3
                      ; - jdk.internal.loader.BuiltinClassLoader::loadClassOrNull@86
                      ; - jdk.internal.loader.BuiltinClassLoader::loadClass@3
                      ; - java.lang.ClassLoader::loadClass@38
                      ; - java.lang.ClassLoader::loadClass@38
  0x000001febabae030: 4c63 96ff 

  0x000001febabae034: ;   {other}
  0x000001febabae034: 0f1f 8400 | 248d 00cd | 33ed 4585 | d240 0f94 | c5ba 45ff | ffff 4c8b | 5424 484c | 8954 2420 
  0x000001febabae054: 4c8b 5424 | 504c 8954 | 2448 4c89 | 4424 5048 | ff74 2478 | 488f 4424 | 584c 8944 | 2460 6690 
  0x000001febabae074: ;   {runtime_call UncommonTrapBlob}
  0x000001febabae074: c5f8 77e8 

  0x000001febabae078: ; ImmutableOopMap {[32]=Oop [72]=Oop [80]=Oop [88]=Oop [96]=Oop [104]=Oop }
                      ;*ifeq {reexecute=1 rethrow=0 return_oop=0}
                      ; - (reexecute) java.lang.String::indexOf@4
                      ; - java.lang.String::indexOf@3
                      ; - java.lang.ClassLoader::checkName@16
                      ; - java.lang.ClassLoader::findBootstrapClassOrNull@1
                      ; - java.lang.System$2::findBootstrapClassOrNull@1
                      ; - jdk.internal.loader.ClassLoaders$BootClassLoader::loadClassOrNull@4
                      ; - jdk.internal.loader.BuiltinClassLoader::loadClassOrNull@3
                      ; - jdk.internal.loader.BuiltinClassLoader::loadClassOrNull@86
                      ; - jdk.internal.loader.BuiltinClassLoader::loadClass@3
                      ; - java.lang.ClassLoader::loadClass@38
  0x000001febabae078: 0463 96ff 

  0x000001febabae07c: ;   {other}
  0x000001febabae07c: 0f1f 8400 | 6c8d 00ce | ba45 ffff | ff48 8b6c | 2448 448b | 5424 3044 | 8954 2428 | 4c8b 5424 
  0x000001febabae09c: 404c 8954 | 2438 4c8b | 5424 504c | 8954 2440 | 4c8b 5424 | 684c 8954 | 2460 4889 | 4424 7090 
  0x000001febabae0bc: ;   {runtime_call UncommonTrapBlob}
  0x000001febabae0bc: c5f8 77e8 

  0x000001febabae0c0: ; ImmutableOopMap {rbp=Oop [32]=Oop [64]=Oop [96]=Oop [112]=Oop [120]=Oop }
                      ;*ifnonnull {reexecute=1 rethrow=0 return_oop=0}
                      ; - (reexecute) jdk.internal.loader.BuiltinClassLoader::loadClassOrNull@93
                      ; - jdk.internal.loader.BuiltinClassLoader::loadClass@3
                      ; - java.lang.ClassLoader::loadClass@38
  0x000001febabae0c0: bc62 96ff 

  0x000001febabae0c4: ;   {other}
  0x000001febabae0c4: 0f1f 8400 | b48d 00cf | ba45 ffff | ff48 8b6c | 2448 448b | 5c24 3044 | 895c 2428 | 4c8b 5424 
  0x000001febabae0e4: 404c 8954 | 2438 4c8b | 5424 504c | 8954 2440 | 4c89 4424 | 484c 8944 | 2458 895c | 242c 6690 
  0x000001febabae104: ;   {runtime_call UncommonTrapBlob}
  0x000001febabae104: c5f8 77e8 

  0x000001febabae108: ; ImmutableOopMap {rbp=Oop [64]=Oop [72]=Oop [88]=Oop [104]=Oop [120]=Oop }
                      ;*if_icmpne {reexecute=1 rethrow=0 return_oop=0}
                      ; - (reexecute) java.lang.ClassLoader::checkName@20
                      ; - java.lang.ClassLoader::findBootstrapClassOrNull@1
                      ; - java.lang.System$2::findBootstrapClassOrNull@1
                      ; - jdk.internal.loader.ClassLoaders$BootClassLoader::loadClassOrNull@4
                      ; - jdk.internal.loader.BuiltinClassLoader::loadClassOrNull@3
                      ; - jdk.internal.loader.BuiltinClassLoader::loadClassOrNull@86
                      ; - jdk.internal.loader.BuiltinClassLoader::loadClass@3
                      ; - java.lang.ClassLoader::loadClass@38
  0x000001febabae108: 7462 96ff 

  0x000001febabae10c: ;   {other}
  0x000001febabae10c: 0f1f 8400 | fc8d 00d0 | 458b c3e9 | 088a ffff | ba45 ffff | ff4c 8b54 | 2448 4c89 | 5424 204c 
  0x000001febabae12c: 8b54 2450 | 4c89 5424 | 484c 8944 | 2450 48ff | 7424 7848 | 8f44 2458 | 4c89 4424 | 6066 6690 
  0x000001febabae14c: ;   {runtime_call UncommonTrapBlob}
  0x000001febabae14c: c5f8 77e8 

  0x000001febabae150: ; ImmutableOopMap {[32]=Oop [72]=Oop [80]=Oop [88]=Oop [96]=Oop [104]=Oop }
                      ;*if_icmpne {reexecute=1 rethrow=0 return_oop=0}
                      ; - (reexecute) java.lang.ClassLoader::checkName@30
                      ; - java.lang.ClassLoader::findBootstrapClassOrNull@1
                      ; - java.lang.System$2::findBootstrapClassOrNull@1
                      ; - jdk.internal.loader.ClassLoaders$BootClassLoader::loadClassOrNull@4
                      ; - jdk.internal.loader.BuiltinClassLoader::loadClassOrNull@3
                      ; - jdk.internal.loader.BuiltinClassLoader::loadClassOrNull@86
                      ; - jdk.internal.loader.BuiltinClassLoader::loadClass@3
                      ; - java.lang.ClassLoader::loadClass@38
  0x000001febabae150: 2c62 96ff 

  0x000001febabae154: ;   {other}
  0x000001febabae154: 0f1f 8400 | 448e 00d1 | 33ed 4585 | d240 0f95 | c5ba 45ff | ffff 4c8b | 5424 484c | 8954 2420 
  0x000001febabae174: 4c8b 5424 | 504c 8954 | 2448 6690 

  0x000001febabae180: ;   {runtime_call UncommonTrapBlob}
  0x000001febabae180: c5f8 77e8 

  0x000001febabae184: ; ImmutableOopMap {[32]=Oop [40]=Oop [72]=Oop [104]=Oop [120]=Oop }
                      ;*ifeq {reexecute=1 rethrow=0 return_oop=0}
                      ; - (reexecute) jdk.internal.loader.BuiltinClassLoader::loadClassOrNull@100
                      ; - jdk.internal.loader.BuiltinClassLoader::loadClass@3
                      ; - java.lang.ClassLoader::loadClass@38
  0x000001febabae184: f861 96ff 

  0x000001febabae188: ;   {other}
  0x000001febabae188: 0f1f 8400 | 788e 00d2 | 4489 9c24 | a800 0000 | e9db 94ff | ff33 edeb | 028b e8ba | 45ff ffff 
  0x000001febabae1a8: 4c8b 5424 | 484c 8954 | 2420 4c8b | 9424 b000 | 0000 4c89 | 5424 284c | 8b54 2450 | 4c89 5424 
  0x000001febabae1c8: 484c 8b54 | 2478 4c89 | 5424 704c | 8b94 24a0 | 0000 004c | 8994 2488 | 0000 004c | 8b94 24a8 
  0x000001febabae1e8: 0000 004c | 8994 2498 | 0000 004c | 899c 24a0 | 0000 0044 | 8974 2434 | 4489 8c24 | a800 0000 
  0x000001febabae208: ;   {runtime_call UncommonTrapBlob}
  0x000001febabae208: c5f8 77e8 

  0x000001febabae20c: ; ImmutableOopMap {[32]=Oop [40]=Oop [52]=NarrowOop [72]=Oop [112]=Oop [136]=Oop [152]=Oop [160]=Oop [184]=Oop }
                      ;*ifeq {reexecute=1 rethrow=0 return_oop=0}
                      ; - (reexecute) java.util.concurrent.ConcurrentHashMap::get@76
                      ; - jdk.internal.loader.BuiltinClassLoader::findLoadedModule@24
                      ; - jdk.internal.loader.BuiltinClassLoader::loadClassOrNull@22
                      ; - jdk.internal.loader.BuiltinClassLoader::loadClass@3
                      ; - java.lang.ClassLoader::loadClass@38
                      ; - java.lang.ClassLoader::loadClass@38
  0x000001febabae20c: 7061 96ff 

  0x000001febabae210: ;   {other}
  0x000001febabae210: 0f1f 8400 | 008f 00d3 | 33ed 4585 | d240 0f94 | c5ba 45ff | ffff 4c8b | 5424 484c | 8954 2420 
  0x000001febabae230: 4c8b 5424 | 504c 8954 | 2448 4c89 | 4c24 584c | 8b54 2478 | 4c89 5424 | 704c 894c | 2478 48ff 
  0x000001febabae250: b424 a000 | 0000 488f | 8424 9800 | 0000 6690 

  0x000001febabae260: ;   {runtime_call UncommonTrapBlob}
  0x000001febabae260: c5f8 77e8 

  0x000001febabae264: ; ImmutableOopMap {[32]=Oop [72]=Oop [88]=Oop [112]=Oop [120]=Oop [152]=Oop [168]=Oop [184]=Oop }
                      ;*ifeq {reexecute=1 rethrow=0 return_oop=0}
                      ; - (reexecute) java.lang.String::indexOf@4
                      ; - java.lang.String::indexOf@3
                      ; - java.lang.ClassLoader::checkName@16
                      ; - java.lang.ClassLoader::findBootstrapClassOrNull@1
                      ; - java.lang.System$2::findBootstrapClassOrNull@1
                      ; - jdk.internal.loader.ClassLoaders$BootClassLoader::loadClassOrNull@4
                      ; - jdk.internal.loader.BuiltinClassLoader::loadClassOrNull@3
                      ; - jdk.internal.loader.BuiltinClassLoader::loadClassOrNull@66
                      ; - jdk.internal.loader.BuiltinClassLoader::loadClass@3
                      ; - java.lang.ClassLoader::loadClass@38
                      ; - java.lang.ClassLoader::loadClass@38
  0x000001febabae264: 1861 96ff 

  0x000001febabae268: ;   {other}
  0x000001febabae268: 0f1f 8400 | 588f 00d4 | ba45 ffff | ff4c 8b44 | 2448 4c89 | 4424 204c | 8b84 24b0 | 0000 004c 
  0x000001febabae288: 8944 2428 | 4c8b 4424 | 504c 8944 | 2448 4c8b | 4424 784c | 8944 2458 | 4c89 4c24 | 7844 895c 
  0x000001febabae2a8: 2434 4489 | 9424 8000 | 0000 899c | 2484 0000 | 0066 6690 

  0x000001febabae2bc: ;   {runtime_call UncommonTrapBlob}
  0x000001febabae2bc: c5f8 77e8 

  0x000001febabae2c0: ; ImmutableOopMap {[32]=Oop [40]=Oop [52]=NarrowOop [72]=Oop [88]=Oop [104]=Oop [120]=Oop }
                      ;*if_icmpne {reexecute=1 rethrow=0 return_oop=0}
                      ; - (reexecute) java.lang.String::equals@33
                      ; - java.util.concurrent.ConcurrentHashMap::get@73
                      ; - jdk.internal.loader.BuiltinClassLoader::findLoadedModule@24
                      ; - jdk.internal.loader.BuiltinClassLoader::loadClassOrNull@22
                      ; - jdk.internal.loader.BuiltinClassLoader::loadClass@3
                      ; - java.lang.ClassLoader::loadClass@38
  0x000001febabae2c0: bc60 96ff 

  0x000001febabae2c4: ;   {other}
  0x000001febabae2c4: 0f1f 8400 | b48f 00d5 | ba45 ffff | ff48 8b6c | 2448 448b | 5424 3044 | 8954 2428 | 4c8b 5424 
  0x000001febabae2e4: 404c 8954 | 2438 4c8b | 5424 504c | 8954 2440 | 4c89 4c24 | 504c 8b54 | 2478 4c89 | 5424 584c 
  0x000001febabae304: 8b54 2468 | 4c89 5424 | 604c 894c | 2470 4c8b | 9424 a800 | 0000 4c89 | 9424 9000 | 0000 895c 
  0x000001febabae324: 242c 6690 

  0x000001febabae328: ;   {runtime_call UncommonTrapBlob}
  0x000001febabae328: c5f8 77e8 

  0x000001febabae32c: ; ImmutableOopMap {rbp=Oop [64]=Oop [80]=Oop [88]=Oop [112]=Oop [144]=Oop [160]=Oop [168]=Oop [184]=Oop }
                      ;*if_icmpne {reexecute=1 rethrow=0 return_oop=0}
                      ; - (reexecute) java.lang.ClassLoader::checkName@20
                      ; - java.lang.ClassLoader::findBootstrapClassOrNull@1
                      ; - java.lang.System$2::findBootstrapClassOrNull@1
                      ; - jdk.internal.loader.ClassLoaders$BootClassLoader::loadClassOrNull@4
                      ; - jdk.internal.loader.BuiltinClassLoader::loadClassOrNull@3
                      ; - jdk.internal.loader.BuiltinClassLoader::loadClassOrNull@66
                      ; - jdk.internal.loader.BuiltinClassLoader::loadClass@3
                      ; - java.lang.ClassLoader::loadClass@38
                      ; - java.lang.ClassLoader::loadClass@38
  0x000001febabae32c: 5060 96ff 

  0x000001febabae330: ;   {other}
  0x000001febabae330: 0f1f 8400 | 2090 00d6 | ba45 ffff | ff4c 8b54 | 2448 4c89 | 5424 204c | 8b54 2450 | 4c89 5424 
  0x000001febabae350: 484c 894c | 2458 4c8b | 5424 784c | 8954 2470 | 4c89 4c24 | 784c 8b94 | 24a8 0000 | 004c 8994 
  0x000001febabae370: 2498 0000 | 0066 6690 

  0x000001febabae378: ;   {runtime_call UncommonTrapBlob}
  0x000001febabae378: c5f8 77e8 

  0x000001febabae37c: ; ImmutableOopMap {[32]=Oop [72]=Oop [88]=Oop [112]=Oop [120]=Oop [152]=Oop [160]=Oop [168]=Oop [184]=Oop }
                      ;*if_icmpne {reexecute=1 rethrow=0 return_oop=0}
                      ; - (reexecute) java.lang.ClassLoader::checkName@30
                      ; - java.lang.ClassLoader::findBootstrapClassOrNull@1
                      ; - java.lang.System$2::findBootstrapClassOrNull@1
                      ; - jdk.internal.loader.ClassLoaders$BootClassLoader::loadClassOrNull@4
                      ; - jdk.internal.loader.BuiltinClassLoader::loadClassOrNull@3
                      ; - jdk.internal.loader.BuiltinClassLoader::loadClassOrNull@66
                      ; - jdk.internal.loader.BuiltinClassLoader::loadClass@3
                      ; - java.lang.ClassLoader::loadClass@38
                      ; - java.lang.ClassLoader::loadClass@38
  0x000001febabae37c: 0060 96ff 

  0x000001febabae380: ;   {other}
  0x000001febabae380: 0f1f 8400 | 7090 00d7 | 488b 4c24 | 5048 8d94 | 2430 0100 | 004d 8bc7 | c5f8 7749 | ba80 d3d4 
  0x000001febabae3a0: 86f8 7f00 | 0041 ffd2 

  0x000001febabae3a8: ;   {other}
  0x000001febabae3a8: 0f1f 8400 | 0000 0000 | e95f a4ff | ffba 45ff | ffff 4c8b | 4424 484c | 8944 2420 | 4c8b 8424 
  0x000001febabae3c8: b000 0000 | 4c89 4424 | 284c 8b44 | 2450 4c89 | 4424 484c | 8b44 2478 | 4c89 4424 | 584c 894c 
  0x000001febabae3e8: 2478 4489 | 5c24 3444 | 8994 2480 | 0000 0090 

  0x000001febabae3f8: ;   {runtime_call UncommonTrapBlob}
  0x000001febabae3f8: c5f8 77e8 

  0x000001febabae3fc: ; ImmutableOopMap {[32]=Oop [40]=Oop [52]=NarrowOop [72]=Oop [88]=Oop [104]=Oop [120]=Oop }
                      ;*ifge {reexecute=1 rethrow=0 return_oop=0}
                      ; - (reexecute) java.util.concurrent.ConcurrentHashMap::get@86
                      ; - jdk.internal.loader.BuiltinClassLoader::findLoadedModule@24
                      ; - jdk.internal.loader.BuiltinClassLoader::loadClassOrNull@22
                      ; - jdk.internal.loader.BuiltinClassLoader::loadClass@3
                      ; - java.lang.ClassLoader::loadClass@38
  0x000001febabae3fc: 805f 96ff 

  0x000001febabae400: ;   {other}
  0x000001febabae400: 0f1f 8400 | f090 00d8 | 33ed 4585 | d240 0f94 | c5ba 45ff | ffff 4c8b | 5424 484c | 8954 2420 
  0x000001febabae420: 4c8b 5424 | 504c 8954 | 2448 4c89 | 4c24 584c | 8b54 2478 | 4c89 5424 | 704c 894c | 2478 6690 
  0x000001febabae440: ;   {runtime_call UncommonTrapBlob}
  0x000001febabae440: c5f8 77e8 

  0x000001febabae444: ; ImmutableOopMap {[32]=Oop [72]=Oop [88]=Oop [112]=Oop [120]=Oop [160]=Oop [168]=Oop [184]=Oop }
                      ;*ifeq {reexecute=1 rethrow=0 return_oop=0}
                      ; - (reexecute) java.lang.String::indexOf@4
                      ; - java.lang.String::indexOf@3
                      ; - java.lang.ClassLoader::checkName@16
                      ; - java.lang.ClassLoader::findBootstrapClassOrNull@1
                      ; - java.lang.System$2::findBootstrapClassOrNull@1
                      ; - jdk.internal.loader.ClassLoaders$BootClassLoader::loadClassOrNull@4
                      ; - jdk.internal.loader.BuiltinClassLoader::loadClassOrNull@3
                      ; - jdk.internal.loader.BuiltinClassLoader::loadClassOrNull@86
                      ; - jdk.internal.loader.BuiltinClassLoader::loadClass@3
                      ; - java.lang.ClassLoader::loadClass@38
                      ; - java.lang.ClassLoader::loadClass@38
  0x000001febabae444: 385f 96ff 

  0x000001febabae448: ;   {other}
  0x000001febabae448: 0f1f 8400 | 3891 00d9 | ba45 ffff | ff4c 8b54 | 2470 4c89 | 5424 2044 | 8b44 2430 | 4489 4424 
  0x000001febabae468: 284c 8b54 | 2440 4c89 | 5424 384c | 8b54 2450 | 4c89 5424 | 404c 8b54 | 2478 4c89 | 5424 584c 
  0x000001febabae488: 8b54 2468 | 4c89 5424 | 604c 8b94 | 2480 0000 | 004c 8954 | 2478 4c8b | 9424 a800 | 0000 4889 
  0x000001febabae4a8: 8424 9000 | 0000 4c89 | 9424 9800 | 0000 6690 

  0x000001febabae4b8: ;   {runtime_call UncommonTrapBlob}
  0x000001febabae4b8: c5f8 77e8 

  0x000001febabae4bc: ; ImmutableOopMap {rbp=Oop [32]=Oop [64]=Oop [88]=Oop [120]=Oop [144]=Oop [152]=Oop [168]=Oop [184]=Oop }
                      ;*ifnonnull {reexecute=1 rethrow=0 return_oop=0}
                      ; - (reexecute) jdk.internal.loader.BuiltinClassLoader::loadClassOrNull@93
                      ; - jdk.internal.loader.BuiltinClassLoader::loadClass@3
                      ; - java.lang.ClassLoader::loadClass@38
                      ; - java.lang.ClassLoader::loadClass@38
  0x000001febabae4bc: c05e 96ff 

  0x000001febabae4c0: ;   {other}
  0x000001febabae4c0: 0f1f 8400 | b091 00da | ba45 ffff | ff48 8b6c | 2448 8b4c | 2430 894c | 2428 4c8b | 5c24 404c 
  0x000001febabae4e0: 895c 2438 | 4c8b 5c24 | 504c 895c | 2440 4c89 | 4c24 504c | 8b5c 2478 | 4c89 5c24 | 584c 8b5c 
  0x000001febabae500: 2468 4c89 | 5c24 604c | 894c 2470 | 4c8b 9c24 | a800 0000 | 4c89 9c24 | 9800 0000 | 895c 242c 
  0x000001febabae520: ;   {runtime_call UncommonTrapBlob}
  0x000001febabae520: c5f8 77e8 

  0x000001febabae524: ; ImmutableOopMap {rbp=Oop [64]=Oop [80]=Oop [88]=Oop [112]=Oop [152]=Oop [160]=Oop [168]=Oop [184]=Oop }
                      ;*if_icmpne {reexecute=1 rethrow=0 return_oop=0}
                      ; - (reexecute) java.lang.ClassLoader::checkName@20
                      ; - java.lang.ClassLoader::findBootstrapClassOrNull@1
                      ; - java.lang.System$2::findBootstrapClassOrNull@1
                      ; - jdk.internal.loader.ClassLoaders$BootClassLoader::loadClassOrNull@4
                      ; - jdk.internal.loader.BuiltinClassLoader::loadClassOrNull@3
                      ; - jdk.internal.loader.BuiltinClassLoader::loadClassOrNull@86
                      ; - jdk.internal.loader.BuiltinClassLoader::loadClass@3
                      ; - java.lang.ClassLoader::loadClass@38
                      ; - java.lang.ClassLoader::loadClass@38
  0x000001febabae524: 585e 96ff 

  0x000001febabae528: ;   {other}
  0x000001febabae528: 0f1f 8400 | 1892 00db | ba45 ffff | ff4c 8b54 | 2448 4c89 | 5424 204c | 8b54 2450 | 4c89 5424 
  0x000001febabae548: 484c 894c | 2458 4c8b | 5424 784c | 8954 2470 | 4c89 4c24 | 7848 ffb4 | 24a0 0000 | 0048 8f84 
  0x000001febabae568: 2490 0000 | 004c 8b94 | 24a8 0000 | 004c 8994 | 24a0 0000 | 0066 6690 

  0x000001febabae580: ;   {runtime_call UncommonTrapBlob}
  0x000001febabae580: c5f8 77e8 

  0x000001febabae584: ; ImmutableOopMap {[32]=Oop [72]=Oop [88]=Oop [112]=Oop [120]=Oop [144]=Oop [160]=Oop [168]=Oop [184]=Oop }
                      ;*if_icmpne {reexecute=1 rethrow=0 return_oop=0}
                      ; - (reexecute) java.lang.ClassLoader::checkName@30
                      ; - java.lang.ClassLoader::findBootstrapClassOrNull@1
                      ; - java.lang.System$2::findBootstrapClassOrNull@1
                      ; - jdk.internal.loader.ClassLoaders$BootClassLoader::loadClassOrNull@4
                      ; - jdk.internal.loader.BuiltinClassLoader::loadClassOrNull@3
                      ; - jdk.internal.loader.BuiltinClassLoader::loadClassOrNull@86
                      ; - jdk.internal.loader.BuiltinClassLoader::loadClass@3
                      ; - java.lang.ClassLoader::loadClass@38
                      ; - java.lang.ClassLoader::loadClass@38
  0x000001febabae584: f85d 96ff 

  0x000001febabae588: ;   {other}
  0x000001febabae588: 0f1f 8400 | 7892 00dc | 33ed 4585 | d240 0f95 | c5ba 45ff | ffff 4c8b | 5424 484c | 8954 2420 
  0x000001febabae5a8: 4c8b 5424 | 704c 8954 | 2428 4c8b | 5424 504c | 8954 2448 | 4c8b 5424 | 784c 8954 | 2470 4c89 
  0x000001febabae5c8: 9c24 8800 | 0000 4c8b | 9424 a800 | 0000 4c89 | 9424 9800 | 0000 6690 

  0x000001febabae5e0: ;   {runtime_call UncommonTrapBlob}
  0x000001febabae5e0: c5f8 77e8 

  0x000001febabae5e4: ; ImmutableOopMap {[32]=Oop [40]=Oop [72]=Oop [112]=Oop [136]=Oop [152]=Oop [168]=Oop [184]=Oop }
                      ;*ifeq {reexecute=1 rethrow=0 return_oop=0}
                      ; - (reexecute) jdk.internal.loader.BuiltinClassLoader::loadClassOrNull@100
                      ; - jdk.internal.loader.BuiltinClassLoader::loadClass@3
                      ; - java.lang.ClassLoader::loadClass@38
                      ; - java.lang.ClassLoader::loadClass@38
  0x000001febabae5e4: 985d 96ff 

  0x000001febabae5e8: ;   {other}
  0x000001febabae5e8: 0f1f 8400 | d892 00dd | ba45 ffff | ff4c 8b54 | 2448 4c89 | 5424 204c | 8b94 24b0 | 0000 004c 
  0x000001febabae608: 8954 2428 | 4c8b 5424 | 504c 8954 | 2448 4c8b | 5424 784c | 8954 2470 | 4c8b 9424 | a000 0000 
  0x000001febabae628: 4c89 9424 | 8800 0000 | 4c8b 9424 | a800 0000 | 4c89 9424 | 9800 0000 | 4c89 9c24 | a000 0000 
  0x000001febabae648: 4489 7424 | 3444 898c | 24a8 0000 | 0044 8984 | 24ac 0000 | 0066 6690 

  0x000001febabae660: ;   {runtime_call UncommonTrapBlob}
  0x000001febabae660: c5f8 77e8 

  0x000001febabae664: ; ImmutableOopMap {[32]=Oop [40]=Oop [52]=NarrowOop [72]=Oop [112]=Oop [136]=Oop [152]=Oop [160]=Oop [184]=Oop }
                      ;*if_icmpne {reexecute=1 rethrow=0 return_oop=0}
                      ; - (reexecute) java.lang.String::equals@33
                      ; - java.util.concurrent.ConcurrentHashMap::get@73
                      ; - jdk.internal.loader.BuiltinClassLoader::findLoadedModule@24
                      ; - jdk.internal.loader.BuiltinClassLoader::loadClassOrNull@22
                      ; - jdk.internal.loader.BuiltinClassLoader::loadClass@3
                      ; - java.lang.ClassLoader::loadClass@38
                      ; - java.lang.ClassLoader::loadClass@38
  0x000001febabae664: 185d 96ff 

  0x000001febabae668: ;   {other}
  0x000001febabae668: 0f1f 8400 | 5893 00de | ba45 ffff | ff4c 8b54 | 2448 4c89 | 5424 204c | 8b94 24b0 | 0000 004c 
  0x000001febabae688: 8954 2428 | 4c8b 5424 | 504c 8954 | 2448 4c8b | 5424 784c | 8954 2470 | 4c8b 9424 | a000 0000 
  0x000001febabae6a8: 4c89 9424 | 8800 0000 | 4c8b 9424 | a800 0000 | 4c89 9424 | 9800 0000 | 4c89 8424 | a000 0000 
  0x000001febabae6c8: 4489 4c24 | 3444 899c | 24a8 0000 | 0066 6690 

  0x000001febabae6d8: ;   {runtime_call UncommonTrapBlob}
  0x000001febabae6d8: c5f8 77e8 

  0x000001febabae6dc: ; ImmutableOopMap {[32]=Oop [40]=Oop [52]=NarrowOop [72]=Oop [112]=Oop [136]=Oop [152]=Oop [160]=Oop [184]=Oop }
                      ;*ifge {reexecute=1 rethrow=0 return_oop=0}
                      ; - (reexecute) java.util.concurrent.ConcurrentHashMap::get@86
                      ; - jdk.internal.loader.BuiltinClassLoader::findLoadedModule@24
                      ; - jdk.internal.loader.BuiltinClassLoader::loadClassOrNull@22
                      ; - jdk.internal.loader.BuiltinClassLoader::loadClass@3
                      ; - java.lang.ClassLoader::loadClass@38
                      ; - java.lang.ClassLoader::loadClass@38
  0x000001febabae6dc: a05c 96ff 

  0x000001febabae6e0: ;   {other}
  0x000001febabae6e0: 0f1f 8400 | d093 00df | ba45 ffff | ff4c 8b5c | 2448 4c89 | 5c24 204c | 8b9c 24b0 | 0000 004c 
  0x000001febabae700: 895c 2428 | 4c8b 5c24 | 504c 895c | 2448 4c8b | 5c24 784c | 895c 2458 | 4c89 4c24 | 784c 8984 
  0x000001febabae720: 2480 0000 | 0044 8954 | 2434 6690 

  0x000001febabae72c: ;   {runtime_call UncommonTrapBlob}
  0x000001febabae72c: c5f8 77e8 

  0x000001febabae730: ; ImmutableOopMap {rbp=NarrowOop [32]=Oop [40]=Oop [72]=Oop [88]=Oop [104]=Oop [120]=Oop [128]=Oop }
                      ;*ifnull {reexecute=1 rethrow=0 return_oop=0}
                      ; - (reexecute) java.util.concurrent.ConcurrentHashMap::get@143
                      ; - jdk.internal.loader.BuiltinClassLoader::findLoadedModule@24
                      ; - jdk.internal.loader.BuiltinClassLoader::loadClassOrNull@22
                      ; - jdk.internal.loader.BuiltinClassLoader::loadClass@3
                      ; - java.lang.ClassLoader::loadClass@38
  0x000001febabae730: 4c5c 96ff 

  0x000001febabae734: ;   {other}
  0x000001febabae734: 0f1f 8400 | 2494 00e0 | bade ffff | ff44 8b54 | 2430 4489 | 5424 284c | 8b54 2440 | 4c89 5424 
  0x000001febabae754: 384c 8b54 | 2450 4c89 | 5424 404c | 8b54 2478 | 4c89 5424 | 504c 8b54 | 2468 4c89 | 5424 584c 
  0x000001febabae774: 8b54 2470 | 4c89 5424 | 604c 8b94 | 24b0 0000 | 004c 8954 | 2470 4c8b | 9424 8000 | 0000 4c89 
  0x000001febabae794: 5424 784c | 8b94 24b8 | 0000 004c | 8994 2488 | 0000 004c | 8b94 24b0 | 0000 004c | 8994 2490 
  0x000001febabae7b4: 0000 004c | 8b94 24b8 | 0000 004c | 8994 24a8 | 0000 004c | 8b94 24c0 | 0000 004c | 8994 24b0 
  0x000001febabae7d4: 0000 0044 | 8b94 24d4 | 0000 0044 | 8954 242c | 4c8b 9424 | e800 0000 | 4c89 9424 | b800 0000 
  0x000001febabae7f4: 4c8b 9424 | f000 0000 | 4c89 9424 | c000 0000 | 4c8b 9424 | d800 0000 | 4c89 9424 | d000 0000 
  0x000001febabae814: 4c8b 9424 | f800 0000 | 4c89 9424 | e800 0000 

  0x000001febabae824: ;   {runtime_call UncommonTrapBlob}
  0x000001febabae824: c5f8 77e8 

  0x000001febabae828: ; ImmutableOopMap {rbp=Oop [44]=NarrowOop [64]=Oop [80]=Oop [112]=Oop [120]=Oop [136]=Oop [144]=Oop [152]=Oop [168]=Oop [184]=Oop [192]=Oop [200]=Oop [208]=Oop [232]=Oop [248]=Oop }
                      ;*invokevirtual getName {reexecute=0 rethrow=0 return_oop=0}
                      ; - java.util.jar.JarFile::getManifestFromReference@74
                      ; - java.util.jar.JarFile::getManifest@1
                      ; - jdk.internal.loader.URLClassPath$JarLoader$2::getManifest@22
                      ; - java.net.URLClassLoader::defineClass@34
                      ; - java.net.URLClassLoader$1::run@43
                      ; - java.net.URLClassLoader$1::run@1
                      ; - java.security.AccessController::executePrivileged@29
                      ; - java.security.AccessController::doPrivileged@13
                      ; - java.net.URLClassLoader::findClass@13
                      ; - java.lang.ClassLoader::loadClass@69
                      ; - java.lang.ClassLoader::loadClass@38
  0x000001febabae828: 545b 96ff 

  0x000001febabae82c: ;   {other}
  0x000001febabae82c: 0f1f 8400 | 1c95 00e1 | ba0f 0000 | 004c 8b54 | 2448 4c89 | 5424 204c | 8b54 2450 | 4c89 5424 
  0x000001febabae84c: 484c 8b54 | 2478 4c89 | 5424 584c | 8b54 2468 | 4c89 5424 | 604c 8b54 | 2470 4c89 | 5424 684c 
  0x000001febabae86c: 8b94 24b0 | 0000 004c | 8954 2478 | 4c8b 9424 | 9800 0000 | 4c89 9424 | 8800 0000 | 4c8b 9424 
  0x000001febabae88c: b800 0000 | 4c89 9424 | 9000 0000 | 4c8b 9424 | b000 0000 | 4c89 9424 | 9800 0000 | 4c8b 9424 
  0x000001febabae8ac: b800 0000 | 4c89 9424 | b000 0000 | 4c8b 9424 | c000 0000 | 4c89 9424 | b800 0000 | 448b 9c24 
  0x000001febabae8cc: d400 0000 | 4489 5c24 | 344c 8b94 | 24e8 0000 | 004c 8994 | 24c0 0000 | 004c 8b94 | 24f0 0000 
  0x000001febabae8ec: 004c 8994 | 24c8 0000 | 004c 8b94 | 24d8 0000 | 004c 8994 | 24d0 0000 | 004c 8b94 | 24f8 0000 
  0x000001febabae90c: 004c 8994 | 24e8 0000 | 004c 8994 | 24f0 0000 | 0066 6690 

  0x000001febabae920: ;   {runtime_call UncommonTrapBlob}
  0x000001febabae920: c5f8 77e8 

  0x000001febabae924: ; ImmutableOopMap {rbp=Oop [32]=Oop [52]=NarrowOop [72]=Oop [88]=Oop [120]=Oop [128]=Oop [136]=Oop [144]=Oop [152]=Oop [176]=Oop [192]=Oop [200]=Oop [208]=Oop [232]=Oop [240]=Oop }
                      ;*new {reexecute=0 rethrow=0 return_oop=0}
                      ; - java.util.Hashtable::<init>@53
                      ; - java.util.Hashtable::<init>@5
                      ; - java.util.jar.JarVerifier::<init>@39
                      ; - java.util.jar.JarFile::getManifestFromReference@78
                      ; - java.util.jar.JarFile::getManifest@1
                      ; - jdk.internal.loader.URLClassPath$JarLoader$2::getManifest@22
                      ; - java.net.URLClassLoader::defineClass@34
                      ; - java.net.URLClassLoader$1::run@43
                      ; - java.net.URLClassLoader$1::run@1
                      ; - java.security.AccessController::executePrivileged@29
                      ; - java.security.AccessController::doPrivileged@13
                      ; - java.net.URLClassLoader::findClass@13
                      ; - java.lang.ClassLoader::loadClass@69
                      ; - java.lang.ClassLoader::loadClass@38
  0x000001febabae924: 585a 96ff 

  0x000001febabae928: ;   {other}
  0x000001febabae928: 0f1f 8400 | 1896 00e2 | ba0f 0000 | 004c 8b54 | 2448 4c89 | 5424 204c | 8b54 2450 | 4c89 5424 
  0x000001febabae948: 484c 8b54 | 2478 4c89 | 5424 584c | 8b54 2468 | 4c89 5424 | 604c 8b54 | 2470 4c89 | 5424 684c 
  0x000001febabae968: 8b94 24b0 | 0000 004c | 8954 2478 | 4c8b 9424 | 9800 0000 | 4c89 9424 | 8800 0000 | 4c8b 9424 
  0x000001febabae988: b800 0000 | 4c89 9424 | 9000 0000 | 4c8b 9424 | b000 0000 | 4c89 9424 | 9800 0000 | 4c8b 9424 
  0x000001febabae9a8: b800 0000 | 4c89 9424 | b000 0000 | 4c8b 9424 | c000 0000 | 4c89 9424 | b800 0000 | 448b 9424 
  0x000001febabae9c8: d400 0000 | 4489 5424 | 344c 8b94 | 24e8 0000 | 004c 8994 | 24c0 0000 | 004c 8b94 | 24f0 0000 
  0x000001febabae9e8: 004c 8994 | 24c8 0000 | 004c 8b94 | 24d8 0000 | 004c 8994 | 24d0 0000 | 004c 8b94 | 24f8 0000 
  0x000001febabaea08: 004c 8994 | 24e8 0000 | 004c 8994 | 24f0 0000 | 0066 6690 

  0x000001febabaea1c: ;   {runtime_call UncommonTrapBlob}
  0x000001febabaea1c: c5f8 77e8 

  0x000001febabaea20: ; ImmutableOopMap {rbp=Oop [32]=Oop [52]=NarrowOop [72]=Oop [88]=Oop [120]=Oop [128]=Oop [136]=Oop [144]=Oop [152]=Oop [176]=Oop [192]=Oop [200]=Oop [208]=Oop [232]=Oop [240]=Oop }
                      ;*new {reexecute=0 rethrow=0 return_oop=0}
                      ; - java.util.Hashtable::<init>@53
                      ; - java.util.Hashtable::<init>@5
                      ; - java.util.jar.JarVerifier::<init>@50
                      ; - java.util.jar.JarFile::getManifestFromReference@78
                      ; - java.util.jar.JarFile::getManifest@1
                      ; - jdk.internal.loader.URLClassPath$JarLoader$2::getManifest@22
                      ; - java.net.URLClassLoader::defineClass@34
                      ; - java.net.URLClassLoader$1::run@43
                      ; - java.net.URLClassLoader$1::run@1
                      ; - java.security.AccessController::executePrivileged@29
                      ; - java.security.AccessController::doPrivileged@13
                      ; - java.net.URLClassLoader::findClass@13
                      ; - java.lang.ClassLoader::loadClass@69
                      ; - java.lang.ClassLoader::loadClass@38
  0x000001febabaea20: 5c59 96ff 

  0x000001febabaea24: ;   {other}
  0x000001febabaea24: 0f1f 8400 | 1497 00e3 | ba0f 0000 | 004c 8b54 | 2448 4c89 | 5424 204c | 8b54 2450 | 4c89 5424 
  0x000001febabaea44: 484c 8b54 | 2478 4c89 | 5424 584c | 8b54 2468 | 4c89 5424 | 604c 8b54 | 2470 4c89 | 5424 684c 
  0x000001febabaea64: 8b94 24b0 | 0000 004c | 8954 2478 | 4c8b 9424 | 9800 0000 | 4c89 9424 | 8800 0000 | 4c8b 9424 
  0x000001febabaea84: b800 0000 | 4c89 9424 | 9000 0000 | 4c8b 9424 | b000 0000 | 4c89 9424 | 9800 0000 | 4c8b 9424 
  0x000001febabaeaa4: b800 0000 | 4c89 9424 | b000 0000 | 4c8b 9424 | c000 0000 | 4c89 9424 | b800 0000 | 448b 9c24 
  0x000001febabaeac4: d400 0000 | 4489 5c24 | 344c 8b94 | 24e8 0000 | 004c 8994 | 24c0 0000 | 004c 8b94 | 24f0 0000 
  0x000001febabaeae4: 004c 8994 | 24c8 0000 | 004c 8b94 | 24d8 0000 | 004c 8994 | 24d0 0000 | 004c 8b94 | 24f8 0000 
  0x000001febabaeb04: 004c 8994 | 24e8 0000 | 004c 8994 | 24f0 0000 | 0066 6690 

  0x000001febabaeb18: ;   {runtime_call UncommonTrapBlob}
  0x000001febabaeb18: c5f8 77e8 

  0x000001febabaeb1c: ; ImmutableOopMap {rbp=Oop [32]=Oop [52]=NarrowOop [72]=Oop [88]=Oop [120]=Oop [128]=Oop [136]=Oop [144]=Oop [152]=Oop [176]=Oop [192]=Oop [200]=Oop [208]=Oop [232]=Oop [240]=Oop }
                      ;*new {reexecute=0 rethrow=0 return_oop=0}
                      ; - java.util.Hashtable::<init>@53
                      ; - java.util.Hashtable::<init>@4
                      ; - java.util.jar.JarVerifier::<init>@63
                      ; - java.util.jar.JarFile::getManifestFromReference@78
                      ; - java.util.jar.JarFile::getManifest@1
                      ; - jdk.internal.loader.URLClassPath$JarLoader$2::getManifest@22
                      ; - java.net.URLClassLoader::defineClass@34
                      ; - java.net.URLClassLoader$1::run@43
                      ; - java.net.URLClassLoader$1::run@1
                      ; - java.security.AccessController::executePrivileged@29
                      ; - java.security.AccessController::doPrivileged@13
                      ; - java.net.URLClassLoader::findClass@13
                      ; - java.lang.ClassLoader::loadClass@69
                      ; - java.lang.ClassLoader::loadClass@38
  0x000001febabaeb1c: 6058 96ff 

  0x000001febabaeb20: ;   {other}
  0x000001febabaeb20: 0f1f 8400 | 1098 00e4 | 498b d7c5 | f877 49ba | 60a3 9386 | f87f 0000 

  0x000001febabaeb38: ;   {other}
  0x000001febabaeb38: 41ff d20f | 1f84 0000 | 0000 00e9 | c9c2 ffff | ba45 ffff | ff4c 8b54 | 2448 4c89 | 5424 204c 
  0x000001febabaeb58: 8b94 24b0 | 0000 004c | 8954 2428 | 4c8b 5424 | 504c 8954 | 2448 4c8b | 5424 784c | 8954 2470 
  0x000001febabaeb78: 4c8b 9424 | a000 0000 | 4c89 9424 | 8800 0000 | 4c8b 9424 | a800 0000 | 4c89 9424 | 9800 0000 
  0x000001febabaeb98: 4c89 8424 | a000 0000 | 4c89 8c24 | a800 0000 | 4489 5c24 | 3466 6690 

  0x000001febabaebb0: ;   {runtime_call UncommonTrapBlob}
  0x000001febabaebb0: c5f8 77e8 

  0x000001febabaebb4: ; ImmutableOopMap {rbp=NarrowOop [32]=Oop [40]=Oop [72]=Oop [112]=Oop [136]=Oop [152]=Oop [160]=Oop [168]=Oop [184]=Oop }
                      ;*ifnull {reexecute=1 rethrow=0 return_oop=0}
                      ; - (reexecute) java.util.concurrent.ConcurrentHashMap::get@143
                      ; - jdk.internal.loader.BuiltinClassLoader::findLoadedModule@24
                      ; - jdk.internal.loader.BuiltinClassLoader::loadClassOrNull@22
                      ; - jdk.internal.loader.BuiltinClassLoader::loadClass@3
                      ; - java.lang.ClassLoader::loadClass@38
                      ; - java.lang.ClassLoader::loadClass@38
  0x000001febabaebb4: c857 96ff 

  0x000001febabaebb8: ;   {other}
  0x000001febabaebb8: 0f1f 8400 | a898 00e5 | bade ffff | ff48 8b6c | 2448 448b | 4424 3044 | 8944 2428 | 4c8b 5c24 
  0x000001febabaebd8: 404c 895c | 2438 4c8b | 5c24 504c | 895c 2440 | 4c8b 5c24 | 784c 895c | 2450 4c8b | 5c24 684c 
  0x000001febabaebf8: 895c 2458 | 4c8b 5c24 | 704c 895c | 2460 4c8b | 9c24 b000 | 0000 4c89 | 5c24 704c | 8b9c 2480 
  0x000001febabaec18: 0000 004c | 895c 2478 | 4c8b 9c24 | b800 0000 | 4c89 9c24 | 8800 0000 | 4c8b 9c24 | b000 0000 
  0x000001febabaec38: 4c89 9c24 | 9000 0000 | 4c8b 9c24 | b800 0000 | 4c89 9c24 | a800 0000 | 4c8b 9c24 | c000 0000 
  0x000001febabaec58: 4c89 9c24 | b000 0000 | 448b 9c24 | d400 0000 | 4489 5c24 | 2c4c 8994 | 24d0 0000 | 0066 6690 
  0x000001febabaec78: ;   {runtime_call UncommonTrapBlob}
  0x000001febabaec78: c5f8 77e8 

  0x000001febabaec7c: ; ImmutableOopMap {rbp=Oop [44]=NarrowOop [64]=Oop [80]=Oop [112]=Oop [120]=Oop [136]=Oop [144]=Oop [152]=Oop [168]=Oop [200]=Oop [208]=Oop [232]=Oop [240]=Oop }
                      ;*invokevirtual close {reexecute=0 rethrow=0 return_oop=0}
                      ; - java.util.jar.JarFile::getManifestFromReference@152
                      ; - java.util.jar.JarFile::getManifest@1
                      ; - jdk.internal.loader.URLClassPath$JarLoader$2::getManifest@22
                      ; - java.net.URLClassLoader::defineClass@34
                      ; - java.net.URLClassLoader$1::run@43
                      ; - java.net.URLClassLoader$1::run@1
                      ; - java.security.AccessController::executePrivileged@29
                      ; - java.security.AccessController::doPrivileged@13
                      ; - java.net.URLClassLoader::findClass@13
                      ; - java.lang.ClassLoader::loadClass@69
                      ; - java.lang.ClassLoader::loadClass@38
  0x000001febabaec7c: 0057 96ff 

  0x000001febabaec80: ;   {other}
  0x000001febabaec80: 0f1f 8400 | 7099 00e6 | ba45 ffff | ff4c 8b54 | 2448 4c89 | 5424 204c | 8b54 2450 | 4c89 5424 
  0x000001febabaeca0: 484c 8b54 | 2478 4c89 | 5424 584c | 8b54 2468 | 4c89 5424 | 604c 8b54 | 2470 4c89 | 5424 684c 
  0x000001febabaecc0: 8b94 24b0 | 0000 004c | 8954 2478 | 4c8b 9424 | 9800 0000 | 4c89 9424 | 8800 0000 | 4c8b 9424 
  0x000001febabaece0: b800 0000 | 4c89 9424 | 9000 0000 | 4c8b 9424 | b000 0000 | 4c89 9424 | 9800 0000 | 4c8b 9424 
  0x000001febabaed00: b800 0000 | 4c89 9424 | b000 0000 | 4c8b 9424 | c000 0000 | 4c89 9424 | b800 0000 | 448b 9c24 
  0x000001febabaed20: d400 0000 | 4489 5c24 | 344c 8984 | 24c8 0000 | 0066 6690 

  0x000001febabaed34: ;   {runtime_call UncommonTrapBlob}
  0x000001febabaed34: c5f8 77e8 

  0x000001febabaed38: ; ImmutableOopMap {[32]=Oop [52]=NarrowOop [72]=Oop [88]=Oop [120]=Oop [128]=Oop [136]=Oop [144]=Oop [152]=Oop [176]=Oop [200]=Oop [216]=Oop [232]=Oop }
                      ;*ifne {reexecute=1 rethrow=0 return_oop=0}
                      ; - (reexecute) java.util.jar.JarFile::getManifestFromReference@52
                      ; - java.util.jar.JarFile::getManifest@1
                      ; - jdk.internal.loader.URLClassPath$JarLoader$2::getManifest@22
                      ; - java.net.URLClassLoader::defineClass@34
                      ; - java.net.URLClassLoader$1::run@43
                      ; - java.net.URLClassLoader$1::run@1
                      ; - java.security.AccessController::executePrivileged@29
                      ; - java.security.AccessController::doPrivileged@13
                      ; - java.net.URLClassLoader::findClass@13
                      ; - java.lang.ClassLoader::loadClass@69
                      ; - java.lang.ClassLoader::loadClass@38
  0x000001febabaed38: 4456 96ff 

  0x000001febabaed3c: ;   {other}
  0x000001febabaed3c: 0f1f 8400 | 2c9a 00e7 | ba45 ffff | ff44 8b44 | 2430 4489 | 4424 284c | 8b5c 2440 | 4c89 5c24 
  0x000001febabaed5c: 384c 8b5c | 2450 4c89 | 5c24 404c | 8b5c 2478 | 4c89 5c24 | 504c 8b5c | 2468 4c89 | 5c24 584c 
  0x000001febabaed7c: 8b5c 2470 | 4c89 5c24 | 604c 8b9c | 24b0 0000 | 004c 895c | 2470 4c8b | 9c24 8000 | 0000 4c89 
  0x000001febabaed9c: 5c24 784c | 8b9c 24b8 | 0000 004c | 899c 2488 | 0000 004c | 8b9c 24b0 | 0000 004c | 899c 2490 
  0x000001febabaedbc: 0000 004c | 8b9c 24b8 | 0000 004c | 899c 24a8 | 0000 004c | 8b9c 24c0 | 0000 004c | 899c 24b0 
  0x000001febabaeddc: 0000 0089 | 8424 d000 | 0000 6690 

  0x000001febabaede8: ;   {runtime_call UncommonTrapBlob}
  0x000001febabaede8: c5f8 77e8 

  0x000001febabaedec: ; ImmutableOopMap {rbp=Oop [64]=Oop [80]=Oop [112]=Oop [120]=Oop [136]=Oop [144]=Oop [152]=Oop [168]=Oop [212]=NarrowOop [216]=Oop [232]=Oop [240]=Oop }
                      ;*if_icmpne {reexecute=1 rethrow=0 return_oop=0}
                      ; - (reexecute) java.util.jar.JarFile::getManifestFromReference@65
                      ; - java.util.jar.JarFile::getManifest@1
                      ; - jdk.internal.loader.URLClassPath$JarLoader$2::getManifest@22
                      ; - java.net.URLClassLoader::defineClass@34
                      ; - java.net.URLClassLoader$1::run@43
                      ; - java.net.URLClassLoader$1::run@1
                      ; - java.security.AccessController::executePrivileged@29
                      ; - java.security.AccessController::doPrivileged@13
                      ; - java.net.URLClassLoader::findClass@13
                      ; - java.lang.ClassLoader::loadClass@69
                      ; - java.lang.ClassLoader::loadClass@38
  0x000001febabaedec: 9055 96ff 

  0x000001febabaedf0: ;   {other}
  0x000001febabaedf0: 0f1f 8400 | e09a 00e8 | 498b d7c5 | f877 49ba | 60a3 9386 | f87f 0000 

  0x000001febabaee08: ;   {other}
  0x000001febabaee08: 41ff d20f | 1f84 0000 | 0000 00e9 | 01ac ffff | 498b d7c5 | f877 49ba | 60a3 9386 | f87f 0000 
  0x000001febabaee28: ;   {other}
  0x000001febabaee28: 41ff d20f | 1f84 0000 | 0000 00e9 | 26ad ffff | 498b d7c5 | f877 49ba | 60a3 9386 | f87f 0000 
  0x000001febabaee48: ;   {other}
  0x000001febabaee48: 41ff d20f | 1f84 0000 | 0000 00e9 | 4fad ffff | 498b d7c5 | f877 49ba | 60a3 9386 | f87f 0000 
  0x000001febabaee68: ;   {other}
  0x000001febabaee68: 41ff d20f | 1f84 0000 | 0000 00e9 | 66ae ffff | 498b d7c5 | f877 49ba | 60a3 9386 | f87f 0000 
  0x000001febabaee88: ;   {other}
  0x000001febabaee88: 41ff d20f | 1f84 0000 | 0000 00e9 | 8fae ffff | 498b d7c5 | f877 49ba | 60a3 9386 | f87f 0000 
  0x000001febabaeea8: ;   {other}
  0x000001febabaeea8: 41ff d20f | 1f84 0000 | 0000 00e9 | a6af ffff | 498b d7c5 | f877 49ba | 60a3 9386 | f87f 0000 
  0x000001febabaeec8: ;   {other}
  0x000001febabaeec8: 41ff d20f | 1f84 0000 | 0000 00e9 | cfaf ffff | 498b d7c5 | f877 49ba | 60a3 9386 | f87f 0000 
  0x000001febabaeee8: ;   {other}
  0x000001febabaeee8: 41ff d20f | 1f84 0000 | 0000 00e9 | 57b0 ffff | 498b d7c5 | f877 49ba | 60a3 9386 | f87f 0000 
  0x000001febabaef08: ;   {other}
  0x000001febabaef08: 41ff d20f | 1f84 0000 | 0000 00e9 | dfb0 ffff | 498b d7c5 | f877 49ba | 60a3 9386 | f87f 0000 
  0x000001febabaef28: ;   {other}
  0x000001febabaef28: 41ff d20f | 1f84 0000 | 0000 00e9 | 67b1 ffff | 498b d7c5 | f877 49ba | 60a3 9386 | f87f 0000 
  0x000001febabaef48: ;   {other}
  0x000001febabaef48: 41ff d20f | 1f84 0000 | 0000 00e9 | fbb1 ffff | 498b d7c5 | f877 49ba | 60a3 9386 | f87f 0000 
  0x000001febabaef68: ;   {other}
  0x000001febabaef68: 41ff d20f | 1f84 0000 | 0000 00e9 | 31b2 ffff | ba45 ffff | ff44 8b5c | 2430 4489 | 5c24 284c 
  0x000001febabaef88: 8b54 2440 | 4c89 5424 | 384c 8b54 | 2450 4c89 | 5424 404c | 8b54 2478 | 4c89 5424 | 504c 8b54 
  0x000001febabaefa8: 2468 4c89 | 5424 584c | 8b54 2470 | 4c89 5424 | 604c 8b94 | 24b0 0000 | 004c 8954 | 2470 4c8b 
  0x000001febabaefc8: 9424 8000 | 0000 4c89 | 5424 784c | 8b94 2498 | 0000 004c | 8994 2480 | 0000 004c | 8b94 24b8 
  0x000001febabaefe8: 0000 004c | 8994 2488 | 0000 004c | 8b94 24b0 | 0000 004c | 8994 2490 | 0000 004c | 8b94 24b8 
  0x000001febabaf008: 0000 004c | 8994 24b0 | 0000 004c | 8b94 24c0 | 0000 004c | 8994 24b8 | 0000 0048 | 8984 24d8 
  0x000001febabaf028: 0000 0090 

  0x000001febabaf02c: ;   {runtime_call UncommonTrapBlob}
  0x000001febabaf02c: c5f8 77e8 

  0x000001febabaf030: ; ImmutableOopMap {rbp=Oop [64]=Oop [80]=Oop [112]=Oop [120]=Oop [128]=Oop [136]=Oop [144]=Oop [176]=Oop [200]=NarrowOop [212]=NarrowOop [216]=Oop [232]=Oop }
                      ;*ifnull {reexecute=1 rethrow=0 return_oop=0}
                      ; - (reexecute) java.util.jar.JarFile::maybeInstantiateVerifier@27
                      ; - java.util.jar.JarFile::ensureInitialization@1
                      ; - java.util.jar.JavaUtilJarAccessImpl::ensureInitialization@1
                      ; - jdk.internal.loader.URLClassPath$JarLoader$2::getManifest@10
                      ; - java.net.URLClassLoader::defineClass@34
                      ; - java.net.URLClassLoader$1::run@43
                      ; - java.net.URLClassLoader$1::run@1
                      ; - java.security.AccessController::executePrivileged@29
                      ; - java.security.AccessController::doPrivileged@13
                      ; - java.net.URLClassLoader::findClass@13
                      ; - java.lang.ClassLoader::loadClass@69
                      ; - java.lang.ClassLoader::loadClass@38
  0x000001febabaf030: 4c53 96ff 

  0x000001febabaf034: ;   {other}
  0x000001febabaf034: 0f1f 8400 | 249d 00e9 | bade ffff | ff48 8b6c | 2448 448b | 5c24 3044 | 895c 2428 | 4c8b 5424 
  0x000001febabaf054: 404c 8954 | 2438 4c8b | 5424 504c | 8954 2440 | 4c8b 5424 | 784c 8954 | 2450 4c8b | 5424 684c 
  0x000001febabaf074: 8954 2458 | 4c8b 5424 | 704c 8954 | 2460 4c8b | 9424 b000 | 0000 4c89 | 5424 704c | 8b94 2480 
  0x000001febabaf094: 0000 004c | 8954 2478 | 448b 9424 | 8800 0000 | 4489 5424 | 2c4c 8b94 | 2498 0000 | 004c 8994 
  0x000001febabaf0b4: 2490 0000 | 004c 8b94 | 24a0 0000 | 004c 8994 | 2498 0000 | 0048 8984 | 24a0 0000 | 0066 6690 
  0x000001febabaf0d4: ;   {runtime_call UncommonTrapBlob}
  0x000001febabaf0d4: c5f8 77e8 

  0x000001febabaf0d8: ; ImmutableOopMap {rbp=Oop [44]=NarrowOop [64]=Oop [80]=Oop [112]=Oop [120]=Oop [144]=Oop [152]=Oop [160]=Oop [168]=Oop [184]=Oop [192]=Oop }
                      ;*checkcast {reexecute=0 rethrow=0 return_oop=0}
                      ; - java.util.jar.JarFile::getJarEntry@5
                      ; - jdk.internal.loader.URLClassPath$JarLoader::getResource@22
                      ; - jdk.internal.loader.URLClassPath::getResource@53
                      ; - java.net.URLClassLoader$1::run@26
                      ; - java.net.URLClassLoader$1::run@1
                      ; - java.security.AccessController::executePrivileged@29
                      ; - java.security.AccessController::doPrivileged@13
                      ; - java.net.URLClassLoader::findClass@13
                      ; - java.lang.ClassLoader::loadClass@69
                      ; - java.lang.ClassLoader::loadClass@38
  0x000001febabaf0d8: a452 96ff 

  0x000001febabaf0dc: ;   {other}
  0x000001febabaf0dc: 0f1f 8400 | cc9d 00ea | bade ffff | ff4c 8b54 | 2448 4c89 | 5424 204c | 8b94 24b0 | 0000 004c 
  0x000001febabaf0fc: 8954 2428 | 4c8b 5424 | 504c 8954 | 2448 4c8b | 5424 784c | 8954 2470 | 4c8b 9424 | a800 0000 
  0x000001febabaf11c: 4c89 9424 | 9800 0000 

  0x000001febabaf124: ;   {runtime_call UncommonTrapBlob}
  0x000001febabaf124: c5f8 77e8 

  0x000001febabaf128: ; ImmutableOopMap {rbp=NarrowOop [32]=Oop [40]=Oop [72]=Oop [112]=Oop [152]=Oop [160]=Oop [168]=Oop [184]=Oop }
                      ;*checkcast {reexecute=0 rethrow=0 return_oop=0}
                      ; - jdk.internal.loader.BuiltinClassLoader::findLoadedModule@29
                      ; - jdk.internal.loader.BuiltinClassLoader::loadClassOrNull@22
                      ; - jdk.internal.loader.BuiltinClassLoader::loadClass@3
                      ; - java.lang.ClassLoader::loadClass@38
                      ; - java.lang.ClassLoader::loadClass@38
  0x000001febabaf128: 5452 96ff 

  0x000001febabaf12c: ;   {other}
  0x000001febabaf12c: 0f1f 8400 | 1c9e 00eb | bade ffff | ff4c 8b54 | 2448 4c89 | 5424 204c | 8b94 24b0 | 0000 004c 
  0x000001febabaf14c: 8954 2428 | 4c8b 5424 | 504c 8954 | 2448 6690 

  0x000001febabaf15c: ;   {runtime_call UncommonTrapBlob}
  0x000001febabaf15c: c5f8 77e8 

  0x000001febabaf160: ; ImmutableOopMap {rbp=NarrowOop [32]=Oop [40]=Oop [72]=Oop [104]=Oop [120]=Oop }
                      ;*checkcast {reexecute=0 rethrow=0 return_oop=0}
                      ; - jdk.internal.loader.BuiltinClassLoader::findLoadedModule@29
                      ; - jdk.internal.loader.BuiltinClassLoader::loadClassOrNull@22
                      ; - jdk.internal.loader.BuiltinClassLoader::loadClass@3
                      ; - java.lang.ClassLoader::loadClass@38
  0x000001febabaf160: 1c52 96ff 

  0x000001febabaf164: ;   {other}
  0x000001febabaf164: 0f1f 8400 | 549e 00ec | bade ffff | ff4c 8b54 | 2448 4c89 | 5424 204c | 8b94 24b0 | 0000 004c 
  0x000001febabaf184: 8954 2428 | 4c8b 5424 | 504c 8954 | 2448 4c8b | 5424 784c | 8954 2470 | 4c8b 9424 | a000 0000 
  0x000001febabaf1a4: 4c89 9424 | 8800 0000 | 4c8b 9424 | a800 0000 | 4c89 9424 | 9800 0000 | 4489 7424 | 3444 898c 
  0x000001febabaf1c4: 24a8 0000 | 004c 8984 | 24b0 0000 | 0066 6690 

  0x000001febabaf1d4: ;   {runtime_call UncommonTrapBlob}
  0x000001febabaf1d4: c5f8 77e8 

  0x000001febabaf1d8: ; ImmutableOopMap {rbp=NarrowOop [32]=Oop [40]=Oop [52]=NarrowOop [72]=Oop [112]=Oop [136]=Oop [152]=Oop [176]=Oop [184]=Oop }
                      ;*instanceof {reexecute=0 rethrow=0 return_oop=0}
                      ; - java.lang.String::equals@8
                      ; - java.util.concurrent.ConcurrentHashMap::get@73
                      ; - jdk.internal.loader.BuiltinClassLoader::findLoadedModule@24
                      ; - jdk.internal.loader.BuiltinClassLoader::loadClassOrNull@22
                      ; - jdk.internal.loader.BuiltinClassLoader::loadClass@3
                      ; - java.lang.ClassLoader::loadClass@38
                      ; - java.lang.ClassLoader::loadClass@38
  0x000001febabaf1d8: a451 96ff 

  0x000001febabaf1dc: ;   {other}
  0x000001febabaf1dc: 0f1f 8400 | cc9e 00ed | bade ffff | ff4c 8b44 | 2448 4c89 | 4424 204c | 8b84 24b0 | 0000 004c 
  0x000001febabaf1fc: 8944 2428 | 4c8b 4424 | 504c 8944 | 2448 4c8b | 4424 784c | 8944 2458 | 4c89 8c24 | 8000 0000 
  0x000001febabaf21c: 4489 5c24 | 3444 8994 | 2488 0000 | 0066 6690 

  0x000001febabaf22c: ;   {runtime_call UncommonTrapBlob}
  0x000001febabaf22c: c5f8 77e8 

  0x000001febabaf230: ; ImmutableOopMap {rbp=NarrowOop [32]=Oop [40]=Oop [52]=NarrowOop [72]=Oop [88]=Oop [104]=Oop [128]=Oop }
                      ;*instanceof {reexecute=0 rethrow=0 return_oop=0}
                      ; - java.lang.String::equals@8
                      ; - java.util.concurrent.ConcurrentHashMap::get@73
                      ; - jdk.internal.loader.BuiltinClassLoader::findLoadedModule@24
                      ; - jdk.internal.loader.BuiltinClassLoader::loadClassOrNull@22
                      ; - jdk.internal.loader.BuiltinClassLoader::loadClass@3
                      ; - java.lang.ClassLoader::loadClass@38
  0x000001febabaf230: 4c51 96ff 

  0x000001febabaf234: ;   {other}
  0x000001febabaf234: 0f1f 8400 | 249f 00ee | bade ffff | ff4c 8b54 | 2448 4c89 | 5424 204c | 8b54 2450 | 4c89 5424 
  0x000001febabaf254: 484c 8b54 | 2478 4c89 | 5424 584c | 8b54 2468 | 4c89 5424 | 604c 8b54 | 2470 4c89 | 5424 684c 
  0x000001febabaf274: 8b94 24b0 | 0000 004c | 8954 2478 | 4c8b 9424 | e000 0000 | 4c89 9424 | 8800 0000 | 4c8b 9424 
  0x000001febabaf294: b800 0000 | 4c89 9424 | 9000 0000 | 4c8b 9424 | b000 0000 | 4c89 9424 | 9800 0000 | 4c8b 9424 
  0x000001febabaf2b4: b800 0000 | 4c89 9424 | b000 0000 | 4c8b 9424 | c000 0000 | 4c89 9424 | b800 0000 | 4c89 9c24 
  0x000001febabaf2d4: c800 0000 

  0x000001febabaf2d8: ;   {runtime_call UncommonTrapBlob}
  0x000001febabaf2d8: c5f8 77e8 

  0x000001febabaf2dc: ; ImmutableOopMap {rbp=NarrowOop [32]=Oop [72]=Oop [88]=Oop [120]=Oop [128]=Oop [136]=Oop [144]=Oop [152]=Oop [176]=Oop [200]=Oop [212]=NarrowOop [232]=Oop }
                      ;*checkcast {reexecute=0 rethrow=0 return_oop=0}
                      ; - java.util.jar.JarFile::getManifestFromReference@14
                      ; - java.util.jar.JarFile::getManifest@1
                      ; - jdk.internal.loader.URLClassPath$JarLoader$2::getManifest@22
                      ; - java.net.URLClassLoader::defineClass@34
                      ; - java.net.URLClassLoader$1::run@43
                      ; - java.net.URLClassLoader$1::run@1
                      ; - java.security.AccessController::executePrivileged@29
                      ; - java.security.AccessController::doPrivileged@13
                      ; - java.net.URLClassLoader::findClass@13
                      ; - java.lang.ClassLoader::loadClass@69
                      ; - java.lang.ClassLoader::loadClass@38
  0x000001febabaf2dc: a050 96ff 

  0x000001febabaf2e0: ;   {other}
  0x000001febabaf2e0: 0f1f 8400 | d09f 00ef | 488b e8e9 | 8494 ffff | 488b e8e9 | 7c94 ffff | 488b e8e9 | 7494 ffff 
  0x000001febabaf300: 488b e8e9 | 6c94 ffff | 488b e8e9 | 9c93 ffff | 488b e8e9 | 9493 ffff | 488b e8e9 | 8c93 ffff 
  0x000001febabaf320: 488b e8e9 | 8493 ffff | baf6 ffff | ff48 8b6c | 2448 448b | 5424 3044 | 8954 2428 

  0x000001febabaf33c: ;   {runtime_call UncommonTrapBlob}
  0x000001febabaf33c: c5f8 77e8 

  0x000001febabaf340: ; ImmutableOopMap {rbp=Oop [80]=Oop [176]=Oop }
                      ;*arraylength {reexecute=0 rethrow=0 return_oop=0}
                      ; - java.lang.String::isEmpty@4
                      ; - java.lang.ClassLoader::checkName@5
                      ; - java.lang.ClassLoader::findLoadedClass@1
                      ; - java.lang.ClassLoader::loadClass@10
  0x000001febabaf340: 3c50 96ff 

  0x000001febabaf344: ;   {other}
  0x000001febabaf344: 0f1f 8400 | 34a0 00f0 | baf6 ffff | ff48 8b6c | 2448 448b | 5424 3044 | 8954 2428 | 4c8b 5424 
  0x000001febabaf364: 404c 8954 | 2438 4c8b | 5424 504c | 8954 2440 | 4c89 4c24 | 504c 8944 | 2460 6690 

  0x000001febabaf380: ;   {runtime_call UncommonTrapBlob}
  0x000001febabaf380: c5f8 77e8 

  0x000001febabaf384: ; ImmutableOopMap {rbp=Oop [64]=Oop [80]=Oop [96]=Oop [176]=Oop [184]=Oop }
                      ;*arraylength {reexecute=0 rethrow=0 return_oop=0}
                      ; - java.lang.String::isEmpty@4
                      ; - java.lang.ClassLoader::checkName@5
                      ; - java.lang.ClassLoader::findLoadedClass@1
                      ; - java.lang.ClassLoader::loadClass@10
                      ; - java.lang.ClassLoader::loadClass@38
  0x000001febabaf384: f84f 96ff 

  0x000001febabaf388: ;   {other}
  0x000001febabaf388: 0f1f 8400 | 78a0 00f1 | ba45 ffff | ff48 8b6c | 2448 4c8b | 9424 b000 | 0000 4c89 | 5424 2044 
  0x000001febabaf3a8: 8b54 2430 | 4489 5424 | 284c 8b54 | 2450 4c89 | 5424 3890 

  0x000001febabaf3bc: ;   {runtime_call UncommonTrapBlob}
  0x000001febabaf3bc: c5f8 77e8 

  0x000001febabaf3c0: ; ImmutableOopMap {rbp=Oop [32]=Oop [56]=Oop }
                      ;*ifnull {reexecute=1 rethrow=0 return_oop=0}
                      ; - (reexecute) java.lang.ClassLoader::checkName@1
                      ; - java.lang.ClassLoader::findLoadedClass@1
                      ; - java.lang.ClassLoader::loadClass@10
  0x000001febabaf3c0: bc4f 96ff 

  0x000001febabaf3c4: ;   {other}
  0x000001febabaf3c4: 0f1f 8400 | b4a0 00f2 | baf6 ffff | ff48 8b6c | 2448 448b | 4c24 3044 | 894c 2428 | 4c8b 4424 
  0x000001febabaf3e4: 404c 8944 | 2438 4c8b | 4424 504c | 8944 2440 | 4c89 5c24 | 484c 895c | 2458 4c89 | 5424 6890 
  0x000001febabaf404: ;   {runtime_call UncommonTrapBlob}
  0x000001febabaf404: c5f8 77e8 

  0x000001febabaf408: ; ImmutableOopMap {rbp=Oop [64]=Oop [72]=Oop [88]=Oop [104]=Oop [120]=Oop }
                      ;*arraylength {reexecute=0 rethrow=0 return_oop=0}
                      ; - java.lang.String::isEmpty@4
                      ; - java.lang.ClassLoader::checkName@5
                      ; - java.lang.ClassLoader::findLoadedClass@1
                      ; - jdk.internal.loader.BuiltinClassLoader::loadClassOrNull@10
                      ; - jdk.internal.loader.BuiltinClassLoader::loadClass@3
                      ; - java.lang.ClassLoader::loadClass@38
  0x000001febabaf408: 744f 96ff 

  0x000001febabaf40c: ;   {other}
  0x000001febabaf40c: 0f1f 8400 | fca0 00f3 | ba45 ffff | ff49 8bea | 448b 5c24 | 3044 895c | 2428 4889 | 4424 3844 
  0x000001febabaf42c: 8944 242c 

  0x000001febabaf430: ;   {runtime_call UncommonTrapBlob}
  0x000001febabaf430: c5f8 77e8 

  0x000001febabaf434: ; ImmutableOopMap {rbp=Oop [44]=NarrowOop [80]=Oop [176]=Oop }
                      ;*ifnull {reexecute=1 rethrow=0 return_oop=0}
                      ; - (reexecute) java.lang.ClassLoader::loadClass@29
  0x000001febabaf434: 484f 96ff 

  0x000001febabaf438: ;   {other}
  0x000001febabaf438: 0f1f 8400 | 28a1 00f4 | baf6 ffff | ff48 8b6c | 2448 448b | 5c24 3044 | 895c 2428 | 4c8b 5424 
  0x000001febabaf458: 404c 8954 | 2438 4c8b | 5424 504c | 8954 2440 

  0x000001febabaf468: ;   {runtime_call UncommonTrapBlob}
  0x000001febabaf468: c5f8 77e8 

  0x000001febabaf46c: ; ImmutableOopMap {rbp=Oop [32]=Oop [64]=Oop [104]=Oop [120]=Oop }
                      ;*arraylength {reexecute=0 rethrow=0 return_oop=0}
                      ; - java.lang.String::length@4
                      ; - java.lang.String::lastIndexOf@3
                      ; - jdk.internal.loader.BuiltinClassLoader::findLoadedModule@3
                      ; - jdk.internal.loader.BuiltinClassLoader::loadClassOrNull@22
                      ; - jdk.internal.loader.BuiltinClassLoader::loadClass@3
                      ; - java.lang.ClassLoader::loadClass@38
  0x000001febabaf46c: 104f 96ff 

  0x000001febabaf470: ;   {other}
  0x000001febabaf470: 0f1f 8400 | 60a1 00f5 | baf6 ffff | ff48 8b6c | 2448 448b | 5424 3044 | 8954 2428 | 4c8b 5424 
  0x000001febabaf490: 404c 8954 | 2438 4c8b | 5424 504c | 8954 2440 | 4c8b 5424 | 784c 8954 | 2450 4c8b | 5424 684c 
  0x000001febabaf4b0: 8954 2458 | 4c8b 5424 | 704c 8954 | 2460 4c89 | 4c24 704c | 895c 2478 | 4c89 8c24 | 8000 0000 
  0x000001febabaf4d0: ;   {runtime_call UncommonTrapBlob}
  0x000001febabaf4d0: c5f8 77e8 

  0x000001febabaf4d4: ; ImmutableOopMap {rbp=Oop [64]=Oop [80]=Oop [112]=Oop [120]=Oop [128]=Oop [184]=Oop }
                      ;*arraylength {reexecute=0 rethrow=0 return_oop=0}
                      ; - java.lang.StringLatin1::replace@8
                      ; - java.lang.String::replace@18
                      ; - java.net.URLClassLoader$1::run@8
                      ; - java.net.URLClassLoader$1::run@1
                      ; - java.security.AccessController::executePrivileged@29
                      ; - java.security.AccessController::doPrivileged@13
                      ; - java.net.URLClassLoader::findClass@13
                      ; - java.lang.ClassLoader::loadClass@69
                      ; - java.lang.ClassLoader::loadClass@38
  0x000001febabaf4d4: a84e 96ff 

  0x000001febabaf4d8: ;   {other}
  0x000001febabaf4d8: 0f1f 8400 | c8a1 00f6 | eb00 488b | e8e9 8a92 | ffff baf6 | ffff ff48 | 8b6c 2448 | 4c8b 9424 
  0x000001febabaf4f8: b000 0000 | 4c89 5424 | 2044 8b54 | 2430 4489 | 5424 284c | 8b54 2440 | 4c89 5424 | 384c 8b54 
  0x000001febabaf518: 2450 4c89 | 5424 4090 

  0x000001febabaf520: ;   {runtime_call UncommonTrapBlob}
  0x000001febabaf520: c5f8 77e8 

  0x000001febabaf524: ; ImmutableOopMap {rbp=Oop [32]=Oop [64]=Oop [104]=Oop [120]=Oop }
                      ;*invokevirtual loadClassOrNull {reexecute=0 rethrow=0 return_oop=0}
                      ; - jdk.internal.loader.BuiltinClassLoader::loadClassOrNull@66
                      ; - jdk.internal.loader.BuiltinClassLoader::loadClass@3
                      ; - java.lang.ClassLoader::loadClass@38
  0x000001febabaf524: 584e 96ff 

  0x000001febabaf528: ;   {other}
  0x000001febabaf528: 0f1f 8400 | 18a2 00f7 | baf6 ffff | ff48 8b6c | 2448 448b | 5c24 3044 | 895c 2428 | 4c8b 5424 
  0x000001febabaf548: 404c 8954 | 2438 4c8b | 5424 504c | 8954 2440 | 4889 7424 | 484c 8b54 | 2468 4c89 | 5424 6090 
  0x000001febabaf568: ;   {runtime_call UncommonTrapBlob}
  0x000001febabaf568: c5f8 77e8 

  0x000001febabaf56c: ; ImmutableOopMap {rbp=Oop [64]=Oop [72]=Oop [96]=Oop [104]=Oop [120]=Oop [176]=Oop }
                      ;*arraylength {reexecute=0 rethrow=0 return_oop=0}
                      ; - java.lang.String::isEmpty@4
                      ; - java.lang.ClassLoader::checkName@5
                      ; - java.lang.ClassLoader::findBootstrapClassOrNull@1
                      ; - java.lang.System$2::findBootstrapClassOrNull@1
                      ; - jdk.internal.loader.ClassLoaders$BootClassLoader::loadClassOrNull@4
                      ; - jdk.internal.loader.BuiltinClassLoader::loadClassOrNull@3
                      ; - jdk.internal.loader.BuiltinClassLoader::loadClassOrNull@66
                      ; - jdk.internal.loader.BuiltinClassLoader::loadClass@3
                      ; - java.lang.ClassLoader::loadClass@38
  0x000001febabaf56c: 104e 96ff 

  0x000001febabaf570: ;   {other}
  0x000001febabaf570: 0f1f 8400 | 60a2 00f8 | baf6 ffff | ff48 8b6c | 2448 448b | 5c24 3044 | 895c 2428 | 4c8b 5424 
  0x000001febabaf590: 404c 8954 | 2438 4c8b | 5424 504c | 8954 2440 | 4c89 4c24 | 504c 8b54 | 2478 4c89 | 5424 584c 
  0x000001febabaf5b0: 8b54 2468 | 4c89 5424 | 604c 894c | 2470 4c89 | 8424 9000 | 0000 6690 

  0x000001febabaf5c8: ;   {runtime_call UncommonTrapBlob}
  0x000001febabaf5c8: c5f8 77e8 

  0x000001febabaf5cc: ; ImmutableOopMap {rbp=Oop [64]=Oop [80]=Oop [88]=Oop [112]=Oop [144]=Oop [160]=Oop [184]=Oop }
                      ;*arraylength {reexecute=0 rethrow=0 return_oop=0}
                      ; - java.lang.String::isEmpty@4
                      ; - java.lang.ClassLoader::checkName@5
                      ; - java.lang.ClassLoader::findLoadedClass@1
                      ; - jdk.internal.loader.BuiltinClassLoader::loadClassOrNull@10
                      ; - jdk.internal.loader.BuiltinClassLoader::loadClass@3
                      ; - java.lang.ClassLoader::loadClass@38
                      ; - java.lang.ClassLoader::loadClass@38
  0x000001febabaf5cc: b04d 96ff 

  0x000001febabaf5d0: ;   {other}
  0x000001febabaf5d0: 0f1f 8400 | c0a2 00f9 | ba45 ffff | ff48 8b6c | 2448 448b | 4424 3044 | 8944 2428 | 4c8b 5424 
  0x000001febabaf5f0: 404c 8954 | 2438 4c8b | 5424 504c | 8954 2440 | 4c8b 5424 | 784c 8954 | 2458 4889 | 4424 6044 
  0x000001febabaf610: 895c 242c 

  0x000001febabaf614: ;   {runtime_call UncommonTrapBlob}
  0x000001febabaf614: c5f8 77e8 

  0x000001febabaf618: ; ImmutableOopMap {rbp=Oop [32]=Oop [44]=NarrowOop [64]=Oop [88]=Oop [184]=Oop }
                      ;*ifnull {reexecute=1 rethrow=0 return_oop=0}
                      ; - (reexecute) java.lang.ClassLoader::loadClass@29
                      ; - java.lang.ClassLoader::loadClass@38
  0x000001febabaf618: 644d 96ff 

  0x000001febabaf61c: ;   {other}
  0x000001febabaf61c: 0f1f 8400 | 0ca3 00fa | baf6 ffff | ff48 8b6c | 2448 448b | 5c24 3044 | 895c 2428 | 4c8b 5c24 
  0x000001febabaf63c: 404c 895c | 2438 4c8b | 5c24 504c | 895c 2440 | 4c8b 5c24 | 784c 895c | 2458 4c8b | 5c24 684c 
  0x000001febabaf65c: 895c 2460 | 4c8b 9424 | a800 0000 | 4c89 9424 | 9000 0000 

  0x000001febabaf670: ;   {runtime_call UncommonTrapBlob}
  0x000001febabaf670: c5f8 77e8 

  0x000001febabaf674: ; ImmutableOopMap {rbp=Oop [32]=Oop [64]=Oop [88]=Oop [144]=Oop [160]=Oop [168]=Oop [184]=Oop }
                      ;*arraylength {reexecute=0 rethrow=0 return_oop=0}
                      ; - java.lang.String::length@4
                      ; - java.lang.String::lastIndexOf@3
                      ; - jdk.internal.loader.BuiltinClassLoader::findLoadedModule@3
                      ; - jdk.internal.loader.BuiltinClassLoader::loadClassOrNull@22
                      ; - jdk.internal.loader.BuiltinClassLoader::loadClass@3
                      ; - java.lang.ClassLoader::loadClass@38
                      ; - java.lang.ClassLoader::loadClass@38
  0x000001febabaf674: 084d 96ff 

  0x000001febabaf678: ;   {other}
  0x000001febabaf678: 0f1f 8400 | 68a3 00fb | baf6 ffff | ff48 8b6c | 2448 448b | 5424 3044 | 8954 2428 | 4c8b 5424 
  0x000001febabaf698: 404c 8954 | 2438 4c8b | 5424 504c | 8954 2440 | 4c8b 5424 | 784c 8954 | 2450 4c8b | 5424 684c 
  0x000001febabaf6b8: 8954 2458 | 4c8b 5424 | 704c 8954 | 2460 4c8b | 9424 8000 | 0000 4c89 | 5424 784c | 8b94 24e0 
  0x000001febabaf6d8: 0000 004c | 8994 2480 | 0000 0090 

  0x000001febabaf6e4: ;   {runtime_call UncommonTrapBlob}
  0x000001febabaf6e4: c5f8 77e8 

  0x000001febabaf6e8: ; ImmutableOopMap {rbp=Oop [64]=Oop [80]=Oop [120]=Oop [128]=Oop [176]=Oop [184]=Oop [240]=NarrowOop [244]=NarrowOop }
                      ;*arraylength {reexecute=0 rethrow=0 return_oop=0}
                      ; - java.lang.String::length@4
                      ; - java.lang.String::lastIndexOf@3
                      ; - java.net.URLClassLoader::defineClass@7
                      ; - java.net.URLClassLoader$1::run@43
                      ; - java.net.URLClassLoader$1::run@1
                      ; - java.security.AccessController::executePrivileged@29
                      ; - java.security.AccessController::doPrivileged@13
                      ; - java.net.URLClassLoader::findClass@13
                      ; - java.lang.ClassLoader::loadClass@69
                      ; - java.lang.ClassLoader::loadClass@38
  0x000001febabaf6e8: 944c 96ff 

  0x000001febabaf6ec: ;   {other}
  0x000001febabaf6ec: 0f1f 8400 | dca3 00fc | baf6 ffff | ff48 8b6c | 2448 448b | 5c24 3044 | 895c 2428 | 4c8b 5424 
  0x000001febabaf70c: 404c 8954 | 2438 4c8b | 5424 504c | 8954 2440 | 4c8b 5424 | 784c 8954 | 2450 4c8b | 5424 684c 
  0x000001febabaf72c: 8954 2458 | 4c8b 5424 | 704c 8954 | 2460 4c8b | 9424 8000 | 0000 4c89 | 5424 784c | 8b94 24e0 
  0x000001febabaf74c: 0000 004c | 8994 2480 | 0000 0044 | 8b94 24a8 | 0000 0044 | 8954 242c 

  0x000001febabaf764: ;   {runtime_call UncommonTrapBlob}
  0x000001febabaf764: c5f8 77e8 

  0x000001febabaf768: ; ImmutableOopMap {rbp=Oop [64]=Oop [80]=Oop [120]=Oop [128]=Oop [176]=Oop [184]=Oop [240]=NarrowOop [244]=NarrowOop }
                      ;*getfield csu {reexecute=1 rethrow=0 return_oop=0}
                      ; - (reexecute) jdk.internal.loader.URLClassPath$JarLoader$2::getCodeSourceURL@4
                      ; - java.net.URLClassLoader::defineClass@13
                      ; - java.net.URLClassLoader$1::run@43
                      ; - java.net.URLClassLoader$1::run@1
                      ; - java.security.AccessController::executePrivileged@29
                      ; - java.security.AccessController::doPrivileged@13
                      ; - java.net.URLClassLoader::findClass@13
                      ; - java.lang.ClassLoader::loadClass@69
                      ; - java.lang.ClassLoader::loadClass@38
  0x000001febabaf768: 144c 96ff 

  0x000001febabaf76c: ;   {other}
  0x000001febabaf76c: 0f1f 8400 | 5ca4 00fd | baf6 ffff | ff48 8b6c | 2448 448b | 5424 3044 | 8954 2428 | 4c8b 5424 
  0x000001febabaf78c: 404c 8954 | 2438 4c8b | 5424 504c | 8954 2440 | 4c8b 5424 | 784c 8954 | 2450 4c8b | 5424 684c 
  0x000001febabaf7ac: 8954 2458 | 4c8b 5424 | 704c 8954 | 2460 4c8b | 9424 b000 | 0000 4c89 | 5424 704c | 8b94 2480 
  0x000001febabaf7cc: 0000 004c | 8954 2478 | 4c8b 9424 | e000 0000 | 4c89 9424 | 8000 0000 | 4c8b 9424 | b000 0000 
  0x000001febabaf7ec: 4c89 9424 | 9000 0000 

  0x000001febabaf7f4: ;   {runtime_call UncommonTrapBlob}
  0x000001febabaf7f4: c5f8 77e8 

  0x000001febabaf7f8: ; ImmutableOopMap {rbp=Oop [64]=Oop [80]=Oop [112]=Oop [120]=Oop [128]=Oop [144]=Oop [184]=Oop [212]=NarrowOop [232]=Oop [240]=NarrowOop [244]=NarrowOop }
                      ;*getfield jar {reexecute=1 rethrow=0 return_oop=0}
                      ; - (reexecute) jdk.internal.loader.URLClassPath$JarLoader$2::getManifest@7
                      ; - java.net.URLClassLoader::defineClass@34
                      ; - java.net.URLClassLoader$1::run@43
                      ; - java.net.URLClassLoader$1::run@1
                      ; - java.security.AccessController::executePrivileged@29
                      ; - java.security.AccessController::doPrivileged@13
                      ; - java.net.URLClassLoader::findClass@13
                      ; - java.lang.ClassLoader::loadClass@69
                      ; - java.lang.ClassLoader::loadClass@38
  0x000001febabaf7f8: 844b 96ff 

  0x000001febabaf7fc: ;   {other}
  0x000001febabaf7fc: 0f1f 8400 | eca4 00fe | baf6 ffff | ff48 8b6c | 2448 448b | 5424 3044 | 8954 2428 | 4c8b 5424 
  0x000001febabaf81c: 404c 8954 | 2438 4c8b | 5424 504c | 8954 2440 | 4c8b 5424 | 784c 8954 | 2450 4c8b | 5424 684c 
  0x000001febabaf83c: 8954 2458 | 4c8b 5424 | 704c 8954 | 2460 4c8b | 9424 b000 | 0000 4c89 | 5424 704c | 8b94 2480 
  0x000001febabaf85c: 0000 004c | 8954 2478 | 4c8b 9424 | b800 0000 | 4c89 9424 | 8800 0000 | 4c8b 9424 | b000 0000 
  0x000001febabaf87c: 4c89 9424 | 9000 0000 | 4c89 9c24 | 9800 0000 | 4c8b 9424 | b800 0000 | 4c89 9424 | a800 0000 
  0x000001febabaf89c: ;   {runtime_call UncommonTrapBlob}
  0x000001febabaf89c: c5f8 77e8 

  0x000001febabaf8a0: ; ImmutableOopMap {rbp=Oop [64]=Oop [80]=Oop [112]=Oop [120]=Oop [136]=Oop [144]=Oop [152]=Oop [168]=Oop [212]=NarrowOop [224]=Oop [232]=Oop }
                      ;*getfield jar {reexecute=1 rethrow=0 return_oop=0}
                      ; - (reexecute) jdk.internal.loader.URLClassPath$JarLoader$2::getManifest@19
                      ; - java.net.URLClassLoader::defineClass@34
                      ; - java.net.URLClassLoader$1::run@43
                      ; - java.net.URLClassLoader$1::run@1
                      ; - java.security.AccessController::executePrivileged@29
                      ; - java.security.AccessController::doPrivileged@13
                      ; - java.net.URLClassLoader::findClass@13
                      ; - java.lang.ClassLoader::loadClass@69
                      ; - java.lang.ClassLoader::loadClass@38
  0x000001febabaf8a0: dc4a 96ff 

  0x000001febabaf8a4: ;   {other}
  0x000001febabaf8a4: 0f1f 8400 | 94a5 00ff | baf6 ffff | ff48 8b6c | 2448 448b | 5c24 3044 | 895c 2428 | 4c8b 5424 
  0x000001febabaf8c4: 404c 8954 | 2438 4c8b | 5424 504c | 8954 2440 | 4c8b 5424 | 784c 8954 | 2450 4c8b | 5424 684c 
  0x000001febabaf8e4: 8954 2458 | 4c8b 5424 | 704c 8954 | 2460 4c8b | 9424 b000 | 0000 4c89 | 5424 704c | 8b94 2480 
  0x000001febabaf904: 0000 004c | 8954 2478 | 4c8b 9424 | e000 0000 | 4c89 9424 | 8000 0000 | 4c8b 9424 | b800 0000 
  0x000001febabaf924: 4c89 9424 | 8800 0000 | 4c8b 9424 | b000 0000 | 4c89 9424 | 9000 0000 | 4c8b 9424 | b800 0000 
  0x000001febabaf944: 4c89 9424 | a800 0000 

  0x000001febabaf94c: ;   {runtime_call UncommonTrapBlob}
  0x000001febabaf94c: c5f8 77e8 

  0x000001febabaf950: ; ImmutableOopMap {rbp=Oop [64]=Oop [80]=Oop [112]=Oop [120]=Oop [128]=Oop [136]=Oop [144]=Oop [168]=Oop [212]=NarrowOop [232]=Oop }
                      ;*invokevirtual getManifest {reexecute=0 rethrow=0 return_oop=0}
                      ; - jdk.internal.loader.URLClassPath$JarLoader$2::getManifest@22
                      ; - java.net.URLClassLoader::defineClass@34
                      ; - java.net.URLClassLoader$1::run@43
                      ; - java.net.URLClassLoader$1::run@1
                      ; - java.security.AccessController::executePrivileged@29
                      ; - java.security.AccessController::doPrivileged@13
                      ; - java.net.URLClassLoader::findClass@13
                      ; - java.lang.ClassLoader::loadClass@69
                      ; - java.lang.ClassLoader::loadClass@38
  0x000001febabaf950: 2c4a 96ff 

  0x000001febabaf954: ;   {other}
  0x000001febabaf954: 0f1f 8400 | 0000 0000 | baf6 ffff | ff48 8b6c | 2448 448b | 5c24 3044 | 895c 2428 | 4c8b 5424 
  0x000001febabaf974: 404c 8954 | 2438 4c8b | 5424 504c | 8954 2440 | 4c8b 5424 | 784c 8954 | 2450 4c8b | 5424 684c 
  0x000001febabaf994: 8954 2458 | 4c8b 5424 | 704c 8954 | 2460 4c8b | 9424 8000 | 0000 4c89 | 5424 7890 

  0x000001febabaf9b0: ;   {runtime_call UncommonTrapBlob}
  0x000001febabaf9b0: c5f8 77e8 

  0x000001febabaf9b4: ; ImmutableOopMap {rbp=Oop [64]=Oop [80]=Oop [120]=Oop [176]=Oop [184]=Oop [200]=Oop [224]=Oop }
                      ;*arraylength {reexecute=0 rethrow=0 return_oop=0}
                      ; - java.net.URLClassLoader::defineClass@217
                      ; - java.net.URLClassLoader$1::run@43
                      ; - java.net.URLClassLoader$1::run@1
                      ; - java.security.AccessController::executePrivileged@29
                      ; - java.security.AccessController::doPrivileged@13
                      ; - java.net.URLClassLoader::findClass@13
                      ; - java.lang.ClassLoader::loadClass@69
                      ; - java.lang.ClassLoader::loadClass@38
  0x000001febabaf9b4: c849 96ff 

  0x000001febabaf9b8: ;   {other}
  0x000001febabaf9b8: 0f1f 8400 | 0000 0000 | baf4 ffff | ff48 8b6c | 2448 448b | 4424 3044 | 8944 2428 | 4c8b 5424 
  0x000001febabaf9d8: 404c 8954 | 2438 4c8b | 5424 504c | 8954 2440 | 4c8b 5424 | 784c 8954 | 2450 4c8b | 5424 684c 
  0x000001febabaf9f8: 8954 2458 | 4c8b 5424 | 704c 8954 | 2460 4c8b | 9424 b000 | 0000 4c89 | 5424 704c | 8b94 2480 
  0x000001febabafa18: 0000 004c | 8954 2478 | 4c8b 9424 | e000 0000 | 4c89 9424 | 8000 0000 | 4c8b 9424 | b800 0000 
  0x000001febabafa38: 4c89 9424 | 8800 0000 | 4c8b 9424 | b000 0000 | 4c89 9424 | 9000 0000 | 4c8b 9424 | b800 0000 
  0x000001febabafa58: 4c89 9424 | a800 0000 | 4c8b 9424 | c000 0000 | 4c89 9424 | b000 0000 | 4c89 9c24 | c000 0000 
  0x000001febabafa78: ;   {runtime_call UncommonTrapBlob}
  0x000001febabafa78: c5f8 77e8 

  0x000001febabafa7c: ; ImmutableOopMap {rbp=Oop [64]=Oop [80]=Oop [112]=Oop [120]=Oop [128]=Oop [136]=Oop [144]=Oop [168]=Oop [192]=Oop [212]=NarrowOop [232]=Oop }
                      ;*checkcast {reexecute=0 rethrow=0 return_oop=0}
                      ; - java.util.jar.JarFile::getManifestFromReference@14
                      ; - java.util.jar.JarFile::getManifest@1
                      ; - jdk.internal.loader.URLClassPath$JarLoader$2::getManifest@22
                      ; - java.net.URLClassLoader::defineClass@34
                      ; - java.net.URLClassLoader$1::run@43
                      ; - java.net.URLClassLoader$1::run@1
                      ; - java.security.AccessController::executePrivileged@29
                      ; - java.security.AccessController::doPrivileged@13
                      ; - java.net.URLClassLoader::findClass@13
                      ; - java.lang.ClassLoader::loadClass@69
                      ; - java.lang.ClassLoader::loadClass@38
  0x000001febabafa7c: 0049 96ff 

  0x000001febabafa80: ;   {other}
  0x000001febabafa80: 0f1f 8400 | 0000 0000 | baf6 ffff | ff48 8b6c | 2448 448b | 5424 3044 | 8954 2428 | 4c8b 5424 
  0x000001febabafaa0: 404c 8954 | 2438 4c8b | 5424 504c | 8954 2440 | 4c89 4424 | 484c 8944 | 2458 6690 

  0x000001febabafabc: ;   {runtime_call UncommonTrapBlob}
  0x000001febabafabc: c5f8 77e8 

  0x000001febabafac0: ; ImmutableOopMap {rbp=Oop [64]=Oop [72]=Oop [88]=Oop [104]=Oop [120]=Oop }
                      ;*arraylength {reexecute=0 rethrow=0 return_oop=0}
                      ; - java.lang.String::isEmpty@4
                      ; - java.lang.ClassLoader::checkName@5
                      ; - java.lang.ClassLoader::findBootstrapClassOrNull@1
                      ; - java.lang.System$2::findBootstrapClassOrNull@1
                      ; - jdk.internal.loader.ClassLoaders$BootClassLoader::loadClassOrNull@4
                      ; - jdk.internal.loader.BuiltinClassLoader::loadClassOrNull@3
                      ; - jdk.internal.loader.BuiltinClassLoader::loadClassOrNull@86
                      ; - jdk.internal.loader.BuiltinClassLoader::loadClass@3
                      ; - java.lang.ClassLoader::loadClass@38
  0x000001febabafac0: bc48 96ff 

  0x000001febabafac4: ;   {other}
  0x000001febabafac4: 0f1f 8400 | 0000 0000 | baf6 ffff | ff48 8b6c | 2448 4c8b | 9424 b000 | 0000 4c89 | 5424 2044 
  0x000001febabafae4: 8b5c 2430 | 4489 5c24 | 284c 8b54 | 2440 4c89 | 5424 384c | 8b54 2450 | 4c89 5424 | 404c 8b54 
  0x000001febabafb04: 2478 4c89 | 5424 584c | 8b54 2468 | 4c89 5424 | 604c 8b94 | 24a8 0000 | 004c 8994 | 2490 0000 
  0x000001febabafb24: 0066 6690 

  0x000001febabafb28: ;   {runtime_call UncommonTrapBlob}
  0x000001febabafb28: c5f8 77e8 

  0x000001febabafb2c: ; ImmutableOopMap {rbp=Oop [32]=Oop [64]=Oop [88]=Oop [144]=Oop [160]=Oop [168]=Oop [184]=Oop }
                      ;*invokevirtual loadClassOrNull {reexecute=0 rethrow=0 return_oop=0}
                      ; - jdk.internal.loader.BuiltinClassLoader::loadClassOrNull@66
                      ; - jdk.internal.loader.BuiltinClassLoader::loadClass@3
                      ; - java.lang.ClassLoader::loadClass@38
                      ; - java.lang.ClassLoader::loadClass@38
  0x000001febabafb2c: 5048 96ff 

  0x000001febabafb30: ;   {other}
  0x000001febabafb30: 0f1f 8400 | 0000 0000 | baf6 ffff | ff48 8b6c | 2448 448b | 5424 3044 | 8954 2428 | 4c8b 5424 
  0x000001febabafb50: 404c 8954 | 2438 4c8b | 5424 504c | 8954 2440 | 4c89 4c24 | 504c 8b54 | 2478 4c89 | 5424 584c 
  0x000001febabafb70: 8b54 2468 | 4c89 5424 | 604c 894c | 2470 4c8b | 9424 a800 | 0000 4c89 | 9424 8800 | 0000 6690 
  0x000001febabafb90: ;   {runtime_call UncommonTrapBlob}
  0x000001febabafb90: c5f8 77e8 

  0x000001febabafb94: ; ImmutableOopMap {rbp=Oop [64]=Oop [80]=Oop [88]=Oop [112]=Oop [136]=Oop [160]=Oop [168]=Oop [184]=Oop }
                      ;*arraylength {reexecute=0 rethrow=0 return_oop=0}
                      ; - java.lang.String::isEmpty@4
                      ; - java.lang.ClassLoader::checkName@5
                      ; - java.lang.ClassLoader::findBootstrapClassOrNull@1
                      ; - java.lang.System$2::findBootstrapClassOrNull@1
                      ; - jdk.internal.loader.ClassLoaders$BootClassLoader::loadClassOrNull@4
                      ; - jdk.internal.loader.BuiltinClassLoader::loadClassOrNull@3
                      ; - jdk.internal.loader.BuiltinClassLoader::loadClassOrNull@66
                      ; - jdk.internal.loader.BuiltinClassLoader::loadClass@3
                      ; - java.lang.ClassLoader::loadClass@38
                      ; - java.lang.ClassLoader::loadClass@38
  0x000001febabafb94: e847 96ff 

  0x000001febabafb98: ;   {other}
  0x000001febabafb98: 0f1f 8400 | 0000 0000 | ba45 ffff | ff48 8b6c | 2448 448b | 5c24 3044 | 895c 2428 | 4c8b 5424 
  0x000001febabafbb8: 404c 8954 | 2438 4c8b | 5424 504c | 8954 2440 | 4c8b 5424 | 784c 8954 | 2450 4c8b | 5424 684c 
  0x000001febabafbd8: 8954 2458 | 4c8b 5424 | 704c 8954 | 2460 4c8b | 9424 b000 | 0000 4c89 | 5424 704c | 8b94 2480 
  0x000001febabafbf8: 0000 004c | 8954 2478 | 4c8b 9424 | e000 0000 | 4c89 9424 | 8000 0000 | 4c8b 9424 | b800 0000 
  0x000001febabafc18: 4c89 9424 | 8800 0000 | 4c8b 9424 | b000 0000 | 4c89 9424 | 9000 0000 | 4c8b 9424 | c000 0000 
  0x000001febabafc38: 4c89 9424 | b000 0000 | 4489 8424 | c400 0000 

  0x000001febabafc48: ;   {runtime_call UncommonTrapBlob}
  0x000001febabafc48: c5f8 77e8 

  0x000001febabafc4c: ; ImmutableOopMap {rbp=Oop [64]=Oop [80]=Oop [112]=Oop [120]=Oop [128]=Oop [136]=Oop [144]=Oop [196]=NarrowOop [212]=NarrowOop [232]=Oop [240]=NarrowOop [244]=NarrowOop }
                      ;*ifnonnull {reexecute=1 rethrow=0 return_oop=0}
                      ; - (reexecute) jdk.internal.access.SharedSecrets::javaUtilJarAccess@5
                      ; - jdk.internal.loader.URLClassPath$JarLoader$2::getManifest@0
                      ; - java.net.URLClassLoader::defineClass@34
                      ; - java.net.URLClassLoader$1::run@43
                      ; - java.net.URLClassLoader$1::run@1
                      ; - java.security.AccessController::executePrivileged@29
                      ; - java.security.AccessController::doPrivileged@13
                      ; - java.net.URLClassLoader::findClass@13
                      ; - java.lang.ClassLoader::loadClass@69
                      ; - java.lang.ClassLoader::loadClass@38
  0x000001febabafc4c: 3047 96ff 

  0x000001febabafc50: ;   {other}
  0x000001febabafc50: 0f1f 8400 | 0000 0000 | baf6 ffff | ff48 8b6c | 2448 448b | 5c24 3044 | 895c 2428 | 4c8b 5424 
  0x000001febabafc70: 404c 8954 | 2438 4c8b | 5424 504c | 8954 2440 | 4c89 4c24 | 504c 8b54 | 2478 4c89 | 5424 584c 
  0x000001febabafc90: 8b54 2468 | 4c89 5424 | 604c 894c | 2470 4c8b | 9424 a800 | 0000 4c89 | 9424 9000 | 0000 6690 
  0x000001febabafcb0: ;   {runtime_call UncommonTrapBlob}
  0x000001febabafcb0: c5f8 77e8 

  0x000001febabafcb4: ; ImmutableOopMap {rbp=Oop [64]=Oop [80]=Oop [88]=Oop [112]=Oop [144]=Oop [160]=Oop [168]=Oop [184]=Oop }
                      ;*arraylength {reexecute=0 rethrow=0 return_oop=0}
                      ; - java.lang.String::isEmpty@4
                      ; - java.lang.ClassLoader::checkName@5
                      ; - java.lang.ClassLoader::findBootstrapClassOrNull@1
                      ; - java.lang.System$2::findBootstrapClassOrNull@1
                      ; - jdk.internal.loader.ClassLoaders$BootClassLoader::loadClassOrNull@4
                      ; - jdk.internal.loader.BuiltinClassLoader::loadClassOrNull@3
                      ; - jdk.internal.loader.BuiltinClassLoader::loadClassOrNull@86
                      ; - jdk.internal.loader.BuiltinClassLoader::loadClass@3
                      ; - java.lang.ClassLoader::loadClass@38
                      ; - java.lang.ClassLoader::loadClass@38
  0x000001febabafcb4: c846 96ff 

  0x000001febabafcb8: ;   {other}
  0x000001febabafcb8: 0f1f 8400 | 0000 0000 | ba45 ffff | ff4c 8b54 | 2448 4c89 | 5424 204c | 8b94 24b0 | 0000 004c 
  0x000001febabafcd8: 8954 2428 | 4c8b 5424 | 504c 8954 | 2448 6690 

  0x000001febabafce8: ;   {runtime_call UncommonTrapBlob}
  0x000001febabafce8: c5f8 77e8 

  0x000001febabafcec: ; ImmutableOopMap {rbp=NarrowOop [32]=Oop [40]=Oop [72]=Oop [104]=Oop [120]=Oop }
                      ;*ifnull {reexecute=1 rethrow=0 return_oop=0}
                      ; - (reexecute) jdk.internal.loader.BuiltinClassLoader::loadClassOrNull@78
                      ; - jdk.internal.loader.BuiltinClassLoader::loadClass@3
                      ; - java.lang.ClassLoader::loadClass@38
  0x000001febabafcec: 9046 96ff 

  0x000001febabafcf0: ;   {other}
  0x000001febabafcf0: 0f1f 8400 | 0000 0000 | ba45 ffff | ff4c 8b44 | 2448 4c89 | 4424 204c | 8b84 24b0 | 0000 004c 
  0x000001febabafd10: 8944 2428 | 4c8b 4424 | 504c 8944 | 2448 4c8b | 4424 784c | 8944 2458 | 4c89 4c24 | 7844 895c 
  0x000001febabafd30: 2434 4489 | 9424 8000 | 0000 6690 

  0x000001febabafd3c: ;   {runtime_call UncommonTrapBlob}
  0x000001febabafd3c: c5f8 77e8 

  0x000001febabafd40: ; ImmutableOopMap {rbp=NarrowOop [32]=Oop [40]=Oop [52]=NarrowOop [72]=Oop [88]=Oop [104]=Oop [120]=Oop }
                      ;*ifnull {reexecute=1 rethrow=0 return_oop=0}
                      ; - (reexecute) java.util.concurrent.ConcurrentHashMap::get@67
                      ; - jdk.internal.loader.BuiltinClassLoader::findLoadedModule@24
                      ; - jdk.internal.loader.BuiltinClassLoader::loadClassOrNull@22
                      ; - jdk.internal.loader.BuiltinClassLoader::loadClass@3
                      ; - java.lang.ClassLoader::loadClass@38
  0x000001febabafd40: 3c46 96ff 

  0x000001febabafd44: ;   {other}
  0x000001febabafd44: 0f1f 8400 | 0000 0000 | ba45 ffff | ff4c 8b54 | 2448 4c89 | 5424 204c | 8b94 24b0 | 0000 004c 
  0x000001febabafd64: 8954 2428 | 4c8b 5424 | 504c 8954 | 2448 4c8b | 5424 784c | 8954 2470 | 4c8b 9424 | a800 0000 
  0x000001febabafd84: 4c89 9424 | 9800 0000 

  0x000001febabafd8c: ;   {runtime_call UncommonTrapBlob}
  0x000001febabafd8c: c5f8 77e8 

  0x000001febabafd90: ; ImmutableOopMap {rbp=NarrowOop [32]=Oop [40]=Oop [72]=Oop [112]=Oop [152]=Oop [160]=Oop [168]=Oop [184]=Oop }
                      ;*ifnull {reexecute=1 rethrow=0 return_oop=0}
                      ; - (reexecute) jdk.internal.loader.BuiltinClassLoader::loadClassOrNull@78
                      ; - jdk.internal.loader.BuiltinClassLoader::loadClass@3
                      ; - java.lang.ClassLoader::loadClass@38
                      ; - java.lang.ClassLoader::loadClass@38
  0x000001febabafd90: ec45 96ff 

  0x000001febabafd94: ;   {other}
  0x000001febabafd94: 0f1f 8400 | 0000 0000 | ba45 ffff | ff4c 8b54 | 2448 4c89 | 5424 204c | 8b94 24b0 | 0000 004c 
  0x000001febabafdb4: 8954 2428 | 4c8b 5424 | 504c 8954 | 2448 4c8b | 5424 784c | 8954 2470 | 4c8b 9424 | a000 0000 
  0x000001febabafdd4: 4c89 9424 | 8800 0000 | 4c8b 9424 | a800 0000 | 4c89 9424 | 9800 0000 | 4c89 8424 | a000 0000 
  0x000001febabafdf4: 4489 4c24 | 3444 899c | 24a8 0000 | 0066 6690 

  0x000001febabafe04: ;   {runtime_call UncommonTrapBlob}
  0x000001febabafe04: c5f8 77e8 

  0x000001febabafe08: ; ImmutableOopMap {rbp=NarrowOop [32]=Oop [40]=Oop [52]=NarrowOop [72]=Oop [112]=Oop [136]=Oop [152]=Oop [160]=Oop [184]=Oop }
                      ;*ifnull {reexecute=1 rethrow=0 return_oop=0}
                      ; - (reexecute) java.util.concurrent.ConcurrentHashMap::get@67
                      ; - jdk.internal.loader.BuiltinClassLoader::findLoadedModule@24
                      ; - jdk.internal.loader.BuiltinClassLoader::loadClassOrNull@22
                      ; - jdk.internal.loader.BuiltinClassLoader::loadClass@3
                      ; - java.lang.ClassLoader::loadClass@38
                      ; - java.lang.ClassLoader::loadClass@38
  0x000001febabafe08: 7445 96ff 

  0x000001febabafe0c: ;   {other}
  0x000001febabafe0c: 0f1f 8400 | 0000 0000 | ba45 ffff | ff48 8b6c | 2448 448b | 5c24 3044 | 895c 2428 | 4c8b 5c24 
  0x000001febabafe2c: 404c 895c | 2438 4c8b | 5c24 504c | 895c 2440 | 4c8b 5c24 | 784c 895c | 2450 4c8b | 5c24 684c 
  0x000001febabafe4c: 895c 2458 | 4c8b 5c24 | 704c 895c | 2460 4c8b | 9c24 b000 | 0000 4c89 | 5c24 704c | 8b9c 2480 
  0x000001febabafe6c: 0000 004c | 895c 2478 | 4c8b 9c24 | b800 0000 | 4c89 9c24 | 8800 0000 | 4c8b 9c24 | b000 0000 
  0x000001febabafe8c: 4c89 9c24 | 9000 0000 | 4c8b 9c24 | b800 0000 | 4c89 9c24 | a800 0000 | 4c8b 9c24 | c000 0000 
  0x000001febabafeac: 4c89 9c24 | b000 0000 | 448b 9c24 | d400 0000 | 4489 5c24 | 2c4c 8994 | 24d8 0000 | 0066 6690 
  0x000001febabafecc: ;   {runtime_call UncommonTrapBlob}
  0x000001febabafecc: c5f8 77e8 

  0x000001febabafed0: ; ImmutableOopMap {rbp=Oop [44]=NarrowOop [64]=Oop [80]=Oop [112]=Oop [120]=Oop [136]=Oop [144]=Oop [152]=Oop [168]=Oop [200]=Oop [216]=Oop [232]=Oop [240]=Oop }
                      ;*ifnull {reexecute=1 rethrow=0 return_oop=0}
                      ; - (reexecute) java.util.jar.JarFile::getManifestFromReference@148
                      ; - java.util.jar.JarFile::getManifest@1
                      ; - jdk.internal.loader.URLClassPath$JarLoader$2::getManifest@22
                      ; - java.net.URLClassLoader::defineClass@34
                      ; - java.net.URLClassLoader$1::run@43
                      ; - java.net.URLClassLoader$1::run@1
                      ; - java.security.AccessController::executePrivileged@29
                      ; - java.security.AccessController::doPrivileged@13
                      ; - java.net.URLClassLoader::findClass@13
                      ; - java.lang.ClassLoader::loadClass@69
                      ; - java.lang.ClassLoader::loadClass@38
  0x000001febabafed0: ac44 96ff 

  0x000001febabafed4: ;   {other}
  0x000001febabafed4: 0f1f 8400 | 0000 0000 | eb00 488b | e8e9 2e89 | ffff eb00 | 488b e8e9 | 5c88 ffff | bab5 ffff 
  0x000001febabafef4: ff44 8b44 | 2430 4489 | 4424 284c | 8b54 2440 | 4c89 5424 | 384c 8b54 | 2450 4c89 | 5424 404c 
  0x000001febabaff14: 8b54 2478 | 4c89 5424 | 504c 8b54 | 2468 4c89 | 5424 584c | 8b54 2470 | 4c89 5424 | 604c 8b94 
  0x000001febabaff34: 2480 0000 | 004c 8954 | 2478 4889 | 8424 8800 | 0000 6690 

  0x000001febabaff48: ;   {runtime_call UncommonTrapBlob}
  0x000001febabaff48: c5f8 77e8 

  0x000001febabaff4c: ; ImmutableOopMap {rbp=Oop [64]=Oop [80]=Oop [120]=Oop [136]=Oop [176]=Oop [184]=Oop [224]=Oop }
                      ;*astore_3 {reexecute=0 rethrow=0 return_oop=0}
                      ; - java.net.URLClassLoader$1::run@61
                      ; - java.net.URLClassLoader$1::run@1
                      ; - java.security.AccessController::executePrivileged@29
                      ; - java.security.AccessController::doPrivileged@13
                      ; - java.net.URLClassLoader::findClass@13
                      ; - java.lang.ClassLoader::loadClass@69
                      ; - java.lang.ClassLoader::loadClass@38
  0x000001febabaff4c: 3044 96ff 

  0x000001febabaff50: ;   {other}
  0x000001febabaff50: 0f1f 8400 | 0000 0000 | ba97 ffff | ff48 8b6c | 2448 4c8b | 5424 604c | 8954 2420 | 448b 5424 
  0x000001febabaff70: 3044 8954 | 2428 4c8b | 5424 404c | 8954 2438 | 4c8b 5424 | 504c 8954 | 2440 4c8b | 5424 784c 
  0x000001febabaff90: 8954 2450 

  0x000001febabaff94: ;   {runtime_call UncommonTrapBlob}
  0x000001febabaff94: c5f8 77e8 

  0x000001febabaff98: ; ImmutableOopMap {rbp=Oop [32]=Oop [44]=NarrowOop [64]=Oop [80]=Oop [104]=Oop [112]=Oop }
                      ;*invokevirtual clone {reexecute=1 rethrow=0 return_oop=0}
                      ; - (reexecute) java.util.Arrays::copyOfRange@18
                      ; - java.lang.StringLatin1::newString@16
                      ; - java.lang.String::substring@41
                      ; - jdk.internal.loader.BuiltinClassLoader::findLoadedModule@16
                      ; - jdk.internal.loader.BuiltinClassLoader::loadClassOrNull@22
                      ; - jdk.internal.loader.BuiltinClassLoader::loadClass@3
                      ; - java.lang.ClassLoader::loadClass@38
  0x000001febabaff98: e443 96ff 

  0x000001febabaff9c: ;   {other}
  0x000001febabaff9c: 0f1f 8400 | 0000 0000 | ba97 ffff | ff48 8b6c | 2448 4c8b | 5424 604c | 8954 2420 | 448b 5c24 
  0x000001febabaffbc: 3044 895c | 2428 4c8b | 5424 404c | 8954 2438 | 4c8b 5424 | 504c 8954 | 2440 4c8b | 5424 784c 
  0x000001febabaffdc: 8954 2458 | 4c8b 5424 | 684c 8954 | 2460 4c8b | 9424 a000 | 0000 4c89 | 9424 8000 | 0000 4c8b 
  0x000001febabafffc: 9424 a800 | 0000 4c89 | 9424 9800 | 0000 6690 

  0x000001febabb000c: ;   {runtime_call UncommonTrapBlob}
  0x000001febabb000c: c5f8 77e8 

  0x000001febabb0010: ; ImmutableOopMap {rbp=Oop [32]=Oop [44]=NarrowOop [64]=Oop [88]=Oop [128]=Oop [136]=Oop [152]=Oop [168]=Oop [184]=Oop }
                      ;*invokevirtual clone {reexecute=1 rethrow=0 return_oop=0}
                      ; - (reexecute) java.util.Arrays::copyOfRange@18
                      ; - java.lang.StringLatin1::newString@16
                      ; - java.lang.String::substring@41
                      ; - jdk.internal.loader.BuiltinClassLoader::findLoadedModule@16
                      ; - jdk.internal.loader.BuiltinClassLoader::loadClassOrNull@22
                      ; - jdk.internal.loader.BuiltinClassLoader::loadClass@3
                      ; - java.lang.ClassLoader::loadClass@38
                      ; - java.lang.ClassLoader::loadClass@38
  0x000001febabb0010: 6c43 96ff 

  0x000001febabb0014: ;   {other}
  0x000001febabb0014: 0f1f 8400 | 0000 0000 | ba97 ffff | ff48 8b6c | 2448 448b | 5424 3044 | 8954 2428 | 4c8b 5424 
  0x000001febabb0034: 404c 8954 | 2438 4c8b | 5424 504c | 8954 2440 | 4c8b 5424 | 784c 8954 | 2450 4c8b | 5424 684c 
  0x000001febabb0054: 8954 2458 | 4c8b 5424 | 704c 8954 | 2460 4c8b | 9424 b000 | 0000 4c89 | 5424 704c | 8b94 2480 
  0x000001febabb0074: 0000 004c | 8954 2478 | 4c8b 9424 | c800 0000 | 4c89 9424 | 8000 0000 | 4c8b 9424 | b800 0000 
  0x000001febabb0094: 4c89 9424 | 8800 0000 | 4c8b 9424 | b000 0000 | 4c89 9424 | 9000 0000 | 4c8b 9424 | b800 0000 
  0x000001febabb00b4: 4c89 9424 | a800 0000 | 4c8b 9424 | c000 0000 | 4c89 9424 | b000 0000 | 4c8b 9424 | e800 0000 
  0x000001febabb00d4: 4c89 9424 | c000 0000 

  0x000001febabb00dc: ;   {runtime_call UncommonTrapBlob}
  0x000001febabb00dc: c5f8 77e8 

  0x000001febabb00e0: ; ImmutableOopMap {rbp=Oop [64]=Oop [80]=Oop [112]=Oop [120]=Oop [128]=Oop [136]=Oop [144]=Oop [168]=Oop [192]=Oop [208]=NarrowOop [212]=NarrowOop [232]=Oop }
                      ;*invokevirtual clone {reexecute=1 rethrow=0 return_oop=0}
                      ; - (reexecute) java.util.Arrays::copyOfRange@18
                      ; - java.lang.StringLatin1::newString@16
                      ; - java.lang.String::substring@41
                      ; - java.net.URLClassLoader::defineClass@28
                      ; - java.net.URLClassLoader$1::run@43
                      ; - java.net.URLClassLoader$1::run@1
                      ; - java.security.AccessController::executePrivileged@29
                      ; - java.security.AccessController::doPrivileged@13
                      ; - java.net.URLClassLoader::findClass@13
                      ; - java.lang.ClassLoader::loadClass@69
                      ; - java.lang.ClassLoader::loadClass@38
  0x000001febabb00e0: 9c42 96ff 

  0x000001febabb00e4: ;   {other}
  0x000001febabb00e4: 0f1f 8400 | 0000 0000 | 498b cb48 | 8d94 2438 | 0100 004d | 8bc7 c5f8 | 7749 ba80 | d3d4 86f8 
  0x000001febabb0104: 7f00 0041 

  0x000001febabb0108: ;   {other}
  0x000001febabb0108: ffd2 0f1f | 8400 0000 | 0000 e9ea | 0000 0048 | 8bd8 eb3b | 488b d8eb | 3648 8bd8 | eb31 488b 
  0x000001febabb0128: d8e9 d300 | 0000 488b | d8e9 cb00 | 0000 488b | d8eb 1c48 | 8bd8 eb17 | 488b d8eb | 1248 8bd8 
  0x000001febabb0148: eb0d 488b | d8eb 0848 | 8bd8 eb03 | 488b d84c | 8b5c 2468 | 488d 8424 | 3801 0000 | 4883 3800 
  0x000001febabb0168: 0f84 7900 | 0000 4d8b | 1341 f6c2 | 020f 8462 | 0000 0049 | 83ba 8600 | 0000 0074 | 0949 ff8a 
  0x000001febabb0188: 8600 0000 | eb4b 498b | 8296 0000 | 0049 0b82 | 8e00 0000 | 750a 49c7 | 423e 0000 | 0000 eb3d 
  0x000001febabb01a8: 4983 ba9e | 0000 0000 | 7422 4833 | c049 c742 | 3e00 0000 | 00f0 8304 | 2400 4983 | ba9e 0000 
  0x000001febabb01c8: 0000 750d | f04d 0fb1 | 7a3e 7505 | 83c8 01eb | 0ca8 00eb | 084c 8b10 | f04d 0fb1 | 1375 0a49 
  0x000001febabb01e8: ff8f 5005 | 0000 4533 | d20f 85f5 | feff ffeb | 0848 8bd8 | eb03 488b | d844 8b5b | 0849 b800 
  0x000001febabb0208: ;   {no_reloc}
  0x000001febabb0208: 0000 cdfe | 0100 004d | 03c3 488b | ebe9 4385 | ffff 488b | f949 8bcb | 488d 9424 | 4001 0000 
  0x000001febabb0228: 4d8b c7c5 | f877 49ba | 80d3 d486 | f87f 0000 

  0x000001febabb0238: ;   {other}
  0x000001febabb0238: 41ff d20f | 1f84 0000 | 0000 0048 | 8bcf e933 | 0100 0048 | 8bd8 eb41 | 488b d8eb | 3c48 8bd8 
  0x000001febabb0258: eb37 488b | d848 8b4c | 2420 e917 | 0100 0048 | 8bd8 e9fb | 0000 0048 | 8bd8 488b | 8c24 d800 
  0x000001febabb0278: 0000 eb46 | 488b d848 | 8b8c 24d8 | 0000 00eb | 3948 8bd8 | eb03 488b | d848 8b8c | 24d8 0000 
  0x000001febabb0298: 00eb 2748 | 8bd8 488b | 8c24 d800 | 0000 eb1a | 488b d848 | b900 00cf | bffe 0100 | 00eb 0b48 
  0x000001febabb02b8: 8bd8 488b | 8c24 d800 | 0000 4c8b | 9c24 a800 | 0000 488d | 8424 4001 | 0000 4883 | 3800 0f84 
  0x000001febabb02d8: 7900 0000 | 4d8b 1341 | f6c2 020f | 8462 0000 | 0049 83ba | 8600 0000 | 0074 0949 | ff8a 8600 
  0x000001febabb02f8: 0000 eb4b | 498b 8296 | 0000 0049 | 0b82 8e00 | 0000 750a | 49c7 423e | 0000 0000 | eb3d 4983 
  0x000001febabb0318: ba9e 0000 | 0000 7422 | 4833 c049 | c742 3e00 | 0000 00f0 | 8304 2400 | 4983 ba9e | 0000 0000 
  0x000001febabb0338: ;   {no_reloc}
  0x000001febabb0338: 750d f04d | 0fb1 7a3e | 7505 83c8 | 01eb 0ca8 | 00eb 084c | 8b10 f04d | 0fb1 1375 | 0a49 ff8f 
  0x000001febabb0358: 5005 0000 | 4533 d20f | 85b5 feff | ffeb 1748 | 8bd8 48b9 | 0000 cfbf | fe01 0000 | eb08 488b 
  0x000001febabb0378: d848 8b4c | 2420 4c8b | cb44 8b43 | 0849 ba00 | 0000 cdfe | 0100 004d | 03d0 eb1e | 4c8b c844 
  0x000001febabb0398: 8b58 0849 | ba00 0000 | cdfe 0100 | 004d 03d3 | 48b9 0000 | cfbf fe01 | 0000 4d8b 

  0x000001febabb03b4: ;   {metadata('java/lang/ClassNotFoundException')}
  0x000001febabb03b4: 5250 49bb | 8893 06cd | fe01 0000 | 4d3b d30f | 84f4 70ff | ff49 8be9 | e9db 82ff | ffba b5ff 
  0x000001febabb03d4: ffff 448b | 4424 3044 | 8944 2428 | 4c8b 5424 | 404c 8954 | 2438 4c8b | 5424 504c | 8954 2440 
  0x000001febabb03f4: 4c8b 5424 | 784c 8954 | 2450 4c8b | 5424 684c | 8954 2458 | 4c8b 5424 | 704c 8954 | 2460 4c8b 
  0x000001febabb0414: 9424 8000 | 0000 4c89 | 5424 7848 | 8984 2488 | 0000 0090 

  0x000001febabb0428: ;   {runtime_call UncommonTrapBlob}
  0x000001febabb0428: c5f8 77e8 

  0x000001febabb042c: ; ImmutableOopMap {rbp=Oop [64]=Oop [80]=Oop [120]=Oop [136]=Oop [152]=Oop [176]=Oop [184]=Oop }
                      ;*astore_3 {reexecute=0 rethrow=0 return_oop=0}
                      ; - java.net.URLClassLoader$1::run@61
                      ; - java.net.URLClassLoader$1::run@1
                      ; - java.security.AccessController::executePrivileged@29
                      ; - java.security.AccessController::doPrivileged@13
                      ; - java.net.URLClassLoader::findClass@13
                      ; - java.lang.ClassLoader::loadClass@69
                      ; - java.lang.ClassLoader::loadClass@38
  0x000001febabb042c: 503f 96ff 

  0x000001febabb0430: ;   {other}
  0x000001febabb0430: 0f1f 8400 | 0000 0000 | e9dc 0000 | 0044 8b58 | 0849 ba00 | 0000 cdfe | 0100 004d | 03d3 e9d7 
  0x000001febabb0450: 0000 00e9 | c100 0000 | eb55 448b | 5808 49ba | 0000 00cd | fe01 0000 | 4d03 d3e9 | ba00 0000 
  0x000001febabb0470: e9f8 0000 | 0044 8b40 

  0x000001febabb0478: ;   {metadata('java/security/PrivilegedActionException')}
  0x000001febabb0478: 0841 81f8 | 4863 1601 | 0f84 8603 | 0000 49ba | 0000 00cd | fe01 0000 | 4d03 d0e9 | 1801 0000 
  0x000001febabb0498: eb00 448b | 5808 49ba | 0000 00cd | fe01 0000 | 4d03 d3eb | 7deb 0044 | 8b40 0849 | ba00 0000 
  0x000001febabb04b8: cdfe 0100 | 004d 03d0 | eb68 e9a6 | 0000 0044 | 8b58 0849 | ba00 0000 | cdfe 0100 | 004d 03d3 
  0x000001febabb04d8: eb50 eb3d | 448b 5808 | 49ba 0000 | 00cd fe01 | 0000 4d03 | d3eb 1144 | 8b58 0849 | ba00 0000 
  0x000001febabb04f8: cdfe 0100 | 004d 03d3 | 4d8b 5a48 

  0x000001febabb0504: ;   {metadata('java/lang/RuntimeException')}
  0x000001febabb0504: 49b8 a8b7 | 05cd fe01 | 0000 4d3b | d875 62eb | 28eb 02eb | 0044 8b40 | 0849 ba00 | 0000 cdfe 
  0x000001febabb0524: 0100 004d | 03d0 4d8b 

  0x000001febabb052c: ;   {metadata('java/lang/RuntimeException')}
  0x000001febabb052c: 5a48 49b8 | a8b7 05cd | fe01 0000 | 4d3b d875 | 0848 8be8 | e967 81ff | ff4d 8b52 

  0x000001febabb0548: ;   {metadata('java/lang/Exception')}
  0x000001febabb0548: 4049 bb20 | c000 cdfe | 0100 004d | 3bd3 0f84 | 3201 0000 | 448b 5808 

  0x000001febabb0560: ;   {metadata('java/security/PrivilegedActionException')}
  0x000001febabb0560: 4181 fb48 | 6316 010f | 846b 0100 | 0048 8be8 | e937 81ff | ff4d 8b52 

  0x000001febabb0578: ;   {metadata('java/lang/Exception')}
  0x000001febabb0578: 4049 b820 | c000 cdfe | 0100 004d | 3bd0 0f84 | 9801 0000 

  0x000001febabb058c: ;   {metadata('java/security/PrivilegedActionException')}
  0x000001febabb058c: 49ba 4863 | 16ce fe01 | 0000 4d3b | da0f 84f9 | 0100 0044 | 8b58 0849 | ba00 0000 | cdfe 0100 
  0x000001febabb05ac: 004d 03d3 | 4d8b 5248 

  0x000001febabb05b4: ;   {metadata('java/io/IOException')}
  0x000001febabb05b4: 49bb 5853 | 04ce fe01 | 0000 4d3b | d30f 8552 | ffff ff4c | 8bd8 498b | 87b8 0100 | 004c 8bd0 
  0x000001febabb05d4: 4983 c228 | 4d3b 97c8 | 0100 000f | 8381 0000 | 004d 8997 | b801 0000 | 410f 0d8a | c000 0000 
  0x000001febabb05f4: 48c7 0001 

  0x000001febabb05f8: ;   {metadata('java/lang/InternalError')}
  0x000001febabb05f8: 0000 00c7 | 4008 3807 | 0100 4489 | 600c 4c89 | 6010 4c89 | 6018 4c89 | 6020 4c89 | 5c24 384c 
  0x000001febabb0618: 8bd0 4c89 | 5424 5848 | 8bac 2480 | 0000 0044 | 8b94 2488 | 0000 0044 | 8954 2420 | 4c8b 9424 
  0x000001febabb0638: a000 0000 | 4c89 5424 | 2848 8b54 | 2458 4c8b | 4424 3890 

  0x000001febabb064c: ;   {optimized virtual_call}
  0x000001febabb064c: c5f8 77e8 

  0x000001febabb0650: ; ImmutableOopMap {rbp=Oop [32]=NarrowOop [40]=Oop [72]=Oop [80]=Oop [88]=Oop [120]=Oop [176]=Oop [184]=Oop }
                      ;*invokespecial <init> {reexecute=0 rethrow=0 return_oop=0}
                      ; - jdk.internal.loader.URLClassPath$JarLoader::getResource@13
                      ; - jdk.internal.loader.URLClassPath::getResource@53
                      ; - java.net.URLClassLoader$1::run@26
                      ; - java.net.URLClassLoader$1::run@1
                      ; - java.security.AccessController::executePrivileged@29
                      ; - java.security.AccessController::doPrivileged@13
                      ; - java.net.URLClassLoader::findClass@13
                      ; - java.lang.ClassLoader::loadClass@69
                      ; - java.lang.ClassLoader::loadClass@38
  0x000001febabb0650: 2ce4 95ff 

  0x000001febabb0654: ;   {other}
  0x000001febabb0654: 0f1f 8400 | 0000 0000 | 488b 6c24 | 58e9 4680 | ffff 4c89 

  0x000001febabb0668: ;   {metadata('java/lang/InternalError')}
  0x000001febabb0668: 5c24 3848 | ba38 0701 | cdfe 0100 | 0048 8b6c | 2448 6690 

  0x000001febabb067c: ;   {runtime_call _new_instance_Java}
  0x000001febabb067c: c5f8 77e8 

  0x000001febabb0680: ; ImmutableOopMap {rbp=Oop [56]=Oop [72]=Oop [80]=Oop [120]=Oop [128]=Oop [136]=NarrowOop [160]=Oop [176]=Oop [184]=Oop }
                      ;*new {reexecute=0 rethrow=0 return_oop=1}
                      ; - jdk.internal.loader.URLClassPath$JarLoader::getResource@8
                      ; - jdk.internal.loader.URLClassPath::getResource@53
                      ; - java.net.URLClassLoader$1::run@26
                      ; - java.net.URLClassLoader$1::run@1
                      ; - java.security.AccessController::executePrivileged@29
                      ; - java.security.AccessController::doPrivileged@13
                      ; - java.net.URLClassLoader::findClass@13
                      ; - java.lang.ClassLoader::loadClass@69
                      ; - java.lang.ClassLoader::loadClass@38
  0x000001febabb0680: fc89 a2ff 

  0x000001febabb0684: ;   {other}
  0x000001febabb0684: 0f1f 8400 | 0000 0000 | eb89 488b | e8ba 9100 | 0000 4c8b | 5424 484c | 8954 2420 | 4c8b 5424 
  0x000001febabb06a4: 504c 8954 | 2448 4c8b | 5424 784c | 8954 2458 | 4c8b 5424 | 684c 8954 | 2460 4c8b | 5424 704c 
  0x000001febabb06c4: 8954 2468 

  0x000001febabb06c8: ;   {runtime_call UncommonTrapBlob}
  0x000001febabb06c8: c5f8 77e8 

  0x000001febabb06cc: ; ImmutableOopMap {rbp=Oop [32]=Oop [72]=Oop [88]=Oop [176]=Oop [184]=Oop }
                      ;*new {reexecute=0 rethrow=0 return_oop=0}
                      ; - java.security.AccessController::wrapException@0
                      ; - java.security.AccessController::doPrivileged@22
                      ; - java.net.URLClassLoader::findClass@13
                      ; - java.lang.ClassLoader::loadClass@69
                      ; - java.lang.ClassLoader::loadClass@38
  0x000001febabb06cc: b03c 96ff 

  0x000001febabb06d0: ;   {other}
  0x000001febabb06d0: 0f1f 8400 | 0000 0000 | 488b e8ba | adff ffff | 4c8b 5424 | 484c 8954 | 2420 4c8b | 5424 504c 
  0x000001febabb06f0: 8954 2448 | 4c8b 5424 | 784c 8954 | 2458 4c8b | 5424 684c | 8954 2460 | 4c8b 5424 | 704c 8954 
  0x000001febabb0710: 2468 6690 

  0x000001febabb0714: ;   {runtime_call UncommonTrapBlob}
  0x000001febabb0714: c5f8 77e8 

  0x000001febabb0718: ; ImmutableOopMap {rbp=Oop [32]=Oop [72]=Oop [88]=Oop [176]=Oop [184]=Oop }
                      ;*invokevirtual getException {reexecute=0 rethrow=0 return_oop=0}
                      ; - java.net.URLClassLoader::findClass@25
                      ; - java.lang.ClassLoader::loadClass@69
                      ; - java.lang.ClassLoader::loadClass@38
  0x000001febabb0718: 643c 96ff 

  0x000001febabb071c: ;   {other}
  0x000001febabb071c: 0f1f 8400 | 0000 0000 | 488b e8ba | 9100 0000 | 4c8b 5424 | 484c 8954 | 2420 4c8b | 5424 504c 
  0x000001febabb073c: 8954 2448 | 4c8b 5424 | 784c 8954 | 2458 4c8b | 5424 684c | 8954 2460 | 4c8b 5424 | 704c 8954 
  0x000001febabb075c: 2468 4c8b | 9424 b000 | 0000 4c89 | 5424 7844 | 8b9c 2488 | 0000 0044 | 895c 2434 | 4c8b 9424 
  0x000001febabb077c: b000 0000 | 4c89 9424 | a800 0000 

  0x000001febabb0788: ;   {runtime_call UncommonTrapBlob}
  0x000001febabb0788: c5f8 77e8 

  0x000001febabb078c: ; ImmutableOopMap {rbp=Oop [32]=Oop [52]=NarrowOop [72]=Oop [88]=Oop [120]=Oop [128]=Oop [152]=Oop [160]=Oop [168]=Oop [184]=Oop }
                      ;*new {reexecute=0 rethrow=0 return_oop=0}
                      ; - java.security.AccessController::wrapException@0
                      ; - java.security.AccessController::doPrivileged@22
                      ; - jdk.internal.loader.URLClassPath$JarLoader::ensureOpen@19
                      ; - jdk.internal.loader.URLClassPath$JarLoader::getResource@1
                      ; - jdk.internal.loader.URLClassPath::getResource@53
                      ; - java.net.URLClassLoader$1::run@26
                      ; - java.net.URLClassLoader$1::run@1
                      ; - java.security.AccessController::executePrivileged@29
                      ; - java.security.AccessController::doPrivileged@13
                      ; - java.net.URLClassLoader::findClass@13
                      ; - java.lang.ClassLoader::loadClass@69
                      ; - java.lang.ClassLoader::loadClass@38
  0x000001febabb078c: f03b 96ff 

  0x000001febabb0790: ;   {other}
  0x000001febabb0790: 0f1f 8400 | 0000 0000 | 488b e8ba | adff ffff | 4c8b 5424 | 484c 8954 | 2420 4c8b | 5424 504c 
  0x000001febabb07b0: 8954 2448 | 4c8b 5424 | 784c 8954 | 2458 4c8b | 5424 684c | 8954 2460 | 4c8b 5424 | 704c 8954 
  0x000001febabb07d0: 2468 4c8b | 9424 b000 | 0000 4c89 | 5424 7844 | 8b9c 2488 | 0000 0044 | 895c 2434 | 4c8b 9424 
  0x000001febabb07f0: b000 0000 | 4c89 9424 | a800 0000 

  0x000001febabb07fc: ;   {runtime_call UncommonTrapBlob}
  0x000001febabb07fc: c5f8 77e8 

  0x000001febabb0800: ; ImmutableOopMap {rbp=Oop [32]=Oop [52]=NarrowOop [72]=Oop [88]=Oop [120]=Oop [128]=Oop [152]=Oop [160]=Oop [168]=Oop [184]=Oop }
                      ;*invokevirtual getException {reexecute=0 rethrow=0 return_oop=0}
                      ; - jdk.internal.loader.URLClassPath$JarLoader::ensureOpen@28
                      ; - jdk.internal.loader.URLClassPath$JarLoader::getResource@1
                      ; - jdk.internal.loader.URLClassPath::getResource@53
                      ; - java.net.URLClassLoader$1::run@26
                      ; - java.net.URLClassLoader$1::run@1
                      ; - java.security.AccessController::executePrivileged@29
                      ; - java.security.AccessController::doPrivileged@13
                      ; - java.net.URLClassLoader::findClass@13
                      ; - java.lang.ClassLoader::loadClass@69
                      ; - java.lang.ClassLoader::loadClass@38
  0x000001febabb0800: 7c3b 96ff 

  0x000001febabb0804: ;   {other}
  0x000001febabb0804: 0f1f 8400 | 0000 0000 | 488b e8eb | 8a4c 8bd0 | e983 0500 | 004c 8bc8 | e986 0200 | 0048 8b94 
  0x000001febabb0824: 24f0 0000 | 004c 8bc0 | 448b 9424 | d400 0000 | 4489 5424 | 2c66 6690 

  0x000001febabb083c: ;   {optimized virtual_call}
  0x000001febabb083c: c5f8 77e8 

  0x000001febabb0840: ; ImmutableOopMap {rbp=Oop [44]=NarrowOop [72]=Oop [80]=Oop [120]=Oop [128]=Oop [152]=Oop [176]=Oop [184]=Oop [224]=Oop [232]=Oop [240]=Oop }
                      ;*invokevirtual addSuppressed {reexecute=0 rethrow=0 return_oop=0}
                      ; - java.util.jar.JarFile::getManifestFromReference@177
                      ; - java.util.jar.JarFile::getManifest@1
                      ; - jdk.internal.loader.URLClassPath$JarLoader$2::getManifest@22
                      ; - java.net.URLClassLoader::defineClass@34
                      ; - java.net.URLClassLoader$1::run@43
                      ; - java.net.URLClassLoader$1::run@1
                      ; - java.security.AccessController::executePrivileged@29
                      ; - java.security.AccessController::doPrivileged@13
                      ; - java.net.URLClassLoader::findClass@13
                      ; - java.lang.ClassLoader::loadClass@69
                      ; - java.lang.ClassLoader::loadClass@38
  0x000001febabb0840: 3ce2 95ff 

  0x000001febabb0844: ;   {other}
  0x000001febabb0844: 0f1f 8400 | 0000 0000 | e93b 0400 | 0044 8b58 | 0849 ba00 | 0000 cdfe | 0100 004d | 03d3 488b 
  0x000001febabb0864: d0e9 4905 | 0000 4889 | 8424 f000 | 0000 e9e9 | 0300 004c | 8bd0 e91d | 0500 004c | 8bd0 e915 
  0x000001febabb0884: 0500 004c | 8bd0 e90d | 0500 004c | 8bd0 e905 | 0500 004c | 8bd0 e9fd | 0400 004c | 8bd0 e9f5 
  0x000001febabb08a4: 0400 004c | 8bd0 e9ed | 0400 004c | 8bd0 e9e5 | 0400 004c | 8bd0 e9dd | 0400 004c | 8bd0 e9d5 
  0x000001febabb08c4: 0400 004c | 8bd0 e9cd | 0400 004c | 8bd0 e9c5 | 0400 004c | 8bd0 e9bd | 0400 004c | 8bd0 e9b5 
  0x000001febabb08e4: 0400 0044 | 8b58 0849 | ba00 0000 | cdfe 0100 | 004d 03d3 | 488b d0e9 | b304 0000 | eb00 448b 
  0x000001febabb0904: 4008 49ba | 0000 00cd | fe01 0000 | 4d03 d048 | 8bd0 e998 | 0400 0044 | 8b40 0849 | ba00 0000 
  0x000001febabb0924: cdfe 0100 | 004d 03d0 | 4d8b 5a50 | 4c3b dd0f | 85a3 0400 | 0045 33c9 | e95d 0200 

  0x000001febabb0940: ;   {no_reloc}
  0x000001febabb0940: 004c 8bc8 | 448b 5008 | 49bb 0000 | 00cd fe01 | 0000 4d03 | da4d 8b53 

  0x000001febabb0958: ;   {metadata('java/io/IOException')}
  0x000001febabb0958: 4849 bb58 | 5304 cefe | 0100 004d | 3bd3 0f85 | 3b01 0000 | 4c8b d849 | 8b87 b801 | 0000 4c8b 
  0x000001febabb0978: d049 83c2 | 284d 3b97 | c801 0000 | 0f83 a204 | 0000 4d89 | 97b8 0100 | 0041 0f0d | 8ac0 0000 
  0x000001febabb0998: 0048 c700 | 0100 0000 

  0x000001febabb09a0: ;   {metadata('java/lang/RuntimeException')}
  0x000001febabb09a0: c740 08a8 | b705 0044 | 8960 0c4c | 8960 104c | 8960 184c | 8960 2049 | 8beb 4c8b | d04c 8954 
  0x000001febabb09c0: 2420 498b | d24c 8bc5 | 488b 6c24 | 4844 8b94 | 24d4 0000 | 0044 8954 | 2434 6690 

  0x000001febabb09dc: ;   {optimized virtual_call}
  0x000001febabb09dc: c5f8 77e8 

  0x000001febabb09e0: ; ImmutableOopMap {rbp=Oop [32]=Oop [52]=NarrowOop [56]=Oop [72]=Oop [80]=Oop [120]=Oop [128]=Oop [152]=Oop [176]=Oop [184]=Oop [224]=Oop [232]=Oop }
                      ;*invokespecial <init> {reexecute=0 rethrow=0 return_oop=0}
                      ; - java.util.jar.JarFile::ensureInitialization@13
                      ; - java.util.jar.JavaUtilJarAccessImpl::ensureInitialization@1
                      ; - jdk.internal.loader.URLClassPath$JarLoader$2::getManifest@10
                      ; - java.net.URLClassLoader::defineClass@34
                      ; - java.net.URLClassLoader$1::run@43
                      ; - java.net.URLClassLoader$1::run@1
                      ; - java.security.AccessController::executePrivileged@29
                      ; - java.security.AccessController::doPrivileged@13
                      ; - java.net.URLClassLoader::findClass@13
                      ; - java.lang.ClassLoader::loadClass@69
                      ; - java.lang.ClassLoader::loadClass@38
  0x000001febabb09e0: 9ce0 95ff 

  0x000001febabb09e4: ;   {other}
  0x000001febabb09e4: 0f1f 8400 | 0000 0000 | 4c8b 5c24 | 3848 8d84 | 2440 0100 | 0048 8338 | 000f 8479 | 0000 004d 
  0x000001febabb0a04: 8b13 41f6 | c202 0f84 | 6200 0000 | 4983 ba86 | 0000 0000 | 7409 49ff | 8a86 0000 | 00eb 4b49 
  0x000001febabb0a24: 8b82 9600 | 0000 490b | 828e 0000 | 0075 0a49 | c742 3e00 | 0000 00eb | 3d49 83ba | 9e00 0000 
  0x000001febabb0a44: 0074 2248 | 33c0 49c7 | 423e 0000 | 0000 f083 | 0424 0049 | 83ba 9e00 | 0000 0075 | 0df0 4d0f 
  0x000001febabb0a64: b17a 3e75 | 0583 c801 | eb0c a800 | eb08 4c8b | 10f0 4d0f | b113 750a | 49ff 8f50 | 0500 0045 
  0x000001febabb0a84: 33d2 0f85 | c503 0000 | 488b 5424 | 2066 6690 

  0x000001febabb0a94: ;   {runtime_call _rethrow_Java}
  0x000001febabb0a94: c5f8 77e8 

  0x000001febabb0a98: ; ImmutableOopMap {rbp=Oop [72]=Oop [80]=Oop [120]=Oop [128]=Oop [152]=Oop [176]=Oop [184]=Oop }
                      ;*invokevirtual defineClass {reexecute=0 rethrow=0 return_oop=1}
                      ; - java.net.URLClassLoader$1::run@43
                      ; - java.net.URLClassLoader$1::run@1
                      ; - java.security.AccessController::executePrivileged@29
                      ; - java.security.AccessController::doPrivileged@13
                      ; - java.net.URLClassLoader::findClass@13
                      ; - java.lang.ClassLoader::loadClass@69
                      ; - java.lang.ClassLoader::loadClass@38
  0x000001febabb0a98: 6440 a3ff 

  0x000001febabb0a9c: ;   {other}
  0x000001febabb0a9c: 0f1f 8400 | 0000 0000 | 4c8b c84c | 8b5c 2438 | 488d 8424 | 4001 0000 | 4883 3800 | 0f84 7900 
  0x000001febabb0abc: 0000 4d8b | 1341 f6c2 | 020f 8462 | 0000 0049 | 83ba 8600 | 0000 0074 | 0949 ff8a | 8600 0000 
  0x000001febabb0adc: eb4b 498b | 8296 0000 | 0049 0b82 | 8e00 0000 | 750a 49c7 | 423e 0000 | 0000 eb3d | 4983 ba9e 
  0x000001febabb0afc: 0000 0000 | 7422 4833 | c049 c742 | 3e00 0000 | 00f0 8304 | 2400 4983 | ba9e 0000 | 0000 750d 
  0x000001febabb0b1c: f04d 0fb1 | 7a3e 7505 | 83c8 01eb | 0ca8 00eb | 084c 8b10 | f04d 0fb1 | 1375 0a49 | ff8f 5005 
  0x000001febabb0b3c: 0000 4533 | d20f 8458 | 0200 0049 | 8bd9 4d8b | d349 8bca | 488d 9424 | 4001 0000 | 4d8b c7c5 
  0x000001febabb0b5c: f877 49ba | 80d3 d486 | f87f 0000 

  0x000001febabb0b68: ;   {other}
  0x000001febabb0b68: 41ff d20f | 1f84 0000 | 0000 004c | 8bcb e924 | 0200 0044 | 8b58 0849 | ba00 0000 | cdfe 0100 
  0x000001febabb0b88: 004d 03d3 | 4d8b 5a50 | 4c3b dd0f | 85a7 0000 | 004c 8b4c | 2438 488b | 9424 b800 | 0000 4c8b 
  0x000001febabb0ba8: 8424 e800 | 0000 488b | 7c24 2048 | 8b6c 2448 | 4c8b 9424 | e000 0000 | 4c89 9424 | 9800 0000 
  0x000001febabb0bc8: ;   {optimized virtual_call}
  0x000001febabb0bc8: c5f8 77e8 

  0x000001febabb0bcc: ; ImmutableOopMap {rbp=Oop [32]=Oop [40]=NarrowOop [72]=Oop [80]=Oop [120]=Oop [128]=Oop [152]=Oop [176]=Oop [184]=Oop [212]=NarrowOop [224]=Oop [232]=Oop }
                      ;*invokevirtual getAndVerifyPackage {reexecute=0 rethrow=0 return_oop=1}
                      ; - java.net.URLClassLoader::defineClass@97
                      ; - java.net.URLClassLoader$1::run@43
                      ; - java.net.URLClassLoader$1::run@1
                      ; - java.security.AccessController::executePrivileged@29
                      ; - java.security.AccessController::doPrivileged@13
                      ; - java.net.URLClassLoader::findClass@13
                      ; - java.lang.ClassLoader::loadClass@69
                      ; - java.lang.ClassLoader::loadClass@38
  0x000001febabb0bcc: b0de 95ff 

  0x000001febabb0bd0: ;   {other}
  0x000001febabb0bd0: 0f1f 8400 | 0000 0000 | 4885 c00f | 851c 70ff | ffba fd00 | 0000 448b | 5424 3044 | 8954 2428 
  0x000001febabb0bf0: 4c8b 5424 | 404c 8954 | 2438 4c8b | 5424 504c | 8954 2440 | 4c8b 5424 | 784c 8954 | 2450 4c8b 
  0x000001febabb0c10: 5424 684c | 8954 2458 | 4c8b 5424 | 704c 8954 | 2460 4c8b | 9424 8000 | 0000 4c89 | 5424 7890 
  0x000001febabb0c30: ;   {runtime_call UncommonTrapBlob}
  0x000001febabb0c30: c5f8 77e8 

  0x000001febabb0c34: ; ImmutableOopMap {rbp=Oop [64]=Oop [80]=Oop [120]=Oop [176]=Oop [184]=Oop [224]=Oop [232]=Oop }
                      ;*new {reexecute=0 rethrow=0 return_oop=0}
                      ; - java.net.URLClassLoader::defineClass@103
                      ; - java.net.URLClassLoader$1::run@43
                      ; - java.net.URLClassLoader$1::run@1
                      ; - java.security.AccessController::executePrivileged@29
                      ; - java.security.AccessController::doPrivileged@13
                      ; - java.net.URLClassLoader::findClass@13
                      ; - java.lang.ClassLoader::loadClass@69
                      ; - java.lang.ClassLoader::loadClass@38
  0x000001febabb0c34: 4837 96ff 

  0x000001febabb0c38: ;   {other}
  0x000001febabb0c38: 0f1f 8400 | 0000 0000 | 488b d0e9 | 6b01 0000 | 4c8b d0e9 | 4c01 0000 | 4c8b d0e9 | 4401 0000 
  0x000001febabb0c58: 4889 8424 | f000 0000 | 4c8b d54d | 85d2 7424 | 498b d248 | 8b6c 2448 | 6690 c5f8 | 7748 b8ff 
  0x000001febabb0c78: ffff ffff 

  0x000001febabb0c7c: ;   {virtual_call}
  0x000001febabb0c7c: ffff ffe8 

  0x000001febabb0c80: ; ImmutableOopMap {rbp=Oop [72]=Oop [80]=Oop [120]=Oop [128]=Oop [152]=Oop [176]=Oop [184]=Oop [212]=NarrowOop [224]=Oop [232]=Oop [240]=Oop }
                      ;*invokevirtual close {reexecute=0 rethrow=0 return_oop=0}
                      ; - java.util.jar.JarFile::getManifestFromReference@165
                      ; - java.util.jar.JarFile::getManifest@1
                      ; - jdk.internal.loader.URLClassPath$JarLoader$2::getManifest@22
                      ; - java.net.URLClassLoader::defineClass@34
                      ; - java.net.URLClassLoader$1::run@43
                      ; - java.net.URLClassLoader$1::run@1
                      ; - java.security.AccessController::executePrivileged@29
                      ; - java.security.AccessController::doPrivileged@13
                      ; - java.net.URLClassLoader::findClass@13
                      ; - java.lang.ClassLoader::loadClass@69
                      ; - java.lang.ClassLoader::loadClass@38
  0x000001febabb0c80: fce0 95ff 

  0x000001febabb0c84: ;   {other}
  0x000001febabb0c84: 0f1f 8400 | 0000 0000 | 4c8b 9424 | f000 0000 | e903 0100 | 004c 8bd0 | e9fb 0000 | 004c 8bd0 
  0x000001febabb0ca4: e9f3 0000 | 004c 8bd0 | e9eb 0000 | 004c 8bd0 | e9e3 0000 | 004c 8bd0 | e9db 0000 | 004c 8bd0 
  0x000001febabb0cc4: e9d3 0000 | 004c 8bd0 | e9cb 0000 | 004c 8bd0 | e9c3 0000 | 004c 8bd0 | e9bb 0000 | 004c 8bd0 
  0x000001febabb0ce4: e9b3 0000 | 004c 8bd0 | e9ab 0000 | 004c 8bd0 | e9a3 0000 | 0044 8b58 | 0849 ba00 | 0000 cdfe 
  0x000001febabb0d04: 0100 004d | 03d3 488b | d0e9 a100 | 0000 448b | 5808 49ba | 0000 00cd | fe01 0000 | 4d03 d348 
  0x000001febabb0d24: 8bd0 e988 | 0000 0044 | 8b58 0849 | ba00 0000 | cdfe 0100 | 004d 03d3 | 488b d0eb | 7244 8b58 
  0x000001febabb0d44: 0849 ba00 | 0000 cdfe | 0100 004d | 03d3 488b | d0eb 5c44 | 8b58 0849 | ba00 0000 | cdfe 0100 
  0x000001febabb0d64: 004d 03d3 | 488b d0eb | 4644 8b58 | 0849 ba00 | 0000 cdfe | 0100 004d | 03d3 488b 

  0x000001febabb0d80: ;   {no_reloc}
  0x000001febabb0d80: d0eb 3044 | 8b58 0849 | ba00 0000 | cdfe 0100 | 004d 03d3 | 488b d0eb | 1a4c 8bd0 | 4d8b ca45 
  0x000001febabb0da0: 8b41 0849 | ba00 0000 | cdfe 0100 | 004d 03d0 | 498b d14d 

  0x000001febabb0db4: ;   {metadata('java/io/IOException')}
  0x000001febabb0db4: 8b52 4849 | bb58 5304 | cefe 0100 | 004d 3bd3 | 741b 488b | 6c24 4890 

  0x000001febabb0dcc: ;   {runtime_call _rethrow_Java}
  0x000001febabb0dcc: c5f8 77e8 

  0x000001febabb0dd0: ; ImmutableOopMap {rbp=Oop [72]=Oop [80]=Oop [120]=Oop [128]=Oop [176]=Oop [184]=Oop [224]=Oop }
                      ;*invokevirtual defineClass {reexecute=0 rethrow=0 return_oop=1}
                      ; - java.net.URLClassLoader$1::run@43
                      ; - java.net.URLClassLoader$1::run@1
                      ; - java.security.AccessController::executePrivileged@29
                      ; - java.security.AccessController::doPrivileged@13
                      ; - java.net.URLClassLoader::findClass@13
                      ; - java.lang.ClassLoader::loadClass@69
                      ; - java.lang.ClassLoader::loadClass@38
  0x000001febabb0dd0: 2c3d a3ff 

  0x000001febabb0dd4: ;   {other}
  0x000001febabb0dd4: 0f1f 8400 | 0000 0000 | 488b d0eb | d248 8bea | ba2f 0000 | 004c 8b54 | 2448 4c89 | 5424 204c 
  0x000001febabb0df4: 8b54 2450 | 4c89 5424 | 484c 8b54 | 2478 4c89 | 5424 584c | 8b54 2468 | 4c89 5424 | 604c 8b54 
  0x000001febabb0e14: 2470 4c89 | 5424 6890 

  0x000001febabb0e1c: ;   {runtime_call UncommonTrapBlob}
  0x000001febabb0e1c: c5f8 77e8 

  0x000001febabb0e20: ; ImmutableOopMap {rbp=Oop [32]=Oop [72]=Oop [88]=Oop [128]=Oop [176]=Oop [184]=Oop }
                      ;*new {reexecute=0 rethrow=0 return_oop=0}
                      ; - java.net.URLClassLoader$1::run@48
                      ; - java.net.URLClassLoader$1::run@1
                      ; - java.security.AccessController::executePrivileged@29
                      ; - java.security.AccessController::doPrivileged@13
                      ; - java.net.URLClassLoader::findClass@13
                      ; - java.lang.ClassLoader::loadClass@69
                      ; - java.lang.ClassLoader::loadClass@38
  0x000001febabb0e20: 5c35 96ff 

  0x000001febabb0e24: ;   {other}
  0x000001febabb0e24: 0f1f 8400 | 0000 0000 

  0x000001febabb0e2c: ;   {metadata('java/lang/RuntimeException')}
  0x000001febabb0e2c: 498b eb48 | baa8 b705 | cdfe 0100 | 0066 6690 

  0x000001febabb0e3c: ;   {runtime_call _new_instance_Java}
  0x000001febabb0e3c: c5f8 77e8 

  0x000001febabb0e40: ; ImmutableOopMap {rbp=Oop [56]=Oop [72]=Oop [80]=Oop [120]=Oop [128]=Oop [152]=Oop [176]=Oop [184]=Oop [212]=NarrowOop [224]=Oop [232]=Oop }
                      ;*new {reexecute=0 rethrow=0 return_oop=1}
                      ; - java.util.jar.JarFile::ensureInitialization@8
                      ; - java.util.jar.JavaUtilJarAccessImpl::ensureInitialization@1
                      ; - jdk.internal.loader.URLClassPath$JarLoader$2::getManifest@10
                      ; - java.net.URLClassLoader::defineClass@34
                      ; - java.net.URLClassLoader$1::run@43
                      ; - java.net.URLClassLoader$1::run@1
                      ; - java.security.AccessController::executePrivileged@29
                      ; - java.security.AccessController::doPrivileged@13
                      ; - java.net.URLClassLoader::findClass@13
                      ; - java.lang.ClassLoader::loadClass@69
                      ; - java.lang.ClassLoader::loadClass@38
  0x000001febabb0e40: 3c82 a2ff 

  0x000001febabb0e44: ;   {other}
  0x000001febabb0e44: 0f1f 8400 | 0000 0000 | e969 fbff | ff4d 8bd3 | 498b ca48 | 8d94 2440 | 0100 004d | 8bc7 c5f8 
  0x000001febabb0e64: 7749 ba80 | d3d4 86f8 | 7f00 0041 

  0x000001febabb0e70: ;   {other}
  0x000001febabb0e70: ffd2 0f1f | 8400 0000 | 0000 e90d 

  0x000001febabb0e7c: ;   {internal_word}
  0x000001febabb0e7c: fcff ff49 | bab1 93ba | bafe 0100 | 004d 8997 | 6804 0000 

  0x000001febabb0e90: ;   {runtime_call SafepointBlob}
  0x000001febabb0e90: e9eb 4596 

  0x000001febabb0e94: ;   {runtime_call StubRoutines (final stubs)}
  0x000001febabb0e94: ffe8 4656 | 94ff e97f | 4fff fff4 
[Stub Code]
  0x000001febabb0ea0: ;   {no_reloc}
  0x000001febabb0ea0: 48bb 0000 | 0000 0000 

  0x000001febabb0ea8: ;   {runtime_call nmethod}
  0x000001febabb0ea8: 0000 e9fb 

  0x000001febabb0eac: ;   {static_stub}
  0x000001febabb0eac: ffff ff48 | bb00 0000 | 0000 0000 

  0x000001febabb0eb8: ;   {runtime_call nmethod}
  0x000001febabb0eb8: 00e9 fbff 

  0x000001febabb0ebc: ;   {static_stub}
  0x000001febabb0ebc: ffff 48bb | 0000 0000 | 0000 0000 

  0x000001febabb0ec8: ;   {runtime_call nmethod}
  0x000001febabb0ec8: e9fb ffff 

  0x000001febabb0ecc: ;   {static_stub}
  0x000001febabb0ecc: ff48 bb00 | 0000 0000 

  0x000001febabb0ed4: ;   {runtime_call nmethod}
  0x000001febabb0ed4: 0000 00e9 | fbff ffff 

  0x000001febabb0edc: ;   {static_stub}
  0x000001febabb0edc: 48bb 0000 | 0000 0000 

  0x000001febabb0ee4: ;   {runtime_call nmethod}
  0x000001febabb0ee4: 0000 e9fb 

  0x000001febabb0ee8: ;   {static_stub}
  0x000001febabb0ee8: ffff ff48 | bb00 0000 | 0000 0000 

  0x000001febabb0ef4: ;   {runtime_call nmethod}
  0x000001febabb0ef4: 00e9 fbff 

  0x000001febabb0ef8: ;   {static_stub}
  0x000001febabb0ef8: ffff 48bb | 0000 0000 | 0000 0000 

  0x000001febabb0f04: ;   {runtime_call nmethod}
  0x000001febabb0f04: e9fb ffff 

  0x000001febabb0f08: ;   {static_stub}
  0x000001febabb0f08: ff48 bb00 | 0000 0000 

  0x000001febabb0f10: ;   {runtime_call nmethod}
  0x000001febabb0f10: 0000 00e9 | fbff ffff 

  0x000001febabb0f18: ;   {static_stub}
  0x000001febabb0f18: 48bb 0000 | 0000 0000 

  0x000001febabb0f20: ;   {runtime_call nmethod}
  0x000001febabb0f20: 0000 e9fb 

  0x000001febabb0f24: ;   {static_stub}
  0x000001febabb0f24: ffff ff48 | bb00 0000 | 0000 0000 

  0x000001febabb0f30: ;   {runtime_call nmethod}
  0x000001febabb0f30: 00e9 fbff 

  0x000001febabb0f34: ;   {static_stub}
  0x000001febabb0f34: ffff 48bb | 0000 0000 | 0000 0000 

  0x000001febabb0f40: ;   {runtime_call nmethod}
  0x000001febabb0f40: e9fb ffff 

  0x000001febabb0f44: ;   {static_stub}
  0x000001febabb0f44: ff48 bb00 | 0000 0000 

  0x000001febabb0f4c: ;   {runtime_call nmethod}
  0x000001febabb0f4c: 0000 00e9 | fbff ffff 

  0x000001febabb0f54: ;   {static_stub}
  0x000001febabb0f54: 48bb 0000 | 0000 0000 

  0x000001febabb0f5c: ;   {runtime_call nmethod}
  0x000001febabb0f5c: 0000 e9fb 

  0x000001febabb0f60: ;   {static_stub}
  0x000001febabb0f60: ffff ff48 | bb00 0000 | 0000 0000 

  0x000001febabb0f6c: ;   {runtime_call nmethod}
  0x000001febabb0f6c: 00e9 fbff 

  0x000001febabb0f70: ;   {static_stub}
  0x000001febabb0f70: ffff 48bb | 0000 0000 | 0000 0000 

  0x000001febabb0f7c: ;   {runtime_call nmethod}
  0x000001febabb0f7c: e9fb ffff 

  0x000001febabb0f80: ;   {static_stub}
  0x000001febabb0f80: ff48 bb00 | 0000 0000 

  0x000001febabb0f88: ;   {runtime_call nmethod}
  0x000001febabb0f88: 0000 00e9 | fbff ffff 

  0x000001febabb0f90: ;   {static_stub}
  0x000001febabb0f90: 48bb 0000 | 0000 0000 

  0x000001febabb0f98: ;   {runtime_call nmethod}
  0x000001febabb0f98: 0000 e9fb 

  0x000001febabb0f9c: ;   {static_stub}
  0x000001febabb0f9c: ffff ff48 | bb00 0000 | 0000 0000 

  0x000001febabb0fa8: ;   {runtime_call nmethod}
  0x000001febabb0fa8: 00e9 fbff 

  0x000001febabb0fac: ;   {static_stub}
  0x000001febabb0fac: ffff 48bb | 0000 0000 | 0000 0000 

  0x000001febabb0fb8: ;   {runtime_call nmethod}
  0x000001febabb0fb8: e9fb ffff 

  0x000001febabb0fbc: ;   {static_stub}
  0x000001febabb0fbc: ff48 bb50 | dc16 cdfe 

  0x000001febabb0fc4: ;   {runtime_call I2C/C2I adapters}
  0x000001febabb0fc4: 0100 00e9 | 1b2c 96ff 

  0x000001febabb0fcc: ;   {static_stub}
  0x000001febabb0fcc: 48bb 0000 | 0000 0000 

  0x000001febabb0fd4: ;   {runtime_call nmethod}
  0x000001febabb0fd4: 0000 e9fb 

  0x000001febabb0fd8: ;   {static_stub}
  0x000001febabb0fd8: ffff ff48 | bb00 0000 | 0000 0000 

  0x000001febabb0fe4: ;   {runtime_call nmethod}
  0x000001febabb0fe4: 00e9 fbff 

  0x000001febabb0fe8: ;   {static_stub}
  0x000001febabb0fe8: ffff 48bb | 0000 0000 | 0000 0000 

  0x000001febabb0ff4: ;   {runtime_call nmethod}
  0x000001febabb0ff4: e9fb ffff 

  0x000001febabb0ff8: ;   {static_stub}
  0x000001febabb0ff8: ff48 bb00 | 0000 0000 

  0x000001febabb1000: ;   {runtime_call nmethod}
  0x000001febabb1000: 0000 00e9 | fbff ffff 

  0x000001febabb1008: ;   {static_stub}
  0x000001febabb1008: 48bb 0000 | 0000 0000 

  0x000001febabb1010: ;   {runtime_call nmethod}
  0x000001febabb1010: 0000 e9fb 

  0x000001febabb1014: ;   {static_stub}
  0x000001febabb1014: ffff ff48 | bb00 0000 | 0000 0000 

  0x000001febabb1020: ;   {runtime_call nmethod}
  0x000001febabb1020: 00e9 fbff 

  0x000001febabb1024: ;   {static_stub}
  0x000001febabb1024: ffff 48bb | 0000 0000 | 0000 0000 

  0x000001febabb1030: ;   {runtime_call nmethod}
  0x000001febabb1030: e9fb ffff 

  0x000001febabb1034: ;   {static_stub}
  0x000001febabb1034: ff48 bb00 | 0000 0000 

  0x000001febabb103c: ;   {runtime_call nmethod}
  0x000001febabb103c: 0000 00e9 | fbff ffff 

  0x000001febabb1044: ;   {static_stub}
  0x000001febabb1044: 48bb 0000 | 0000 0000 

  0x000001febabb104c: ;   {runtime_call nmethod}
  0x000001febabb104c: 0000 e9fb 

  0x000001febabb1050: ;   {static_stub}
  0x000001febabb1050: ffff ff48 | bb00 0000 | 0000 0000 

  0x000001febabb105c: ;   {runtime_call nmethod}
  0x000001febabb105c: 00e9 fbff 

  0x000001febabb1060: ;   {static_stub}
  0x000001febabb1060: ffff 48bb | 0000 0000 | 0000 0000 

  0x000001febabb106c: ;   {runtime_call nmethod}
  0x000001febabb106c: e9fb ffff 

  0x000001febabb1070: ;   {static_stub}
  0x000001febabb1070: ff48 bb00 | 0000 0000 

  0x000001febabb1078: ;   {runtime_call nmethod}
  0x000001febabb1078: 0000 00e9 | fbff ffff 

  0x000001febabb1080: ;   {static_stub}
  0x000001febabb1080: 48bb 0000 | 0000 0000 

  0x000001febabb1088: ;   {runtime_call nmethod}
  0x000001febabb1088: 0000 e9fb 

  0x000001febabb108c: ;   {static_stub}
  0x000001febabb108c: ffff ff48 | bb00 0000 | 0000 0000 

  0x000001febabb1098: ;   {runtime_call nmethod}
  0x000001febabb1098: 00e9 fbff 

  0x000001febabb109c: ;   {static_stub}
  0x000001febabb109c: ffff 48bb | 0000 0000 | 0000 0000 

  0x000001febabb10a8: ;   {runtime_call nmethod}
  0x000001febabb10a8: e9fb ffff 

  0x000001febabb10ac: ;   {static_stub}
  0x000001febabb10ac: ff48 bb00 | 0000 0000 

  0x000001febabb10b4: ;   {runtime_call nmethod}
  0x000001febabb10b4: 0000 00e9 | fbff ffff 

  0x000001febabb10bc: ;   {static_stub}
  0x000001febabb10bc: 48bb 0000 | 0000 0000 

  0x000001febabb10c4: ;   {runtime_call nmethod}
  0x000001febabb10c4: 0000 e9fb 

  0x000001febabb10c8: ;   {static_stub}
  0x000001febabb10c8: ffff ff48 | bb00 0000 | 0000 0000 

  0x000001febabb10d4: ;   {runtime_call nmethod}
  0x000001febabb10d4: 00e9 fbff 

  0x000001febabb10d8: ;   {static_stub}
  0x000001febabb10d8: ffff 48bb | 0000 0000 | 0000 0000 

  0x000001febabb10e4: ;   {runtime_call nmethod}
  0x000001febabb10e4: e9fb ffff 

  0x000001febabb10e8: ;   {static_stub}
  0x000001febabb10e8: ff48 bb00 | 0000 0000 

  0x000001febabb10f0: ;   {runtime_call nmethod}
  0x000001febabb10f0: 0000 00e9 | fbff ffff 

  0x000001febabb10f8: ;   {static_stub}
  0x000001febabb10f8: 48bb 88f2 | 04cd fe01 

  0x000001febabb1100: ;   {runtime_call I2C/C2I adapters}
  0x000001febabb1100: 0000 e964 

  0x000001febabb1104: ;   {static_stub}
  0x000001febabb1104: 9d95 ff48 | bb00 0000 | 0000 0000 

  0x000001febabb1110: ;   {runtime_call nmethod}
  0x000001febabb1110: 00e9 fbff 

  0x000001febabb1114: ;   {static_stub}
  0x000001febabb1114: ffff 48bb | 0000 0000 | 0000 0000 

  0x000001febabb1120: ;   {runtime_call nmethod}
  0x000001febabb1120: e9fb ffff 

  0x000001febabb1124: ;   {static_stub}
  0x000001febabb1124: ff48 bb00 | 0000 0000 

  0x000001febabb112c: ;   {runtime_call nmethod}
  0x000001febabb112c: 0000 00e9 | fbff ffff 

  0x000001febabb1134: ;   {static_stub}
  0x000001febabb1134: 48bb 0000 | 0000 0000 

  0x000001febabb113c: ;   {runtime_call nmethod}
  0x000001febabb113c: 0000 e9fb 

  0x000001febabb1140: ;   {static_stub}
  0x000001febabb1140: ffff ff48 | bb00 0000 | 0000 0000 

  0x000001febabb114c: ;   {runtime_call nmethod}
  0x000001febabb114c: 00e9 fbff 

  0x000001febabb1150: ;   {static_stub}
  0x000001febabb1150: ffff 48bb | 0000 0000 | 0000 0000 

  0x000001febabb115c: ;   {runtime_call nmethod}
  0x000001febabb115c: e9fb ffff 

  0x000001febabb1160: ;   {static_stub}
  0x000001febabb1160: ff48 bb00 | 0000 0000 

  0x000001febabb1168: ;   {runtime_call nmethod}
  0x000001febabb1168: 0000 00e9 | fbff ffff 
[Exception Handler]
  0x000001febabb1170: ;   {runtime_call ExceptionBlob}
  0x000001febabb1170: e90b 42a2 | ffe8 0000 | 0000 4883 

  0x000001febabb117c: ;   {runtime_call DeoptimizationBlob}
  0x000001febabb117c: 2c24 05e9 | 9c35 96ff | f4f4 f4f4 
[/MachCode]


Compiled method (c2) 5722 3449       4       java.lang.ClassLoader::loadClass (7 bytes)
 total in heap  [0x000001febac4f610,0x000001febac4f8b8] = 680
 relocation     [0x000001febac4f770,0x000001febac4f790] = 32
 main code      [0x000001febac4f7a0,0x000001febac4f838] = 152
 stub code      [0x000001febac4f838,0x000001febac4f850] = 24
 metadata       [0x000001febac4f850,0x000001febac4f858] = 8
 scopes data    [0x000001febac4f858,0x000001febac4f868] = 16
 scopes pcs     [0x000001febac4f868,0x000001febac4f898] = 48
 dependencies   [0x000001febac4f898,0x000001febac4f8a0] = 8
 handler table  [0x000001febac4f8a0,0x000001febac4f8b8] = 24

[Constant Pool (empty)]

[MachCode]
[Entry Point]
  # {method} {0x000001fecd0143f0} 'loadClass' '(Ljava/lang/String;)Ljava/lang/Class;' in 'java/lang/ClassLoader'
  # this:     rdx:rdx   = 'java/lang/ClassLoader'
  # parm0:    r8:r8     = 'java/lang/String'
  #           [sp+0x20]  (sp of caller)
  0x000001febac4f7a0: 448b 5208 | 49bb 0000 | 00cd fe01 | 0000 4d03 | d349 3bc2 

  0x000001febac4f7b4: ;   {runtime_call ic_miss_stub}
  0x000001febac4f7b4: 0f85 c6ef | 8bff 6690 | 0f1f 4000 
[Verified Entry Point]
  0x000001febac4f7c0: 8984 2400 | 80ff ff55 | 4883 ec10 | 4181 7f20 | 0300 0000 | 0f85 5000 | 0000 4533 | c948 b808 
  0x000001febac4f7e0: 3a00 cefe 

  0x000001febac4f7e4: ;   {virtual_call}
  0x000001febac4f7e4: 0100 00e8 

  0x000001febac4f7e8: ; ImmutableOopMap {}
                      ;*invokevirtual loadClass {reexecute=0 rethrow=0 return_oop=1}
                      ; - java.lang.ClassLoader::loadClass@3
  0x000001febac4f7e8: f465 f5ff 

  0x000001febac4f7ec: ;   {other}
  0x000001febac4f7ec: 0f1f 8400 | dc01 0000 | 4883 c410 

  0x000001febac4f7f8: ;   {poll_return}
  0x000001febac4f7f8: 5d49 3ba7 | 5004 0000 | 0f87 0e00 | 0000 c348 | 8bd0 4883 

  0x000001febac4f80c: ;   {runtime_call _rethrow_Java}
  0x000001febac4f80c: c410 5de9 | ec52 99ff 

  0x000001febac4f814: ;   {internal_word}
  0x000001febac4f814: 49ba f9f7 | c4ba fe01 | 0000 4d89 | 9768 0400 

  0x000001febac4f824: ;   {runtime_call SafepointBlob}
  0x000001febac4f824: 00e9 565c 

  0x000001febac4f828: ;   {runtime_call StubRoutines (final stubs)}
  0x000001febac4f828: 8cff e8b1 | 6c8a ffe9 | a6ff ffff | f4f4 f4f4 
[Exception Handler]
  0x000001febac4f838: ;   {no_reloc}
  0x000001febac4f838: e943 5b98 | ffe8 0000 | 0000 4883 

  0x000001febac4f844: ;   {runtime_call DeoptimizationBlob}
  0x000001febac4f844: 2c24 05e9 | d44e 8cff | f4f4 f4f4 
[/MachCode]


---------------  P R O C E S S  ---------------

Threads class SMR info:
_java_thread_list=0x000001ff15833cb0, length=28, elements={
0x000001feafd8f0f0, 0x000001fecc701120, 0x000001fecc701c80, 0x000001fecc707ee0,
0x000001fecc70a950, 0x000001fecc70bf20, 0x000001fecc70cab0, 0x000001fecc7110a0,
0x000001fecc70ebf0, 0x000001feccbfb950, 0x000001feccbe2e50, 0x000001ff136bf450,
0x000001ff12994500, 0x000001ff1387f7e0, 0x000001ff13864b10, 0x000001ff13729c10,
0x000001ff13791e50, 0x000001ff1378ee40, 0x000001ff13a238f0, 0x000001ff13a23f80,
0x000001ff13a25330, 0x000001ff13a259c0, 0x000001ff13a22bd0, 0x000001ff13a23260,
0x000001ff13a24610, 0x000001ff13a24ca0, 0x000001ff1554a6d0, 0x000001ff15548c90
}

Java Threads: ( => current thread )
  0x000001feafd8f0f0 JavaThread "main"                              [_thread_blocked, id=17044, stack(0x0000003579500000,0x0000003579600000) (1024K)]
  0x000001fecc701120 JavaThread "Reference Handler"          daemon [_thread_blocked, id=8124, stack(0x0000003579d00000,0x0000003579e00000) (1024K)]
  0x000001fecc701c80 JavaThread "Finalizer"                  daemon [_thread_blocked, id=15324, stack(0x0000003579e00000,0x0000003579f00000) (1024K)]
  0x000001fecc707ee0 JavaThread "Signal Dispatcher"          daemon [_thread_blocked, id=8668, stack(0x0000003579f00000,0x000000357a000000) (1024K)]
  0x000001fecc70a950 JavaThread "Attach Listener"            daemon [_thread_blocked, id=7804, stack(0x000000357a000000,0x000000357a100000) (1024K)]
  0x000001fecc70bf20 JavaThread "Service Thread"             daemon [_thread_blocked, id=18620, stack(0x000000357a100000,0x000000357a200000) (1024K)]
  0x000001fecc70cab0 JavaThread "Monitor Deflation Thread"   daemon [_thread_blocked, id=8912, stack(0x000000357a200000,0x000000357a300000) (1024K)]
  0x000001fecc7110a0 JavaThread "C2 CompilerThread0"         daemon [_thread_blocked, id=13212, stack(0x000000357a300000,0x000000357a400000) (1024K)]
  0x000001fecc70ebf0 JavaThread "C1 CompilerThread0"         daemon [_thread_blocked, id=13720, stack(0x000000357a400000,0x000000357a500000) (1024K)]
  0x000001feccbfb950 JavaThread "Common-Cleaner"             daemon [_thread_blocked, id=10956, stack(0x000000357a500000,0x000000357a600000) (1024K)]
  0x000001feccbe2e50 JavaThread "Notification Thread"        daemon [_thread_blocked, id=19548, stack(0x000000357a600000,0x000000357a700000) (1024K)]
  0x000001ff136bf450 JavaThread "Daemon health stats"               [_thread_blocked, id=13232, stack(0x000000357a700000,0x000000357a800000) (1024K)]
  0x000001ff12994500 JavaThread "Incoming local TCP Connector on port 62972"        [_thread_in_native, id=8820, stack(0x000000357b000000,0x000000357b100000) (1024K)]
  0x000001ff1387f7e0 JavaThread "Daemon periodic checks"            [_thread_blocked, id=7620, stack(0x000000357b100000,0x000000357b200000) (1024K)]
  0x000001ff13864b10 JavaThread "Daemon"                            [_thread_blocked, id=13016, stack(0x000000357aa00000,0x000000357ab00000) (1024K)]
  0x000001ff13729c10 JavaThread "Handler for socket connection from /127.0.0.1:62972 to /127.0.0.1:62973"        [_thread_in_native, id=16236, stack(0x000000357b200000,0x000000357b300000) (1024K)]
  0x000001ff13791e50 JavaThread "Cancel handler"                    [_thread_blocked, id=19076, stack(0x000000357b300000,0x000000357b400000) (1024K)]
=>0x000001ff1378ee40 JavaThread "Daemon worker"                     [_thread_in_vm, id=13092, stack(0x000000357b400000,0x000000357b500000) (1024K)]
  0x000001ff13a238f0 JavaThread "Asynchronous log dispatcher for DefaultDaemonConnection: socket connection from /127.0.0.1:62972 to /127.0.0.1:62973"        [_thread_blocked, id=4040, stack(0x000000357b500000,0x000000357b600000) (1024K)]
  0x000001ff13a23f80 JavaThread "Stdin handler"                     [_thread_blocked, id=13200, stack(0x000000357b600000,0x000000357b700000) (1024K)]
  0x000001ff13a25330 JavaThread "Daemon client event forwarder"        [_thread_blocked, id=11200, stack(0x000000357b700000,0x000000357b800000) (1024K)]
  0x000001ff13a259c0 JavaThread "Cache worker for journal cache (C:\Users\siddi\.gradle\caches\journal-1)"        [_thread_blocked, id=16600, stack(0x000000357b900000,0x000000357ba00000) (1024K)]
  0x000001ff13a22bd0 JavaThread "File lock request listener"        [_thread_in_native, id=17780, stack(0x000000357ba00000,0x000000357bb00000) (1024K)]
  0x000001ff13a23260 JavaThread "Cache worker for file hash cache (C:\Users\siddi\.gradle\caches\8.12\fileHashes)"        [_thread_blocked, id=17508, stack(0x000000357bb00000,0x000000357bc00000) (1024K)]
  0x000001ff13a24610 JavaThread "Cache worker for file hash cache (A:\dci-institute\android\.gradle\8.12\fileHashes)"        [_thread_blocked, id=17460, stack(0x000000357c000000,0x000000357c100000) (1024K)]
  0x000001ff13a24ca0 JavaThread "Cache worker for Build Output Cleanup Cache (A:\dci-institute\android\.gradle\buildOutputCleanup)"        [_thread_blocked, id=5996, stack(0x000000357c100000,0x000000357c200000) (1024K)]
  0x000001ff1554a6d0 JavaThread "File watcher server"        daemon [_thread_in_native, id=9720, stack(0x000000357c200000,0x000000357c300000) (1024K)]
  0x000001ff15548c90 JavaThread "File watcher consumer"      daemon [_thread_blocked, id=17912, stack(0x000000357c300000,0x000000357c400000) (1024K)]
Total: 28

Other Threads:
  0x000001fecc6e5960 VMThread "VM Thread"                           [id=19676, stack(0x0000003579c00000,0x0000003579d00000) (1024K)]
  0x000001fecc6d5e30 WatcherThread "VM Periodic Task Thread"        [id=5628, stack(0x0000003579b00000,0x0000003579c00000) (1024K)]
  0x000001feafe14960 WorkerThread "GC Thread#0"                     [id=18924, stack(0x0000003579600000,0x0000003579700000) (1024K)]
  0x000001feccca7930 WorkerThread "GC Thread#1"                     [id=18020, stack(0x000000357a800000,0x000000357a900000) (1024K)]
  0x000001ff120800b0 WorkerThread "GC Thread#2"                     [id=12388, stack(0x000000357a900000,0x000000357aa00000) (1024K)]
  0x000001ff12a85370 WorkerThread "GC Thread#3"                     [id=16836, stack(0x000000357ab00000,0x000000357ac00000) (1024K)]
  0x000001ff12720d70 WorkerThread "GC Thread#4"                     [id=16544, stack(0x000000357ac00000,0x000000357ad00000) (1024K)]
  0x000001ff131537e0 WorkerThread "GC Thread#5"                     [id=10080, stack(0x000000357ad00000,0x000000357ae00000) (1024K)]
  0x000001ff135d6550 WorkerThread "GC Thread#6"                     [id=8316, stack(0x000000357ae00000,0x000000357af00000) (1024K)]
  0x000001ff1305d9e0 WorkerThread "GC Thread#7"                     [id=1844, stack(0x000000357af00000,0x000000357b000000) (1024K)]
  0x000001ff13755680 WorkerThread "GC Thread#8"                     [id=19736, stack(0x000000357bc00000,0x000000357bd00000) (1024K)]
  0x000001ff13755de0 WorkerThread "GC Thread#9"                     [id=15756, stack(0x000000357bd00000,0x000000357be00000) (1024K)]
  0x000001feafe23880 ConcurrentGCThread "G1 Main Marker"            [id=11272, stack(0x0000003579700000,0x0000003579800000) (1024K)]
  0x000001feafe24ab0 WorkerThread "G1 Conc#0"                       [id=13188, stack(0x0000003579800000,0x0000003579900000) (1024K)]
  0x000001ff13cc53b0 WorkerThread "G1 Conc#1"                       [id=15492, stack(0x000000357be00000,0x000000357bf00000) (1024K)]
  0x000001ff13cc5ec0 WorkerThread "G1 Conc#2"                       [id=18124, stack(0x000000357bf00000,0x000000357c000000) (1024K)]
  0x000001fecc5a7110 ConcurrentGCThread "G1 Refine#0"               [id=17676, stack(0x0000003579900000,0x0000003579a00000) (1024K)]
  0x000001fecc5a7ba0 ConcurrentGCThread "G1 Service"                [id=4548, stack(0x0000003579a00000,0x0000003579b00000) (1024K)]
Total: 18

Threads with active compile tasks:
Total: 0

VM state: not at safepoint (normal execution)

VM Mutex/Monitor currently owned by a thread: None

Heap address: 0x0000000680000000, size: 6144 MB, Compressed Oops mode: Zero based, Oop shift amount: 3

CDS archive(s) mapped at: [0x000001fecd000000-0x000001fecdba0000-0x000001fecdba0000), size 12189696, SharedBaseAddress: 0x000001fecd000000, ArchiveRelocationMode: 1.
Compressed class space mapped at: 0x000001fece000000-0x000001ff0e000000, reserved size: 1073741824
Narrow klass base: 0x000001fecd000000, Narrow klass shift: 0, Narrow klass range: 0x100000000

GC Precious Log:
 CardTable entry size: 512
 Card Set container configuration: InlinePtr #cards 4 size 8 Array Of Cards #cards 32 size 80 Howl #buckets 8 coarsen threshold 7372 Howl Bitmap #cards 1024 size 144 coarsen threshold 921 Card regions per heap region 1 cards per card region 8192
 CPUs: 12 total, 12 available
 Memory: 7934M
 Large Page Support: Disabled
 NUMA Support: Disabled
 Compressed Oops: Enabled (Zero based)
 Heap Region Size: 4M
 Heap Min Capacity: 8M
 Heap Initial Capacity: 124M
 Heap Max Capacity: 6G
 Pre-touch: Disabled
 Parallel Workers: 10
 Concurrent Workers: 3
 Concurrent Refinement Workers: 10
 Periodic GC: Disabled

Heap:
 garbage-first heap   total 98304K, used 74118K [0x0000000680000000, 0x0000000800000000)
  region size 4096K, 15 young (61440K), 2 survivors (8192K)
 Metaspace       used 28249K, committed 29184K, reserved 1114112K
  class space    used 4172K, committed 4608K, reserved 1048576K

Heap Regions: E=young(eden), S=young(survivor), O=old, HS=humongous(starts), HC=humongous(continues), CS=collection set, F=free, TAMS=top-at-mark-start, PB=parsable bottom
|   0|0x0000000680000000, 0x0000000680400000, 0x0000000680400000|100%|HS|  |TAMS 0x0000000680000000| PB 0x0000000680000000| Complete 
|   1|0x0000000680400000, 0x0000000680800000, 0x0000000680800000|100%| O|  |TAMS 0x0000000680400000| PB 0x0000000680400000| Untracked 
|   2|0x0000000680800000, 0x0000000680c00000, 0x0000000680c00000|100%| O|  |TAMS 0x0000000680800000| PB 0x0000000680800000| Untracked 
|   3|0x0000000680c00000, 0x0000000681000000, 0x0000000681000000|100%| O|  |TAMS 0x0000000680c00000| PB 0x0000000680c00000| Untracked 
|   4|0x0000000681000000, 0x0000000681189a60, 0x0000000681400000| 38%| O|Cm|TAMS 0x0000000681000000| PB 0x0000000681000000| Complete 
|   5|0x0000000681400000, 0x0000000681400000, 0x0000000681800000|  0%| F|  |TAMS 0x0000000681400000| PB 0x0000000681400000| Untracked 
|   6|0x0000000681800000, 0x0000000681800000, 0x0000000681c00000|  0%| F|  |TAMS 0x0000000681800000| PB 0x0000000681800000| Untracked 
|   7|0x0000000681c00000, 0x0000000681c00000, 0x0000000682000000|  0%| F|  |TAMS 0x0000000681c00000| PB 0x0000000681c00000| Untracked 
|   8|0x0000000682000000, 0x0000000682000000, 0x0000000682400000|  0%| F|  |TAMS 0x0000000682000000| PB 0x0000000682000000| Untracked 
|   9|0x0000000682400000, 0x00000006824bd058, 0x0000000682800000| 18%| E|  |TAMS 0x0000000682400000| PB 0x0000000682400000| Complete 
|  10|0x0000000682800000, 0x0000000682c00000, 0x0000000682c00000|100%| E|CS|TAMS 0x0000000682800000| PB 0x0000000682800000| Complete 
|  11|0x0000000682c00000, 0x0000000683000000, 0x0000000683000000|100%| E|CS|TAMS 0x0000000682c00000| PB 0x0000000682c00000| Complete 
|  12|0x0000000683000000, 0x0000000683400000, 0x0000000683400000|100%| E|CS|TAMS 0x0000000683000000| PB 0x0000000683000000| Complete 
|  13|0x0000000683400000, 0x0000000683800000, 0x0000000683800000|100%| E|CS|TAMS 0x0000000683400000| PB 0x0000000683400000| Complete 
|  14|0x0000000683800000, 0x0000000683c00000, 0x0000000683c00000|100%| E|CS|TAMS 0x0000000683800000| PB 0x0000000683800000| Complete 
|  15|0x0000000683c00000, 0x0000000684000000, 0x0000000684000000|100%| E|CS|TAMS 0x0000000683c00000| PB 0x0000000683c00000| Complete 
|  16|0x0000000684000000, 0x0000000684400000, 0x0000000684400000|100%| E|CS|TAMS 0x0000000684000000| PB 0x0000000684000000| Complete 
|  17|0x0000000684400000, 0x0000000684800000, 0x0000000684800000|100%| E|CS|TAMS 0x0000000684400000| PB 0x0000000684400000| Complete 
|  18|0x0000000684800000, 0x0000000684c00000, 0x0000000684c00000|100%| E|CS|TAMS 0x0000000684800000| PB 0x0000000684800000| Complete 
|  19|0x0000000684c00000, 0x0000000685000000, 0x0000000685000000|100%| E|CS|TAMS 0x0000000684c00000| PB 0x0000000684c00000| Complete 
|  20|0x0000000685000000, 0x0000000685400000, 0x0000000685400000|100%| E|CS|TAMS 0x0000000685000000| PB 0x0000000685000000| Complete 
|  22|0x0000000685800000, 0x0000000685ad7f80, 0x0000000685c00000| 71%| S|CS|TAMS 0x0000000685800000| PB 0x0000000685800000| Complete 
|  23|0x0000000685c00000, 0x0000000686000000, 0x0000000686000000|100%| S|CS|TAMS 0x0000000685c00000| PB 0x0000000685c00000| Complete 
|  30|0x0000000687800000, 0x0000000687c00000, 0x0000000687c00000|100%| E|CS|TAMS 0x0000000687800000| PB 0x0000000687800000| Complete 

Card table byte_map: [0x000001fec30f0000,0x000001fec3cf0000] _byte_map_base: 0x000001febfcf0000

Marking Bits: (CMBitMap*) 0x000001feafe15f90
 Bits: [0x000001fec3cf0000, 0x000001fec9cf0000)

Polling page: 0x000001feadc00000

Metaspace:

Usage:
  Non-class:     23.51 MB used.
      Class:      4.07 MB used.
       Both:     27.59 MB used.

Virtual space:
  Non-class space:       64.00 MB reserved,      24.00 MB ( 38%) committed,  1 nodes.
      Class space:        1.00 GB reserved,       4.50 MB ( <1%) committed,  1 nodes.
             Both:        1.06 GB reserved,      28.50 MB (  3%) committed. 

Chunk freelists:
   Non-Class:  7.64 MB
       Class:  11.33 MB
        Both:  18.97 MB

MaxMetaspaceSize: unlimited
CompressedClassSpaceSize: 1.00 GB
Initial GC threshold: 21.00 MB
Current GC threshold: 35.25 MB
CDS: on
 - commit_granule_bytes: 65536.
 - commit_granule_words: 8192.
 - virtual_space_node_default_size: 8388608.
 - enlarge_chunks_in_place: 1.
 - use_allocation_guard: 0.


Internal statistics:

num_allocs_failed_limit: 3.
num_arena_births: 1512.
num_arena_deaths: 0.
num_vsnodes_births: 2.
num_vsnodes_deaths: 0.
num_space_committed: 456.
num_space_uncommitted: 0.
num_chunks_returned_to_freelist: 3.
num_chunks_taken_from_freelist: 2730.
num_chunk_merges: 3.
num_chunk_splits: 1777.
num_chunks_enlarged: 1155.
num_inconsistent_stats: 0.

CodeHeap 'non-profiled nmethods': size=120000Kb used=2063Kb max_used=2063Kb free=117936Kb
 bounds [0x000001febaa60000, 0x000001febacd0000, 0x000001fec1f90000]
CodeHeap 'profiled nmethods': size=120000Kb used=7144Kb max_used=7144Kb free=112855Kb
 bounds [0x000001feb2f90000, 0x000001feb3690000, 0x000001feba4c0000]
CodeHeap 'non-nmethods': size=5760Kb used=1434Kb max_used=1470Kb free=4325Kb
 bounds [0x000001feba4c0000, 0x000001feba730000, 0x000001febaa60000]
CodeCache: size=245760Kb, used=10641Kb, max_used=10677Kb, free=235116Kb
 total_blobs=4181, nmethods=3593, adapters=492, full_count=0
Compilation: enabled, stopped_count=0, restarted_count=0

Compilation events (20 events):
Event: 4.853 Thread 0x000001fecc70ebf0 3582       3       org.codehaus.groovy.reflection.ParameterTypes::getParameterTypes (16 bytes)
Event: 4.853 Thread 0x000001fecc70ebf0 nmethod 3582 0x000001feb3686e10 code [0x000001feb3686fc0, 0x000001feb3687150]
Event: 4.857 Thread 0x000001ff1392d640 3583       4       java.nio.DirectIntBufferU::ix (10 bytes)
Event: 4.857 Thread 0x000001fecc70ebf0 3584       3       jdk.internal.jimage.ImageLocation::verifyName (161 bytes)
Event: 4.857 Thread 0x000001ff1392d640 nmethod 3583 0x000001febac62310 code [0x000001febac624a0, 0x000001febac62530]
Event: 4.859 Thread 0x000001fecc70ebf0 nmethod 3584 0x000001feb3687210 code [0x000001feb3687560, 0x000001feb3688ac8]
Event: 4.860 Thread 0x000001fecc70ebf0 3586       1       java.util.logging.LogManager$LoggerContext::getOwner (5 bytes)
Event: 4.860 Thread 0x000001fecc70ebf0 nmethod 3586 0x000001febac62a10 code [0x000001febac62ba0, 0x000001febac62c70]
Event: 4.860 Thread 0x000001ff1392d640 3587       4       java.lang.StringConcatHelper::newArray (40 bytes)
Event: 4.862 Thread 0x000001ff1392d640 nmethod 3587 0x000001febac62d10 code [0x000001febac62ea0, 0x000001febac62fd8]
Event: 4.890 Thread 0x000001fecc70ebf0 3588       3       java.util.concurrent.locks.LockSupport::setBlocker (12 bytes)
Event: 4.891 Thread 0x000001fecc70ebf0 nmethod 3588 0x000001feb3689410 code [0x000001feb36895c0, 0x000001feb36897c8]
Event: 4.968 Thread 0x000001fecc7110a0 3589       4       java.lang.Thread::interrupted (7 bytes)
Event: 4.970 Thread 0x000001fecc7110a0 nmethod 3589 0x000001febac63090 code [0x000001febac63220, 0x000001febac632b8]
Event: 4.999 Thread 0x000001fecc70ebf0 3590       1       jdk.internal.event.ThreadSleepEvent::isEnabled (2 bytes)
Event: 4.999 Thread 0x000001fecc70ebf0 nmethod 3590 0x000001febac63790 code [0x000001febac63920, 0x000001febac639e8]
Event: 4.999 Thread 0x000001fecc70ebf0 3592       1       org.gradle.launcher.daemon.server.exec.DaemonConnectionBackedEventConsumer::access$000 (5 bytes)
Event: 5.000 Thread 0x000001fecc70ebf0 nmethod 3592 0x000001febac63a90 code [0x000001febac63c20, 0x000001febac63cd0]
Event: 5.373 Thread 0x000001fecc70ebf0 3593       3       java.util.stream.ReduceOps$3ReducingSink::accept (15 bytes)
Event: 5.375 Thread 0x000001fecc70ebf0 nmethod 3593 0x000001feb3689890 code [0x000001feb3689a40, 0x000001feb3689c30]

GC Heap History (10 events):
Event: 0.331 GC heap before
{Heap before GC invocations=0 (full 0):
 garbage-first heap   total 126976K, used 20480K [0x0000000680000000, 0x0000000800000000)
  region size 4096K, 5 young (20480K), 0 survivors (0K)
 Metaspace       used 855K, committed 1024K, reserved 1114112K
  class space    used 71K, committed 128K, reserved 1048576K
}
Event: 0.334 GC heap after
{Heap after GC invocations=1 (full 0):
 garbage-first heap   total 126976K, used 1600K [0x0000000680000000, 0x0000000800000000)
  region size 4096K, 1 young (4096K), 1 survivors (4096K)
 Metaspace       used 855K, committed 1024K, reserved 1114112K
  class space    used 71K, committed 128K, reserved 1048576K
}
Event: 1.538 GC heap before
{Heap before GC invocations=1 (full 0):
 garbage-first heap   total 126976K, used 46656K [0x0000000680000000, 0x0000000800000000)
  region size 4096K, 11 young (45056K), 1 survivors (4096K)
 Metaspace       used 4349K, committed 4480K, reserved 1114112K
  class space    used 557K, committed 640K, reserved 1048576K
}
Event: 1.544 GC heap after
{Heap after GC invocations=2 (full 0):
 garbage-first heap   total 126976K, used 11828K [0x0000000680000000, 0x0000000800000000)
  region size 4096K, 2 young (8192K), 2 survivors (8192K)
 Metaspace       used 4349K, committed 4480K, reserved 1114112K
  class space    used 557K, committed 640K, reserved 1048576K
}
Event: 2.172 GC heap before
{Heap before GC invocations=2 (full 0):
 garbage-first heap   total 126976K, used 52788K [0x0000000680000000, 0x0000000800000000)
  region size 4096K, 13 young (53248K), 2 survivors (8192K)
 Metaspace       used 5829K, committed 6080K, reserved 1114112K
  class space    used 785K, committed 896K, reserved 1048576K
}
Event: 2.185 GC heap after
{Heap after GC invocations=3 (full 0):
 garbage-first heap   total 126976K, used 18524K [0x0000000680000000, 0x0000000800000000)
  region size 4096K, 2 young (8192K), 2 survivors (8192K)
 Metaspace       used 5829K, committed 6080K, reserved 1114112K
  class space    used 785K, committed 896K, reserved 1048576K
}
Event: 3.902 GC heap before
{Heap before GC invocations=3 (full 0):
 garbage-first heap   total 126976K, used 84060K [0x0000000680000000, 0x0000000800000000)
  region size 4096K, 18 young (73728K), 2 survivors (8192K)
 Metaspace       used 17634K, committed 18176K, reserved 1114112K
  class space    used 2538K, committed 2752K, reserved 1048576K
}
Event: 3.911 GC heap after
{Heap after GC invocations=4 (full 0):
 garbage-first heap   total 126976K, used 23306K [0x0000000680000000, 0x0000000800000000)
  region size 4096K, 3 young (12288K), 3 survivors (12288K)
 Metaspace       used 17634K, committed 18176K, reserved 1114112K
  class space    used 2538K, committed 2752K, reserved 1048576K
}
Event: 4.241 GC heap before
{Heap before GC invocations=4 (full 0):
 garbage-first heap   total 126976K, used 47882K [0x0000000680000000, 0x0000000800000000)
  region size 4096K, 10 young (40960K), 3 survivors (12288K)
 Metaspace       used 20875K, committed 21504K, reserved 1114112K
  class space    used 3106K, committed 3392K, reserved 1048576K
}
Event: 4.247 GC heap after
{Heap after GC invocations=5 (full 0):
 garbage-first heap   total 126976K, used 24966K [0x0000000680000000, 0x0000000800000000)
  region size 4096K, 2 young (8192K), 2 survivors (8192K)
 Metaspace       used 20875K, committed 21504K, reserved 1114112K
  class space    used 3106K, committed 3392K, reserved 1048576K
}

Dll operation events (15 events):
Event: 0.018 Loaded shared library C:\Users\siddi\.vscode\extensions\redhat.java-1.55.0-win32-x64\jre\21.0.11-win32-x86_64\bin\java.dll
Event: 0.168 Loaded shared library C:\Users\siddi\.vscode\extensions\redhat.java-1.55.0-win32-x64\jre\21.0.11-win32-x86_64\bin\zip.dll
Event: 0.188 Loaded shared library C:\Users\siddi\.vscode\extensions\redhat.java-1.55.0-win32-x64\jre\21.0.11-win32-x86_64\bin\instrument.dll
Event: 0.193 Loaded shared library C:\Users\siddi\.vscode\extensions\redhat.java-1.55.0-win32-x64\jre\21.0.11-win32-x86_64\bin\net.dll
Event: 0.198 Loaded shared library C:\Users\siddi\.vscode\extensions\redhat.java-1.55.0-win32-x64\jre\21.0.11-win32-x86_64\bin\nio.dll
Event: 0.200 Loaded shared library C:\Users\siddi\.vscode\extensions\redhat.java-1.55.0-win32-x64\jre\21.0.11-win32-x86_64\bin\zip.dll
Event: 0.336 Loaded shared library C:\Users\siddi\.vscode\extensions\redhat.java-1.55.0-win32-x64\jre\21.0.11-win32-x86_64\bin\jimage.dll
Event: 0.427 Loaded shared library C:\Users\siddi\.vscode\extensions\redhat.java-1.55.0-win32-x64\jre\21.0.11-win32-x86_64\bin\verify.dll
Event: 0.536 Loaded shared library C:\Users\siddi\.gradle\native\1def1411415f61bf3af743bc5b6707747c0891f09f0c88961ee8f79bc544acac\windows-amd64\native-platform.dll
Event: 1.240 Loaded shared library C:\Users\siddi\.gradle\native\0.2.5\x86_64-windows-gnu\gradle-fileevents.dll
Event: 2.244 Loaded shared library C:\Users\siddi\.vscode\extensions\redhat.java-1.55.0-win32-x64\jre\21.0.11-win32-x86_64\bin\management.dll
Event: 2.264 Loaded shared library C:\Users\siddi\.vscode\extensions\redhat.java-1.55.0-win32-x64\jre\21.0.11-win32-x86_64\bin\management_ext.dll
Event: 2.595 Loaded shared library C:\Users\siddi\.vscode\extensions\redhat.java-1.55.0-win32-x64\jre\21.0.11-win32-x86_64\bin\extnet.dll
Event: 2.767 Loaded shared library C:\Users\siddi\.vscode\extensions\redhat.java-1.55.0-win32-x64\jre\21.0.11-win32-x86_64\bin\sunmscapi.dll
Event: 3.691 Loaded shared library C:\Users\siddi\AppData\Local\Temp\native-platform14956690244586757058dir\gradle-fileevents.dll

Deoptimization events (20 events):
Event: 4.767 Thread 0x000001ff1378ee40 DEOPT PACKING pc=0x000001febac220b0 sp=0x000000357b4f0e70
Event: 4.767 Thread 0x000001ff1378ee40 DEOPT UNPACKING pc=0x000001feba514422 sp=0x000000357b4f0e10 mode 2
Event: 4.767 Thread 0x000001ff1378ee40 Uncommon trap: trap_request=0xffffff45 fr.pc=0x000001febac30f10 relative=0x0000000000000970
Event: 4.767 Thread 0x000001ff1378ee40 Uncommon trap: reason=unstable_if action=reinterpret pc=0x000001febac30f10 method=jdk.internal.org.objectweb.asm.MethodWriter.visitInsn(I)V @ 24 c2
Event: 4.767 Thread 0x000001ff1378ee40 DEOPT PACKING pc=0x000001febac30f10 sp=0x000000357b4f0e60
Event: 4.767 Thread 0x000001ff1378ee40 DEOPT UNPACKING pc=0x000001feba514422 sp=0x000000357b4f0e48 mode 2
Event: 4.769 Thread 0x000001ff1378ee40 Uncommon trap: trap_request=0xffffff45 fr.pc=0x000001febabc6224 relative=0x0000000000000ca4
Event: 4.769 Thread 0x000001ff1378ee40 Uncommon trap: reason=unstable_if action=reinterpret pc=0x000001febabc6224 method=java.lang.invoke.LambdaForm.useCount(Ljava/lang/invoke/LambdaForm$Name;)I @ 8 c2
Event: 4.769 Thread 0x000001ff1378ee40 DEOPT PACKING pc=0x000001febabc6224 sp=0x000000357b4f6700
Event: 4.769 Thread 0x000001ff1378ee40 DEOPT UNPACKING pc=0x000001feba514422 sp=0x000000357b4f65d0 mode 2
Event: 4.858 Thread 0x000001ff1378ee40 DEOPT PACKING pc=0x000001feb34040c9 sp=0x000000357b4f8bd0
Event: 4.858 Thread 0x000001ff1378ee40 DEOPT UNPACKING pc=0x000001feba514bc2 sp=0x000000357b4f80d0 mode 0
Event: 4.858 Thread 0x000001ff1378ee40 Uncommon trap: trap_request=0xffffff45 fr.pc=0x000001febab0b1c0 relative=0x00000000000005a0
Event: 4.858 Thread 0x000001ff1378ee40 Uncommon trap: reason=unstable_if action=reinterpret pc=0x000001febab0b1c0 method=java.util.Properties$LineReader.readLine()I @ 95 c2
Event: 4.858 Thread 0x000001ff1378ee40 DEOPT PACKING pc=0x000001febab0b1c0 sp=0x000000357b4f8fa0
Event: 4.858 Thread 0x000001ff1378ee40 DEOPT UNPACKING pc=0x000001feba514422 sp=0x000000357b4f8f48 mode 2
Event: 4.860 Thread 0x000001ff1378ee40 Uncommon trap: trap_request=0xffffffc6 fr.pc=0x000001febab34830 relative=0x0000000000000a50
Event: 4.860 Thread 0x000001ff1378ee40 Uncommon trap: reason=bimorphic_or_optimized_type_check action=maybe_recompile pc=0x000001febab34830 method=java.util.regex.Pattern$BmpCharProperty.match(Ljava/util/regex/Matcher;ILjava/lang/CharSequence;)Z @ 19 c2
Event: 4.860 Thread 0x000001ff1378ee40 DEOPT PACKING pc=0x000001febab34830 sp=0x000000357b4f8c90
Event: 4.860 Thread 0x000001ff1378ee40 DEOPT UNPACKING pc=0x000001feba514422 sp=0x000000357b4f8bd8 mode 2

Classes loaded (20 events):
Event: 4.814 Loading class java/util/function/LongPredicate done
Event: 4.814 Loading class java/util/function/DoublePredicate
Event: 4.814 Loading class java/util/function/DoublePredicate done
Event: 4.814 Loading class java/util/function/DoubleFunction
Event: 4.814 Loading class java/util/function/DoubleFunction done
Event: 4.816 Loading class java/util/concurrent/Future$State
Event: 4.816 Loading class java/util/concurrent/Future$State done
Event: 4.817 Loading class java/lang/constant/ClassDesc
Event: 4.851 Loading class java/lang/constant/ClassDesc done
Event: 4.851 Loading class java/lang/Enum$EnumDesc
Event: 4.851 Loading class java/lang/constant/DynamicConstantDesc
Event: 4.852 Loading class java/lang/constant/DynamicConstantDesc done
Event: 4.852 Loading class java/lang/Enum$EnumDesc done
Event: 4.855 Loading class java/util/ResourceBundle$CacheKey
Event: 4.855 Loading class java/util/ResourceBundle$CacheKey done
Event: 4.860 Loading class java/lang/UnsupportedClassVersionError
Event: 4.860 Loading class java/lang/UnsupportedClassVersionError done
Event: 4.862 Loading class javax/swing/ListModel
Event: 4.864 Loading class javax/swing/ListModel done
Event: 4.864 Loading class javax/swing/tree/MutableTreeNode

Classes unloaded (0 events):
No events

Classes redefined (0 events):
No events

Internal exceptions (20 events):
Event: 4.530 Thread 0x000001ff1378ee40 Exception <a 'java/lang/NoSuchMethodError'{0x00000006846b3180}: 'java.lang.Object java.lang.invoke.DirectMethodHandle$Holder.newInvokeSpecial(java.lang.Object, java.lang.Object, java.lang.Object, int)'> (0x00000006846b3180) 
thrown [s\src\hotspot\share\interpreter\linkResolver.cpp, line 773]
Event: 4.531 Thread 0x000001ff1378ee40 Exception <a 'java/lang/NoSuchMethodError'{0x00000006846b75a8}: 'java.lang.Object java.lang.invoke.DirectMethodHandle$Holder.invokeSpecial(java.lang.Object, java.lang.Object, java.lang.Object, java.lang.Object, int)'> (0x00000006846b75a8) 
thrown [s\src\hotspot\share\interpreter\linkResolver.cpp, line 773]
Event: 4.531 Thread 0x000001ff1378ee40 Exception <a 'java/lang/NoSuchMethodError'{0x00000006846bb408}: 'java.lang.Object java.lang.invoke.Invokers$Holder.linkToTargetMethod(java.lang.Object, java.lang.Object, int, java.lang.Object)'> (0x00000006846bb408) 
thrown [s\src\hotspot\share\interpreter\linkResolver.cpp, line 773]
Event: 4.533 Thread 0x000001ff1378ee40 Exception <a 'java/lang/NoSuchMethodError'{0x00000006846d5428}: 'java.lang.Object java.lang.invoke.DirectMethodHandle$Holder.invokeStatic(java.lang.Object, java.lang.Object, int, java.lang.Object)'> (0x00000006846d5428) 
thrown [s\src\hotspot\share\interpreter\linkResolver.cpp, line 773]
Event: 4.566 Thread 0x000001ff1378ee40 Exception <a 'java/lang/NoSuchMethodError'{0x00000006840fef78}: 'void java.lang.invoke.DirectMethodHandle$Holder.invokeStaticInit(java.lang.Object, java.lang.Object, java.lang.Object, java.lang.Object)'> (0x00000006840fef78) 
thrown [s\src\hotspot\share\interpreter\linkResolver.cpp, line 773]
Event: 4.612 Thread 0x000001ff1378ee40 Exception <a 'java/lang/NoSuchMethodError'{0x0000000683e3aa30}: 'void java.lang.invoke.DirectMethodHandle$Holder.invokeInterface(java.lang.Object, java.lang.Object, java.lang.Object, java.lang.Object, java.lang.Object)'> (0x0000000683e3aa30) 
thrown [s\src\hotspot\share\interpreter\linkResolver.cpp, line 773]
Event: 4.617 Thread 0x000001ff1378ee40 Exception <a 'java/lang/NoSuchMethodError'{0x0000000683e8e1c0}: 'void java.lang.invoke.DirectMethodHandle$Holder.invokeStatic(java.lang.Object, java.lang.Object, java.lang.Object, java.lang.Object, java.lang.Object, java.lang.Object)'> (0x0000000683e8e1c0) 
thrown [s\src\hotspot\share\interpreter\linkResolver.cpp, line 773]
Event: 4.689 Thread 0x000001ff1378ee40 Exception <a 'java/lang/NoSuchMethodError'{0x00000006835eaca8}: 'java.lang.Object java.lang.invoke.DirectMethodHandle$Holder.newInvokeSpecial(java.lang.Object, java.lang.Object, java.lang.Object, java.lang.Object, java.lang.Object, java.lang.Object, java.lang.Object, java.lang.Object, java.lang.Object)'> (0x00000006835eaca8) 
thrown [s\src\hotspot\share\interpreter\linkResolver.cpp, line 773]
Event: 4.714 Thread 0x000001ff1378ee40 Implicit null exception at 0x000001febaaf9342 to 0x000001febaaf95c8
Event: 4.727 Thread 0x000001ff1378ee40 Exception <a 'java/lang/NoSuchMethodError'{0x000000068319df20}: 'java.lang.Object java.lang.invoke.DirectMethodHandle$Holder.newInvokeSpecial(java.lang.Object, java.lang.Object, int, int)'> (0x000000068319df20) 
thrown [s\src\hotspot\share\interpreter\linkResolver.cpp, line 773]
Event: 4.729 Thread 0x000001ff1378ee40 Exception <a 'java/lang/NoSuchMethodError'{0x00000006831d7690}: 'void java.lang.invoke.DirectMethodHandle$Holder.invokeSpecial(java.lang.Object, java.lang.Object, int)'> (0x00000006831d7690) 
thrown [s\src\hotspot\share\interpreter\linkResolver.cpp, line 773]
Event: 4.729 Thread 0x000001ff1378ee40 Exception <a 'java/lang/NoSuchMethodError'{0x00000006831db980}: 'void java.lang.invoke.Invokers$Holder.invokeExact_MT(java.lang.Object, int, java.lang.Object)'> (0x00000006831db980) 
thrown [s\src\hotspot\share\interpreter\linkResolver.cpp, line 773]
Event: 4.767 Thread 0x000001ff1378ee40 Implicit null exception at 0x000001febab898c7 to 0x000001febab89e00
Event: 4.767 Thread 0x000001ff1378ee40 Implicit null exception at 0x000001febac21d26 to 0x000001febac220a4
Event: 4.767 Thread 0x000001ff1378ee40 Implicit null exception at 0x000001febac30639 to 0x000001febac30f00
Event: 4.767 Thread 0x000001ff1378ee40 Exception <a 'java/lang/NoSuchMethodError'{0x0000000682eb75f8}: 'java.lang.reflect.Method[] java.lang.Class.getDeclaredMethods(java.lang.Class)'> (0x0000000682eb75f8) 
thrown [s\src\hotspot\share\interpreter\linkResolver.cpp, line 773]
Event: 4.775 Thread 0x000001ff1378ee40 Exception <a 'java/lang/NoSuchMethodError'{0x0000000682f17c90}: 'java.lang.Object java.lang.invoke.DirectMethodHandle$Holder.invokeStaticInit(java.lang.Object, java.lang.Object, java.lang.Object)'> (0x0000000682f17c90) 
thrown [s\src\hotspot\share\interpreter\linkResolver.cpp, line 773]
Event: 4.783 Thread 0x000001ff1378ee40 Exception <a 'java/lang/NoSuchMethodError'{0x0000000682ff78f8}: 'void java.lang.invoke.DirectMethodHandle$Holder.invokeStaticInit(java.lang.Object, java.lang.Object, java.lang.Object)'> (0x0000000682ff78f8) 
thrown [s\src\hotspot\share\interpreter\linkResolver.cpp, line 773]
Event: 4.785 Thread 0x000001ff1378ee40 Exception <a 'java/lang/NoSuchMethodError'{0x000000068281bcd0}: 'void java.lang.invoke.DirectMethodHandle$Holder.invokeStaticInit(java.lang.Object, java.lang.Object, java.lang.Object, java.lang.Object, java.lang.Object)'> (0x000000068281bcd0) 
thrown [s\src\hotspot\share\interpreter\linkResolver.cpp, line 773]
Event: 4.790 Thread 0x000001ff1378ee40 Exception <a 'java/lang/NoSuchMethodError'{0x0000000682874228}: 'int java.lang.invoke.DirectMethodHandle$Holder.invokeStaticInit(java.lang.Object, java.lang.Object, java.lang.Object, java.lang.Object)'> (0x0000000682874228) 
thrown [s\src\hotspot\share\interpreter\linkResolver.cpp, line 773]

ZGC Phase Switch (0 events):
No events

VM Operations (20 events):
Event: 3.782 Executing non-safepoint VM operation: HandshakeAllThreads (Deoptimize)
Event: 3.782 Executing non-safepoint VM operation: HandshakeAllThreads (Deoptimize) done
Event: 3.783 Executing non-safepoint VM operation: HandshakeAllThreads (Deoptimize)
Event: 3.783 Executing non-safepoint VM operation: HandshakeAllThreads (Deoptimize) done
Event: 3.902 Executing safepoint VM operation: G1CollectForAllocation (G1 Evacuation Pause)
Event: 3.912 Executing safepoint VM operation: G1CollectForAllocation (G1 Evacuation Pause) done
Event: 4.240 Executing safepoint VM operation: CollectForMetadataAllocation (Metadata GC Threshold)
Event: 4.247 Executing safepoint VM operation: CollectForMetadataAllocation (Metadata GC Threshold) done
Event: 4.253 Executing safepoint VM operation: G1PauseRemark
Event: 4.255 Executing safepoint VM operation: G1PauseRemark done
Event: 4.256 Executing safepoint VM operation: G1PauseCleanup
Event: 4.257 Executing safepoint VM operation: G1PauseCleanup done
Event: 4.598 Executing non-safepoint VM operation: HandshakeAllThreads (Deoptimize)
Event: 4.598 Executing non-safepoint VM operation: HandshakeAllThreads (Deoptimize) done
Event: 4.715 Executing non-safepoint VM operation: HandshakeAllThreads (Deoptimize)
Event: 4.715 Executing non-safepoint VM operation: HandshakeAllThreads (Deoptimize) done
Event: 4.762 Executing non-safepoint VM operation: HandshakeAllThreads (Deoptimize)
Event: 4.762 Executing non-safepoint VM operation: HandshakeAllThreads (Deoptimize) done
Event: 4.772 Executing safepoint VM operation: ICBufferFull
Event: 4.773 Executing safepoint VM operation: ICBufferFull done

Memory protections (0 events):
No events

Nmethod flushes (0 events):
No events

Events (20 events):
Event: 2.705 Thread 0x000001feafd8f0f0 Thread added: 0x000001ff1387f7e0
Event: 2.824 Thread 0x000001ff12790ce0 Thread exited: 0x000001ff12790ce0
Event: 2.876 Thread 0x000001ff12994500 Thread added: 0x000001ff13864b10
Event: 2.879 Thread 0x000001ff13864b10 Thread added: 0x000001ff13729c10
Event: 2.980 Thread 0x000001ff13864b10 Thread added: 0x000001ff13791e50
Event: 2.987 Thread 0x000001ff13864b10 Thread added: 0x000001ff1378ee40
Event: 2.999 Thread 0x000001ff1378ee40 Thread added: 0x000001ff13a238f0
Event: 3.005 Thread 0x000001ff1378ee40 Thread added: 0x000001ff13a23f80
Event: 3.006 Thread 0x000001ff1378ee40 Thread added: 0x000001ff13a25330
Event: 3.361 Thread 0x000001fecc7110a0 Thread added: 0x000001ff1392d640
Event: 3.444 Thread 0x000001ff1378ee40 Thread added: 0x000001ff13a259c0
Event: 3.456 Thread 0x000001ff1378ee40 Thread added: 0x000001ff13a22bd0
Event: 3.497 Thread 0x000001ff1378ee40 Thread added: 0x000001ff13a23260
Event: 4.273 Thread 0x000001ff1378ee40 Thread added: 0x000001ff13a24610
Event: 4.281 Thread 0x000001ff1378ee40 Thread added: 0x000001ff13a24ca0
Event: 4.449 Thread 0x000001ff1378ee40 Thread added: 0x000001ff1554a6d0
Event: 4.452 Thread 0x000001ff1378ee40 Thread added: 0x000001ff15548c90
Event: 4.788 Thread 0x000001fecc70ebf0 Thread added: 0x000001ff154c7ec0
Event: 4.968 Thread 0x000001ff154c7ec0 Thread exited: 0x000001ff154c7ec0
Event: 4.968 Thread 0x000001ff1392d640 Thread exited: 0x000001ff1392d640


Dynamic libraries:
0x00007ff6ef0e0000 - 0x00007ff6ef0ee000 	C:\Users\siddi\.vscode\extensions\redhat.java-1.55.0-win32-x64\jre\21.0.11-win32-x86_64\bin\java.exe
0x00007ff8f4540000 - 0x00007ff8f47a8000 	C:\WINDOWS\SYSTEM32\ntdll.dll
0x00007ff8f3c30000 - 0x00007ff8f3cf9000 	C:\WINDOWS\System32\KERNEL32.DLL
0x00007ff8f1f10000 - 0x00007ff8f2302000 	C:\WINDOWS\System32\KERNELBASE.dll
0x00007ff8f1d10000 - 0x00007ff8f1e5b000 	C:\WINDOWS\System32\ucrtbase.dll
0x00007ff8c7f00000 - 0x00007ff8c7f18000 	C:\Users\siddi\.vscode\extensions\redhat.java-1.55.0-win32-x64\jre\21.0.11-win32-x86_64\bin\jli.dll
0x00007ff8ce130000 - 0x00007ff8ce14e000 	C:\Users\siddi\.vscode\extensions\redhat.java-1.55.0-win32-x64\jre\21.0.11-win32-x86_64\bin\VCRUNTIME140.dll
0x00007ff8f2a00000 - 0x00007ff8f2bc5000 	C:\WINDOWS\System32\USER32.dll
0x00007ff8f07e0000 - 0x00007ff8f0a73000 	C:\WINDOWS\WinSxS\amd64_microsoft.windows.common-controls_6595b64144ccf1df_6.0.26100.6899_none_3e0efeeae32e88c1\COMCTL32.dll
0x00007ff8f1a80000 - 0x00007ff8f1aa7000 	C:\WINDOWS\System32\win32u.dll
0x00007ff8f3d80000 - 0x00007ff8f3e29000 	C:\WINDOWS\System32\msvcrt.dll
0x00007ff8f26a0000 - 0x00007ff8f26cb000 	C:\WINDOWS\System32\GDI32.dll
0x00007ff8f1ab0000 - 0x00007ff8f1bdd000 	C:\WINDOWS\System32\gdi32full.dll
0x00007ff8f1e60000 - 0x00007ff8f1f03000 	C:\WINDOWS\System32\msvcp_win.dll
0x00007ff8f3ea0000 - 0x00007ff8f3ecf000 	C:\WINDOWS\System32\IMM32.DLL
0x00007ff8e1610000 - 0x00007ff8e161c000 	C:\Users\siddi\.vscode\extensions\redhat.java-1.55.0-win32-x64\jre\21.0.11-win32-x86_64\bin\vcruntime140_1.dll
0x00007ff891c70000 - 0x00007ff891cfd000 	C:\Users\siddi\.vscode\extensions\redhat.java-1.55.0-win32-x64\jre\21.0.11-win32-x86_64\bin\msvcp140.dll
0x00007ff886610000 - 0x00007ff8873b2000 	C:\Users\siddi\.vscode\extensions\redhat.java-1.55.0-win32-x64\jre\21.0.11-win32-x86_64\bin\server\jvm.dll
0x00007ff8f41a0000 - 0x00007ff8f4254000 	C:\WINDOWS\System32\ADVAPI32.dll
0x00007ff8f3ee0000 - 0x00007ff8f3f86000 	C:\WINDOWS\System32\sechost.dll
0x00007ff8f4300000 - 0x00007ff8f4418000 	C:\WINDOWS\System32\RPCRT4.dll
0x00007ff8f3d00000 - 0x00007ff8f3d74000 	C:\WINDOWS\System32\WS2_32.dll
0x00007ff8e1a20000 - 0x00007ff8e1a2b000 	C:\WINDOWS\SYSTEM32\VERSION.dll
0x00007ff8f1550000 - 0x00007ff8f15ae000 	C:\WINDOWS\SYSTEM32\POWRPROF.dll
0x00007ff8e1cf0000 - 0x00007ff8e1d25000 	C:\WINDOWS\SYSTEM32\WINMM.dll
0x00007ff8f1530000 - 0x00007ff8f1544000 	C:\WINDOWS\SYSTEM32\UMPDC.dll
0x00007ff8efb70000 - 0x00007ff8efb8b000 	C:\WINDOWS\SYSTEM32\kernel.appcore.dll
0x00007ff8d5c70000 - 0x00007ff8d5c7a000 	C:\Users\siddi\.vscode\extensions\redhat.java-1.55.0-win32-x64\jre\21.0.11-win32-x86_64\bin\jimage.dll
0x00007ff8f0e90000 - 0x00007ff8f10d2000 	C:\WINDOWS\SYSTEM32\DBGHELP.DLL
0x00007ff8f38b0000 - 0x00007ff8f3c2b000 	C:\WINDOWS\System32\combase.dll
0x00007ff8f2920000 - 0x00007ff8f29f7000 	C:\WINDOWS\System32\OLEAUT32.dll
0x00007ff8f0bc0000 - 0x00007ff8f0bfc000 	C:\WINDOWS\SYSTEM32\dbgcore.DLL
0x00007ff8f1be0000 - 0x00007ff8f1c78000 	C:\WINDOWS\System32\bcryptPrimitives.dll
0x00007ff8d5c30000 - 0x00007ff8d5c3f000 	C:\Users\siddi\.vscode\extensions\redhat.java-1.55.0-win32-x64\jre\21.0.11-win32-x86_64\bin\instrument.dll
0x00007ff8c7ec0000 - 0x00007ff8c7ee0000 	C:\Users\siddi\.vscode\extensions\redhat.java-1.55.0-win32-x64\jre\21.0.11-win32-x86_64\bin\java.dll
0x00007ff8f3160000 - 0x00007ff8f38ad000 	C:\WINDOWS\System32\SHELL32.dll
0x00007ff8f1790000 - 0x00007ff8f18fb000 	C:\WINDOWS\System32\wintypes.dll
0x00007ff8ee8c0000 - 0x00007ff8ef11d000 	C:\WINDOWS\SYSTEM32\windows.storage.dll
0x00007ff8f2bd0000 - 0x00007ff8f2cc2000 	C:\WINDOWS\System32\SHCORE.dll
0x00007ff8f3e30000 - 0x00007ff8f3e92000 	C:\WINDOWS\System32\shlwapi.dll
0x00007ff8f15c0000 - 0x00007ff8f15e9000 	C:\WINDOWS\SYSTEM32\profapi.dll
0x00007ff8c6c00000 - 0x00007ff8c6c18000 	C:\Users\siddi\.vscode\extensions\redhat.java-1.55.0-win32-x64\jre\21.0.11-win32-x86_64\bin\zip.dll
0x00007ff8d1630000 - 0x00007ff8d1640000 	C:\Users\siddi\.vscode\extensions\redhat.java-1.55.0-win32-x64\jre\21.0.11-win32-x86_64\bin\net.dll
0x00007ff8e7d00000 - 0x00007ff8e7e1f000 	C:\WINDOWS\SYSTEM32\WINHTTP.dll
0x00007ff8f02b0000 - 0x00007ff8f031b000 	C:\WINDOWS\system32\mswsock.dll
0x00007ff8c6be0000 - 0x00007ff8c6bf6000 	C:\Users\siddi\.vscode\extensions\redhat.java-1.55.0-win32-x64\jre\21.0.11-win32-x86_64\bin\nio.dll
0x00007ff8c7eb0000 - 0x00007ff8c7ec0000 	C:\Users\siddi\.vscode\extensions\redhat.java-1.55.0-win32-x64\jre\21.0.11-win32-x86_64\bin\verify.dll
0x00007ff88e600000 - 0x00007ff88e627000 	C:\Users\siddi\.gradle\native\1def1411415f61bf3af743bc5b6707747c0891f09f0c88961ee8f79bc544acac\windows-amd64\native-platform.dll
0x0000000057120000 - 0x0000000057193000 	C:\Users\siddi\.gradle\native\0.2.5\x86_64-windows-gnu\gradle-fileevents.dll
0x00007ff8c6bc0000 - 0x00007ff8c6bca000 	C:\Users\siddi\.vscode\extensions\redhat.java-1.55.0-win32-x64\jre\21.0.11-win32-x86_64\bin\management.dll
0x00007ff8c6b70000 - 0x00007ff8c6b7c000 	C:\Users\siddi\.vscode\extensions\redhat.java-1.55.0-win32-x64\jre\21.0.11-win32-x86_64\bin\management_ext.dll
0x00007ff8f4260000 - 0x00007ff8f4268000 	C:\WINDOWS\System32\PSAPI.DLL
0x00007ff8f1200000 - 0x00007ff8f121b000 	C:\WINDOWS\SYSTEM32\CRYPTSP.dll
0x00007ff8efc90000 - 0x00007ff8efccb000 	C:\WINDOWS\system32\rsaenh.dll
0x00007ff8f0350000 - 0x00007ff8f037b000 	C:\WINDOWS\SYSTEM32\USERENV.dll
0x00007ff8f15f0000 - 0x00007ff8f1616000 	C:\WINDOWS\SYSTEM32\bcrypt.dll
0x00007ff8f0690000 - 0x00007ff8f069c000 	C:\WINDOWS\SYSTEM32\CRYPTBASE.dll
0x00007ff8ef5d0000 - 0x00007ff8ef604000 	C:\WINDOWS\SYSTEM32\IPHLPAPI.DLL
0x00007ff8f2360000 - 0x00007ff8f236a000 	C:\WINDOWS\System32\NSI.dll
0x00007ff8c6f00000 - 0x00007ff8c6f09000 	C:\Users\siddi\.vscode\extensions\redhat.java-1.55.0-win32-x64\jre\21.0.11-win32-x86_64\bin\extnet.dll
0x00007ff8c7c00000 - 0x00007ff8c7c0e000 	C:\Users\siddi\.vscode\extensions\redhat.java-1.55.0-win32-x64\jre\21.0.11-win32-x86_64\bin\sunmscapi.dll
0x00007ff8f1900000 - 0x00007ff8f1a77000 	C:\WINDOWS\System32\CRYPT32.dll
0x00007ff8f07a0000 - 0x00007ff8f07d0000 	C:\WINDOWS\SYSTEM32\ncrypt.dll
0x00007ff8f0750000 - 0x00007ff8f078f000 	C:\WINDOWS\SYSTEM32\NTASN1.dll
0x00007ff8d5ab0000 - 0x00007ff8d5ab8000 	C:\WINDOWS\system32\wshunix.dll
0x0000000057020000 - 0x0000000057093000 	C:\Users\siddi\AppData\Local\Temp\native-platform14956690244586757058dir\gradle-fileevents.dll

JVMTI agents:
C:\Users\siddi\.gradle\wrapper\dists\gradle-8.12-all\ejduaidbjup3bmmkhw3rie4zb\gradle-8.12\lib\agents\gradle-instrumentation-agent-8.12.jar path:C:\Users\siddi\.vscode\extensions\redhat.java-1.55.0-win32-x64\jre\21.0.11-win32-x86_64\bin\instrument.dll, loaded, initialized, instrumentlib options:none

dbghelp: loaded successfully - version: 4.0.5 - missing functions: none
symbol engine: initialized successfully - sym options: 0x614 - pdb path: .;C:\Users\siddi\.vscode\extensions\redhat.java-1.55.0-win32-x64\jre\21.0.11-win32-x86_64\bin;C:\WINDOWS\SYSTEM32;C:\WINDOWS\WinSxS\amd64_microsoft.windows.common-controls_6595b64144ccf1df_6.0.26100.6899_none_3e0efeeae32e88c1;C:\Users\siddi\.vscode\extensions\redhat.java-1.55.0-win32-x64\jre\21.0.11-win32-x86_64\bin\server;C:\Users\siddi\.gradle\native\1def1411415f61bf3af743bc5b6707747c0891f09f0c88961ee8f79bc544acac\windows-amd64;C:\Users\siddi\.gradle\native\0.2.5\x86_64-windows-gnu;C:\Users\siddi\AppData\Local\Temp\native-platform14956690244586757058dir

VM Arguments:
jvm_args: --add-opens=java.base/java.lang=ALL-UNNAMED --add-opens=java.base/java.lang.invoke=ALL-UNNAMED --add-opens=java.base/java.util=ALL-UNNAMED --add-opens=java.prefs/java.util.prefs=ALL-UNNAMED --add-exports=jdk.compiler/com.sun.tools.javac.api=ALL-UNNAMED --add-exports=jdk.compiler/com.sun.tools.javac.util=ALL-UNNAMED --add-opens=java.base/java.util=ALL-UNNAMED --add-opens=java.prefs/java.util.prefs=ALL-UNNAMED --add-opens=java.base/java.nio.charset=ALL-UNNAMED --add-opens=java.base/java.net=ALL-UNNAMED --add-opens=java.base/java.util.concurrent.atomic=ALL-UNNAMED --add-opens=java.xml/javax.xml.namespace=ALL-UNNAMED -Xmx6144m -Dfile.encoding=UTF-8 -Duser.country=IN -Duser.language=en -Duser.variant -javaagent:C:\Users\siddi\.gradle\wrapper\dists\gradle-8.12-all\ejduaidbjup3bmmkhw3rie4zb\gradle-8.12\lib\agents\gradle-instrumentation-agent-8.12.jar 
java_command: org.gradle.launcher.daemon.bootstrap.GradleDaemon 8.12
java_class_path (initial): C:\Users\siddi\.gradle\wrapper\dists\gradle-8.12-all\ejduaidbjup3bmmkhw3rie4zb\gradle-8.12\lib\gradle-daemon-main-8.12.jar
Launcher Type: SUN_STANDARD

[Global flags]
     intx CICompilerCount                          = 4                                         {product} {ergonomic}
     uint ConcGCThreads                            = 3                                         {product} {ergonomic}
     uint G1ConcRefinementThreads                  = 10                                        {product} {ergonomic}
   size_t G1HeapRegionSize                         = 4194304                                   {product} {ergonomic}
    uintx GCDrainStackTargetSize                   = 64                                        {product} {ergonomic}
   size_t InitialHeapSize                          = 130023424                                 {product} {ergonomic}
   size_t MarkStackSize                            = 4194304                                   {product} {ergonomic}
   size_t MaxHeapSize                              = 6442450944                                {product} {command line}
   size_t MaxNewSize                               = 3862953984                                {product} {ergonomic}
   size_t MinHeapDeltaBytes                        = 4194304                                   {product} {ergonomic}
   size_t MinHeapSize                              = 8388608                                   {product} {ergonomic}
    uintx NonNMethodCodeHeapSize                   = 5839372                                {pd product} {ergonomic}
    uintx NonProfiledCodeHeapSize                  = 122909434                              {pd product} {ergonomic}
    uintx ProfiledCodeHeapSize                     = 122909434                              {pd product} {ergonomic}
    uintx ReservedCodeCacheSize                    = 251658240                              {pd product} {ergonomic}
     bool SegmentedCodeCache                       = true                                      {product} {ergonomic}
   size_t SoftMaxHeapSize                          = 6442450944                             {manageable} {ergonomic}
     bool UseCompressedOops                        = true                           {product lp64_product} {ergonomic}
     bool UseG1GC                                  = true                                      {product} {ergonomic}
     bool UseLargePagesIndividualAllocation        = false                                  {pd product} {ergonomic}

Logging:
Log output configuration:
 #0: stdout all=warning uptime,level,tags foldmultilines=false
 #1: stderr all=off uptime,level,tags foldmultilines=false

Release file:
JAVA_VERSION="21.0.11" 
MODULES="java.base java.compiler java.datatransfer java.xml java.prefs java.desktop java.instrument java.logging java.management java.security.sasl java.naming java.rmi java.management.rmi java.net.http java.scripting java.security.jgss java.transaction.xa java.sql java.sql.rowset java.xml.crypto java.se java.smartcardio jdk.accessibility jdk.internal.jvmstat jdk.attach jdk.charsets jdk.internal.opt jdk.zipfs jdk.compiler jdk.crypto.ec jdk.crypto.cryptoki jdk.crypto.mscapi jdk.dynalink jdk.internal.ed jdk.editpad jdk.hotspot.agent jdk.httpserver jdk.internal.le jdk.internal.vm.ci jdk.internal.vm.compiler jdk.internal.vm.compiler.management jdk.jartool jdk.javadoc jdk.jcmd jdk.management jdk.management.agent jdk.jconsole jdk.jdeps jdk.jdwp.agent jdk.jdi jdk.jfr jdk.jshell jdk.jsobject jdk.jstatd jdk.localedata jdk.management.jfr jdk.naming.dns jdk.naming.rmi jdk.net jdk.nio.mapmode jdk.random jdk.sctp jdk.security.auth jdk.security.jgss jdk.unsupported jdk.unsupported.desktop jdk.xml.dom" 

Environment Variables:
JAVA_HOME=C:\Program Files\Java\jdk-1.8\bin\
PATH=C:\Program Files (x86)\Common Files\Oracle\Java\java8path;C:\Program Files (x86)\Common Files\Oracle\Java\javapath;C:\Python313\Scripts\;C:\Python313\;C:\WINDOWS\system32;C:\WINDOWS;C:\WINDOWS\System32\Wbem;C:\WINDOWS\System32\WindowsPowerShell\v1.0\;C:\WINDOWS\System32\OpenSSH\;C:\Users\Administrator\AppData\Local\Microsoft\WindowsApps;C:\Recovery\OEM\Backup\;C:\Recovery\OEM\Backup;C:\Program Files\nodejs\;C:\ProgramData\chocolatey\bin;C:\Program Files\Git\cmd;C:\WINDOWS\system32;C:\WINDOWS;C:\WINDOWS\System32\Wbem;C:\WINDOWS\System32\WindowsPowerShell\v1.0\;C:\WINDOWS\System32\OpenSSH\;C:\Users\siddi\AppData\Local\Microsoft\WindowsApps;C:\Users\siddi\AppData\Local\Programs\Microsoft VS Code\bin;C:\Users\siddi\AppData\Local\GitHubDesktop\bin;C:\Users\siddi\AppData\Roaming\npm;C:\Program Files\Java\jdk-1.8\bin\;C:\Users\siddi\flutter\bin;C:\Users\siddi\flutter\bin;C:\ProgramData\siddi\GitHubDesktop\bin
USERNAME=siddi
OS=Windows_NT
PROCESSOR_IDENTIFIER=Intel64 Family 6 Model 154 Stepping 4, GenuineIntel
TMP=C:\Users\siddi\AppData\Local\Temp
TEMP=C:\Users\siddi\AppData\Local\Temp




Periodic native trim disabled

---------------  S Y S T E M  ---------------

OS:
 Windows 11 , 64 bit Build 26100 (10.0.26100.6725)
OS uptime: 0 days 1:09 hours

CPU: total 12 (initial active 12) (6 cores per cpu, 2 threads per core) family 6 model 154 stepping 4 microcode 0x41d, cx8, cmov, fxsr, ht, mmx, 3dnowpref, sse, sse2, sse3, ssse3, sse4.1, sse4.2, popcnt, lzcnt, tsc, tscinvbit, avx, avx2, aes, erms, clmul, bmi1, bmi2, adx, sha, fma, vzeroupper, clflush, clflushopt, clwb, serialize, rdtscp, rdpid, fsrm, f16c, pku, cet_ibt, cet_ss
Processor Information for processor 0
  Max Mhz: 1300, Current Mhz: 1300, Mhz Limit: 1300
Processor Information for processor 1
  Max Mhz: 1300, Current Mhz: 1300, Mhz Limit: 1300
Processor Information for processor 2
  Max Mhz: 1300, Current Mhz: 1300, Mhz Limit: 1300
Processor Information for processor 3
  Max Mhz: 1300, Current Mhz: 1300, Mhz Limit: 1300
Processor Information for processor 4
  Max Mhz: 1300, Current Mhz: 900, Mhz Limit: 897
Processor Information for processor 5
  Max Mhz: 1300, Current Mhz: 900, Mhz Limit: 897
Processor Information for processor 6
  Max Mhz: 1300, Current Mhz: 900, Mhz Limit: 897
Processor Information for processor 7
  Max Mhz: 1300, Current Mhz: 900, Mhz Limit: 897
Processor Information for processor 8
  Max Mhz: 1300, Current Mhz: 900, Mhz Limit: 897
Processor Information for processor 9
  Max Mhz: 1300, Current Mhz: 900, Mhz Limit: 897
Processor Information for processor 10
  Max Mhz: 1300, Current Mhz: 900, Mhz Limit: 897
Processor Information for processor 11
  Max Mhz: 1300, Current Mhz: 900, Mhz Limit: 897

Memory: 4k page, system-wide physical 7934M (816M free)
TotalPageFile size 19198M (AvailPageFile size 7565M)
current process WorkingSet (physical memory assigned to process): 187M, peak: 230M
current process commit charge ("private bytes"): 255M, peak: 306M

vm_info: OpenJDK 64-Bit Server VM (21.0.11+10-LTS) for windows-amd64 JRE (21.0.11+10-LTS), built on 2026-04-21T00:00:00Z by "admin" with MS VC++ 17.12 (VS2022)

END.
